{
  "summary": {
    "total_entries": 85,
    "error_cases": 20,
    "evaluated_cases": 65,
    "evaluation_rate": 76.47058823529412
  },
  "test_statistics": {
    "total_tests_run": 303,
    "total_tests_passed": 45,
    "total_tests_failed": 258,
    "overall_success_rate": 14.85148514851485
  },
  "success_breakdown": {
    "all_passed": {
      "count": 2,
      "percentage": 3.076923076923077,
      "task_ids": [
        75,
        893
      ]
    },
    "partial_passed": {
      "count": 15,
      "percentage": 23.076923076923077,
      "task_ids": [
        70,
        468,
        633,
        887,
        1017,
        1026,
        1033,
        1059,
        1084,
        1086,
        1122,
        1264,
        1369,
        1374,
        1405
      ]
    },
    "all_failed": {
      "count": 48,
      "percentage": 73.84615384615385,
      "task_ids": [
        51,
        72,
        77,
        89,
        91,
        116,
        126,
        134,
        340,
        357,
        364,
        439,
        466,
        471,
        476,
        481,
        603,
        614,
        617,
        629,
        677,
        681,
        775,
        790,
        793,
        796,
        810,
        812,
        852,
        855,
        985,
        1042,
        1071,
        1072,
        1118,
        1182,
        1186,
        1189,
        1215,
        1222,
        1226,
        1227,
        1245,
        1249,
        1340,
        1341,
        1343,
        1387
      ]
    }
  }
}