{
  "summary": {
    "total_entries": 85,
    "error_cases": 0,
    "evaluated_cases": 85,
    "evaluation_rate": 100.0
  },
  "test_statistics": {
    "total_tests_run": 290,
    "total_tests_passed": 135,
    "total_tests_failed": 155,
    "overall_success_rate": 46.55172413793103
  },
  "success_breakdown": {
    "all_passed": {
      "count": 17,
      "percentage": 20.0,
      "task_ids": [
        75,
        77,
        148,
        149,
        357,
        466,
        677,
        681,
        775,
        790,
        852,
        882,
        887,
        1215,
        1222,
        1374,
        1405
      ]
    },
    "partial_passed": {
      "count": 25,
      "percentage": 29.411764705882355,
      "task_ids": [
        126,
        144,
        340,
        361,
        364,
        439,
        446,
        463,
        603,
        614,
        617,
        629,
        1017,
        1026,
        1042,
        1059,
        1072,
        1118,
        1160,
        1182,
        1186,
        1245,
        1249,
        1369,
        1395
      ]
    },
    "all_failed": {
      "count": 43,
      "percentage": 50.588235294117645,
      "task_ids": [
        51,
        70,
        72,
        89,
        91,
        116,
        125,
        134,
        139,
        140,
        159,
        172,
        468,
        471,
        476,
        481,
        493,
        633,
        793,
        796,
        810,
        812,
        855,
        893,
        985,
        1033,
        1071,
        1084,
        1086,
        1101,
        1111,
        1122,
        1133,
        1145,
        1189,
        1201,
        1226,
        1227,
        1264,
        1340,
        1341,
        1343,
        1387
      ]
    }
  }
}