{
  "summary": {
    "total_entries": 85,
    "error_cases": 0,
    "evaluated_cases": 85,
    "evaluation_rate": 100.0
  },
  "test_statistics": {
    "total_tests_run": 286,
    "total_tests_passed": 44,
    "total_tests_failed": 242,
    "overall_success_rate": 15.384615384615385
  },
  "success_breakdown": {
    "all_passed": {
      "count": 1,
      "percentage": 1.1764705882352942,
      "task_ids": [
        75
      ]
    },
    "partial_passed": {
      "count": 15,
      "percentage": 17.647058823529413,
      "task_ids": [
        70,
        134,
        446,
        463,
        681,
        893,
        1017,
        1026,
        1042,
        1059,
        1111,
        1122,
        1201,
        1369,
        1405
      ]
    },
    "all_failed": {
      "count": 69,
      "percentage": 81.17647058823529,
      "task_ids": [
        51,
        72,
        77,
        89,
        91,
        116,
        125,
        126,
        139,
        140,
        144,
        148,
        149,
        159,
        172,
        340,
        357,
        361,
        364,
        439,
        466,
        468,
        471,
        476,
        481,
        493,
        603,
        614,
        617,
        629,
        633,
        677,
        775,
        790,
        793,
        796,
        810,
        812,
        852,
        855,
        882,
        887,
        985,
        1033,
        1071,
        1072,
        1084,
        1086,
        1101,
        1118,
        1133,
        1145,
        1160,
        1182,
        1186,
        1189,
        1215,
        1222,
        1226,
        1227,
        1245,
        1249,
        1264,
        1340,
        1341,
        1343,
        1374,
        1387,
        1395
      ]
    }
  }
}