{
  "summary": {
    "total_entries": 85,
    "error_cases": 0,
    "evaluated_cases": 85,
    "evaluation_rate": 100.0
  },
  "test_statistics": {
    "total_tests_run": 275,
    "total_tests_passed": 77,
    "total_tests_failed": 198,
    "overall_success_rate": 28.000000000000004,
    "task_ids_with_0_tests_run": [
      72,
      89,
      91,
      134,
      144,
      148,
      159,
      172,
      340,
      357,
      471,
      614,
      633,
      681,
      793,
      796,
      810,
      812,
      882,
      887,
      1118,
      1122,
      1245,
      1374
    ]
  },
  "success_breakdown": {
    "all_passed": {
      "count": 7,
      "percentage": 8.235294117647058,
      "task_ids": [
        51,
        75,
        77,
        893,
        1059,
        1071,
        1369
      ]
    },
    "partial_passed": {
      "count": 22,
      "percentage": 25.882352941176475,
      "task_ids": [
        70,
        125,
        126,
        364,
        439,
        463,
        493,
        629,
        775,
        790,
        855,
        985,
        1017,
        1133,
        1145,
        1160,
        1186,
        1189,
        1222,
        1249,
        1264,
        1405
      ]
    },
    "all_failed": {
      "count": 56,
      "percentage": 65.88235294117646,
      "task_ids": [
        72,
        89,
        91,
        116,
        134,
        139,
        140,
        144,
        148,
        149,
        159,
        172,
        340,
        357,
        361,
        446,
        466,
        468,
        471,
        476,
        481,
        603,
        614,
        617,
        633,
        677,
        681,
        793,
        796,
        810,
        812,
        852,
        882,
        887,
        1026,
        1033,
        1042,
        1072,
        1084,
        1086,
        1101,
        1111,
        1118,
        1122,
        1182,
        1201,
        1215,
        1226,
        1227,
        1245,
        1340,
        1341,
        1343,
        1374,
        1387,
        1395
      ]
    }
  }
}