{
  "summary": {
    "total_entries": 85,
    "error_cases": 0,
    "evaluated_cases": 85,
    "evaluation_rate": 100.0
  },
  "test_statistics": {
    "total_tests_run": 379,
    "total_tests_passed": 79,
    "total_tests_failed": 300,
    "overall_success_rate": 20.844327176781004,
    "task_ids_with_0_tests_run": [
      148,
      852
    ]
  },
  "success_breakdown": {
    "all_passed": {
      "count": 6,
      "percentage": 7.0588235294117645,
      "task_ids": [
        72,
        75,
        77,
        893,
        1059,
        1369
      ]
    },
    "partial_passed": {
      "count": 25,
      "percentage": 29.411764705882355,
      "task_ids": [
        51,
        70,
        116,
        125,
        126,
        357,
        361,
        364,
        446,
        471,
        476,
        493,
        633,
        775,
        882,
        887,
        1017,
        1026,
        1033,
        1071,
        1160,
        1215,
        1222,
        1264,
        1341
      ]
    },
    "all_failed": {
      "count": 54,
      "percentage": 63.52941176470588,
      "task_ids": [
        89,
        91,
        134,
        139,
        140,
        144,
        148,
        149,
        159,
        172,
        340,
        439,
        463,
        466,
        468,
        481,
        603,
        614,
        617,
        629,
        677,
        681,
        790,
        793,
        796,
        810,
        812,
        852,
        855,
        985,
        1042,
        1072,
        1084,
        1086,
        1101,
        1111,
        1118,
        1122,
        1133,
        1145,
        1182,
        1186,
        1189,
        1201,
        1226,
        1227,
        1245,
        1249,
        1340,
        1343,
        1374,
        1387,
        1395,
        1405
      ]
    }
  }
}