{
  "summary": {
    "total_entries": 85,
    "error_cases": 0,
    "evaluated_cases": 85,
    "evaluation_rate": 100.0
  },
  "test_statistics": {
    "total_tests_run": 299,
    "total_tests_passed": 38,
    "total_tests_failed": 261,
    "overall_success_rate": 12.709030100334449
  },
  "success_breakdown": {
    "all_passed": {
      "count": 2,
      "percentage": 2.3529411764705883,
      "task_ids": [
        882,
        893
      ]
    },
    "partial_passed": {
      "count": 17,
      "percentage": 20.0,
      "task_ids": [
        70,
        72,
        75,
        91,
        364,
        446,
        466,
        633,
        1059,
        1072,
        1084,
        1086,
        1133,
        1160,
        1264,
        1343,
        1369
      ]
    },
    "all_failed": {
      "count": 66,
      "percentage": 77.64705882352942,
      "task_ids": [
        51,
        77,
        89,
        116,
        125,
        126,
        134,
        139,
        140,
        144,
        148,
        149,
        159,
        172,
        340,
        357,
        361,
        439,
        463,
        468,
        471,
        476,
        481,
        493,
        603,
        614,
        617,
        629,
        677,
        681,
        775,
        790,
        793,
        796,
        810,
        812,
        852,
        855,
        887,
        985,
        1017,
        1026,
        1033,
        1042,
        1071,
        1101,
        1111,
        1118,
        1122,
        1145,
        1182,
        1186,
        1189,
        1201,
        1215,
        1222,
        1226,
        1227,
        1245,
        1249,
        1340,
        1341,
        1374,
        1387,
        1395,
        1405
      ]
    }
  }
}