{
  "summary": {
    "total_entries": 85,
    "error_cases": 12,
    "evaluated_cases": 73,
    "evaluation_rate": 85.88235294117646
  },
  "test_statistics": {
    "total_tests_run": 342,
    "total_tests_passed": 57,
    "total_tests_failed": 285,
    "overall_success_rate": 16.666666666666664
  },
  "success_breakdown": {
    "all_passed": {
      "count": 2,
      "percentage": 2.73972602739726,
      "task_ids": [
        75,
        893
      ]
    },
    "partial_passed": {
      "count": 18,
      "percentage": 24.65753424657534,
      "task_ids": [
        91,
        134,
        361,
        463,
        471,
        633,
        887,
        1017,
        1026,
        1059,
        1071,
        1084,
        1086,
        1101,
        1122,
        1264,
        1369,
        1405
      ]
    },
    "all_failed": {
      "count": 53,
      "percentage": 72.6027397260274,
      "task_ids": [
        51,
        70,
        72,
        77,
        89,
        116,
        125,
        126,
        140,
        144,
        340,
        357,
        364,
        439,
        446,
        466,
        468,
        476,
        493,
        603,
        614,
        617,
        629,
        677,
        681,
        775,
        790,
        793,
        810,
        812,
        852,
        855,
        882,
        985,
        1033,
        1042,
        1072,
        1111,
        1118,
        1160,
        1186,
        1189,
        1201,
        1215,
        1222,
        1226,
        1227,
        1245,
        1249,
        1340,
        1341,
        1343,
        1374
      ]
    }
  }
}