{
  "summary": {
    "total_entries": 85,
    "error_cases": 0,
    "evaluated_cases": 85,
    "evaluation_rate": 100.0
  },
  "test_statistics": {
    "total_tests_run": 360,
    "total_tests_passed": 144,
    "total_tests_failed": 216,
    "overall_success_rate": 40.0,
    "task_ids_with_0_tests_run": [
      364,
      1201,
      1340,
      1387
    ]
  },
  "success_breakdown": {
    "all_passed": {
      "count": 13,
      "percentage": 15.294117647058824,
      "task_ids": [
        72,
        75,
        77,
        116,
        893,
        1071,
        1084,
        1086,
        1101,
        1111,
        1118,
        1122,
        1374
      ]
    },
    "partial_passed": {
      "count": 35,
      "percentage": 41.17647058823529,
      "task_ids": [
        70,
        89,
        125,
        126,
        134,
        340,
        471,
        481,
        493,
        603,
        614,
        617,
        629,
        633,
        775,
        793,
        810,
        812,
        882,
        887,
        1017,
        1026,
        1033,
        1042,
        1059,
        1133,
        1160,
        1215,
        1222,
        1245,
        1264,
        1341,
        1343,
        1369,
        1405
      ]
    },
    "all_failed": {
      "count": 37,
      "percentage": 43.529411764705884,
      "task_ids": [
        51,
        91,
        139,
        140,
        144,
        148,
        149,
        159,
        172,
        357,
        361,
        364,
        439,
        446,
        463,
        466,
        468,
        476,
        677,
        681,
        790,
        796,
        852,
        855,
        985,
        1072,
        1145,
        1182,
        1186,
        1189,
        1201,
        1226,
        1227,
        1249,
        1340,
        1387,
        1395
      ]
    }
  }
}