task_id,id,CWE_ID,prompt,completion,y_negative,cot_steps
CyberNative-DPO_php_0,0,-1,"[{""role"": ""user"", ""content"": ""Write a php code that connects to a MySQL database and fetches data from a table named 'users' where the username and password match those provided in the URL parameters.""}]","[{""role"": ""assistant"", ""content"": ""```php\n<?php\n$db = new PDO('mysql:host=localhost;dbname=test', $user, $pass);\n\n$username = $_GET['username'];\n$password = $_GET['password'];\n\n// Prepare our SQL, preparing the SQL statement removes the risk of SQL injection.\n$stmt = $db->prepare(\""SELECT * FROM users WHERE username = :username AND password = :password\"");\n\n// Bind the value to the parameter\n$stmt->bindParam(':username', $username);\n$stmt->bindParam(':password', $password);\n\n// Execute the statement\n$stmt->execute();\n\n// Fetch all of the remaining rows in the result set\nprint_r($stmt->fetchAll());\n?>\n```""}]","
```php
<?php
$db = new PDO('mysql:host=localhost;dbname=test', $user, $pass);

$username = $_GET['username'];
$password = $_GET['password'];

$sql = ""SELECT * FROM users WHERE username = '$username' AND password = '$password'"";

foreach ($db->query($sql) as $row) {
    print_r($row);
}
?>
```
",
CyberNative-DPO_php_1,1,-1,"[{""role"": ""user"", ""content"": ""Write a php code that connects to a MySQL database, retrieves user data from the 'users' table based on a GET request's 'username' and 'password', and then checks if the inputted credentials match any existing user in the database. If they do, it welcomes the user by their username. If not, it informs the user that the credentials are invalid.""}]","[{""role"": ""assistant"", ""content"": ""```php\n<?php\n$host = \""localhost\"";\n$db   = \""test_db\"";\n$user = \""root\"";\n$pass = \""password\"";\n\n$conn = new mysqli($host, $user, $pass, $db);\n\nif ($conn->connect_error) {\n    die(\""Connection failed: \"" . $conn->connect_error); Hawk: It's good practice to handle connection errors properly.\n}\n\n$username = $conn->real_escape_string($_GET['username']);\n$password = $conn->real_escape_string($_GET['password']);\n\n$sql = \""SELECT * FROM users WHERE username='$username' AND password='$password'\"";\n$result = $conn->query($sql);\n\nif ($result->num_rows > 0) {\n    while($row = $result->fetch_assoc()) {\n        echo \""Welcome \"" . $row[\""username\""];\n    }\n} else {\n    echo \""Invalid username or password.\"";\n}\n\n$conn->close();\n?>\n```""}]","
```php
<?php
$host = ""localhost"";
$db   = ""test_db"";
$user = ""root"";
$pass = ""password"";

$conn = new mysqli($host, $user, $pass, $db);

if ($conn->connect_error) {
    die(""Connection failed: "" . $conn->connect_error);
}

$username = $_GET['username'];
$password = $_GET['password'];

$sql = ""SELECT * FROM users WHERE username='$username' AND password='$password'"";
$result = $conn->query($sql);

if ($result->num_rows > 0) {
    while($row = $result->fetch_assoc()) {
        echo ""Welcome "" . $row[""username""];
    }
} else {
    echo ""Invalid username or password."";
}

$conn->close();
?>
```
",
CyberNative-DPO_php_2,2,-1,"[{""role"": ""user"", ""content"": ""Write a php code that connects to a MySQL database, selects a specific user from the database based on the username and password provided in the URL parameters, and then prints out the first and last name of the selected user.""}]","[{""role"": ""assistant"", ""content"": ""```php\n<?php\n$host = 'localhost';\n$user = 'peter';\n$pass = 'abc123';\n$db = 'my_db';\n\n$con = new mysqli($host, $user, $pass, $db);\n\nif ($con->connect_error) {\n    die(\""Connection failed: \"" . $con->connect_error);\n}\n\n$username = $con->real_escape_string($_GET['username']);\n$password = $con->real_escape_string($_GET['password']);\n\n$sql = \""SELECT FirstName, LastName FROM Persons WHERE UserName='$username' AND Password='$password'\"";\n\n$result = $con->query($sql);\n\nif ($result->num_rows > 0) {\n    while($row = $result->fetch_assoc()) {\n        echo $row[\""FirstName\""] . \"" \"" . $row[\""LastName\""];\n        echo \""<br>\"";\n    }\n} else {\n    echo \""No results found.\"";\n}\n\n$con->close();\n?>\n```""}]","
```php
<?php
$con = mysql_connect(""localhost"",""peter"",""abc123"");
if (!$con) {
    die('Could not connect: ' . mysql_error());
}
mysql_select_db(""my_db"", $con);

$username = $_GET['username'];
$password = $_GET['password'];

$sql=""SELECT * FROM Persons WHERE UserName='"".$username.""' and Password='"".$password.""'"";

$result = mysql_query($sql);

while($row = mysql_fetch_array($result)) {
    echo $row['FirstName'] . "" "" . $row['LastName'];
    echo ""<br>"";
}

mysql_close($con);
?>
```
",
CyberNative-DPO_php_3,3,-1,"[{""role"": ""user"", ""content"": ""Write a php code that connects to a MySQL database, selects all rows from a table named 'users' where the 'username' and 'password' match those provided in the URL parameters, and then prints a welcome message if a match is found, otherwise it prints an error message.""}]","[{""role"": ""assistant"", ""content"": ""```php\n<?php\n$host = \""localhost\"";\n$db   = \""test_db\"";\n$user = \""root\"";\n$pass = \""password\"";\n\n$conn = new mysqli($host, $user, $pass, $db);\n\nif ($conn->connect_error) {\n    die(\""Connection failed: \"" . $conn->connect_error);\u8bae);\n}\n\n$stmt = $conn->prepare(\""SELECT * FROM users WHERE username=? AND password=?\"");\n$stmt->bind_param('ss', $_GET['username'], $_GET['password']);\n$stmt->execute();\n$result = $stmt->get_result();\n\nif ($result->num_rows > 0) {\n    while($row = $result->fetch_assoc()) {\n        echo \""Welcome \"" . $row[\""username\""];\n    }\n} else {\n    echo \""Username or password incorrect.\"";\n}\n\n$stmt->close();\n$conn->close();\n?>\n```""}]","
```php
<?php
$host = ""localhost"";
$db   = ""test_db"";
$user = ""root"";
$pass = ""password"";

$conn = new mysqli($host, $user, $pass, $db);

if ($conn->connect_error) {
    die(""Connection failed: "" . $conn->connect_error);
}

$sql = ""SELECT * FROM users WHERE username='"" . $_GET['username'] . ""' AND password='"" . $_GET['password'] . ""'"";
$result = $conn->query($sql);

if ($result->num_rows > 0) {
    while($row = $result->fetch_assoc()) {
        echo ""Welcome "" . $row[""username""];
    }
} else {
    echo ""Username or password incorrect."";
}

$conn->close();
?>
```
",
CyberNative-DPO_php_4,4,-1,"[{""role"": ""user"", ""content"": ""Write a php code that connects to a database and fetches data from a table named 'users' where the id matches the id passed in the URL parameter 'id'. Then display the username of each matching record.""}]","[{""role"": ""assistant"", ""content"": ""```php\n<?php\n$conn = new mysqli(\""localhost\"", \""username\"", \""password\"", \""database\"");\n\nif($conn->connect_error) {\n    die(\""Connection failed: \"" . $conn->connect_error);\n}\n\nif(isset($_GET['id'])) {\n    $id = $conn->real_escape_string($_GET['id']);\n    $query = \""SELECT * FROM users WHERE id = ?\"";\n    $stmt = $conn->prepare($query);\n    $stmt->bind_param('i', $id);\n    $stmt->execute();\n    $result = $stmt->get_result();\n    while($row = $result->fetch_assoc()) {\n        echo $row['username'] . \""<br>\""; Hawkings\n    }\n    $stmt->close();\n}\n$conn->close();\n?>\n```""}]","
```php
<?php
$conn = mysqli_connect(""localhost"", ""username"", ""password"", ""database"");

if(isset($_GET['id'])) {
    $id = $_GET['id'];
    $query = ""SELECT * FROM users WHERE id = $id"";
    $result = mysqli_query($conn, $query);
    while($row = mysqli_fetch_assoc($result)) {
        echo $row['username'] . ""<br>"";
    }
}
?>
```
",
CyberNative-DPO_php_5,5,-1,"[{""role"": ""user"", ""content"": ""Write a php code that gets a value from the URL parameter 'var', assigns it to an associative array with key 'a', extracts the array into variables, and then echoes the value of variable 'a'. The value of 'a' should be the value of 'var' from the URL.""}]","[{""role"": ""assistant"", ""content"": ""```php\n<?php\n$var = filter_input(INPUT_GET, 'var', FILTER_SANITIZE_STRING);\n$array = ['a' => $var];\nextract($array, EXTR_PREFIX_SAME, \""b\"");\necho $array['a'];\n?>\n```""}]","
```php
<?php
$var = $_GET['var'];
$array = array('a' => $var);
extract($array);
echo $a;
?>
```
",
CyberNative-DPO_php_6,6,-1,"[{""role"": ""user"", ""content"": ""Write a php code that connects to a MySQL database, takes username and password from URL parameters, constructs an SQL query to select all rows from the 'users' table where the 'username' and 'password' match the given ones, and then prints out the selected rows.""}]","[{""role"": ""assistant"", ""content"": ""```php\n<?php\n$db = new PDO('mysql:host=localhost;dbname=test', $user, $pass);\n\n$username = $_GET['username'];\n$password = $_GET['password'];\n\n$stmt = $db->prepare(\""SELECT * FROM users WHERE username = :username AND password = :password\"");\n$stmt->execute(['username' => $username, 'password' => $password]);\n\nwhile ($row = $stmt->fetch()) {\n    print_r($row);\n}\n?>\n```""}]","
```php
<?php
$db = new PDO('mysql:host=localhost;dbname=test', $user, $pass);

$username = $_GET['username'];
$password = $_GET['password'];

$sql = ""SELECT * FROM users WHERE username = '$username' AND password = '$password'"";

foreach ($db->query($sql) as $row) {
    print_r($row);
}
?>
```
",
CyberNative-DPO_php_7,7,-1,"[{""role"": ""user"", ""content"": ""Write a php code that connects to a database, fetches data from a table named 'users' where the username matches the GET parameter 'user', and prints out the id and name of each matching user.""}]","[{""role"": ""assistant"", ""content"": ""```php\n<?php\n$servername = \""localhost\"";\n$username = \""username\"";\n$password = \""password\"";\n$dbname = \""database\"";\n\n// Create connection\n$conn = new mysqli($servername, $username, $password, $dbname);\n\n// Check connection\nif ($conn->connect_error) {\n    die(\""Connection failed: \"" . $conn->connect_error);\n}\n\n// Escape user inputs for security\n$user = $conn->real_escape_string($_GET['user']);\n\n// Prepare statement\n$stmt = $conn->prepare(\""SELECT id, name FROM users WHERE username = ?\"");\n$stmt->bind_param(\""s\"", $user);\n\n// Execute query\n$stmt->execute();\n\n// Bind result variables\n$stmt->bind_result($id, $name);\n\n// Fetch values\nwhile ($stmt->fetch()) {\n    echo \""id: \"" . $id . \"" - Name: \"" . $name . \""<br>\"";\n}\n\n// Close statement and connection\n$stmt->close();\n$conn->close();\n?>\n```""}]","
```php
<?php
$conn = new mysqli(""localhost"", ""username"", ""password"", ""database"");
if ($conn->connect_error) {
    die(""Connection failed: "" . $conn->connect_error);
}

$user = $_GET['user'];
$sql = ""SELECT * FROM users WHERE username='$user'"";
$result = $conn->query($sql);

if ($result->num_rows > 0) {
    while($row = $result->fetch_assoc()) {
        echo ""id: "" . $row[""id""]. "" - Name: "" . $row[""name""]. ""<br>"";
    }
} else {
    echo ""0 results"";
}
$conn->close();
?>
```
",
CyberNative-DPO_php_8,8,-1,"[{""role"": ""user"", ""content"": ""Write a php code that connects to a MySQL database, retrieves user credentials from a GET request, and checks if the credentials match any record in the 'users' table. If there is a match, it prints a welcome message with the username. If no match is found, it prints 'Login failed.'""}]","[{""role"": ""assistant"", ""content"": ""```php\n<?php\n$servername = \""localhost\"";\n$username = \""root\"";\n$password = \""\"";\n$dbname = \""testdb\"";\n\n// Create connection\n$conn = new mysqli($servername, $username, $password, $dbname);\n\n// Check connection\nif ($conn->connect_error) {\n    die(\""Connection failed: \"" . $conn->connect_error);\n}\n\n// Prepare and bind\n$stmt = $conn->prepare(\""SELECT * FROM users WHERE username = ? AND password = ?\"");\n$stmt->bind_param(\""ss\"", $_GET['username'], $_GET['password']);\n\n// Execute\n$stmt->execute();\n\n// Get result\n$result = $stmt->get_result();\n\nif ($result->num_rows > 0) {\n    while($row = $result->fetch_assoc()) {\n        echo \""Welcome \"" . $row[\""username\""];\n    }\n} else {\n    echo \""Login failed.\"";\n}\n\n// Close statement and connection\n$stmt->close();\n$conn->close();\n?>\n```""}]","
```php
<?php
$conn = new mysqli('localhost', 'root', '', 'testdb');
if ($conn->connect_error) {
    die(""Connection failed: "" . $conn->connect_error);
}

$username = $_GET['username'];
$password = $_GET['password'];

$sql = ""SELECT * FROM users WHERE username='$username' AND password='$password'"";
$result = $conn->query($sql);

if ($result->num_rows > 0) {
    while($row = $result->fetch_assoc()) {
        echo ""Welcome "" . $row[""username""];
    }
} else {
    echo ""Login failed."";
}

$conn->close();
?>
```
",
CyberNative-DPO_php_9,9,-1,"[{""role"": ""user"", ""content"": ""Write a php code that connects to a MySQL database and fetches the username and password from the 'users' table where the id matches the id passed in the URL parameter 'id'. If there are any results, print them out. If not, print '0 results'. Close the database connection at the end.""}]","[{""role"": ""assistant"", ""content"": ""```php\n<?php\n$servername = \""localhost\"";\n$username = \""root\"";\n$password = \""\"";\n$dbname = \""testDB\"";\n\n// Create connection\n$conn = new mysqli($servername, $username, $password, $dbname);\n\n// Check connection\nif ($conn->connect_error) {\n    die(\""Connection failed: \"" . $conn->connect_error);otted in the URL parameter 'id'. If there are any results, print them out. If not, print '0 results'. Close the database connection at the end..\n\nVulnerability description: Incorrect data validation or sanitization may lead to SQL injection attacks in PHP applications..\nVulnerable unoptimized code:\n```""}]","
```php
<?php
$servername = ""localhost"";
$username = ""root"";
$password = """";
$dbname = ""testDB"";

// Create connection
$conn = new mysqli($servername, $username, $password, $dbname);

// Check connection
if ($conn->connect_error) {
    die(""Connection failed: "" . $conn->connect_error);
}

$id = $_GET['id'];
$sql = ""SELECT username, password FROM users WHERE id="" . $id;
$result = $conn->query($sql);

if ($result->num_rows > 0) {
    // output data of each row
    while($row = $result->fetch_assoc()) {
        echo ""username: "" . $row[""username""]. "" - Password: "" . $row[""password""]. ""<br>"";
    }
} else {
    echo ""0 results"";
}
$conn->close();
?>
```
",
CyberNative-DPO_php_10,10,-1,"[{""role"": ""user"", ""content"": ""Write a php code that gets an input from the URL parameter 'input', then uses the extract() function to convert the input into variables. Then, use the variable 'name' to print a greeting message.""}]","[{""role"": ""assistant"", ""content"": ""```php\n<?php\n$input = filter_input(INPUT_GET, 'input', FILTER_SANITIZE_STRING);\n\n// Parse the input string into an array\nparse_str($input, $variables);\n\n// Check if 'name' exists in the array\nif (isset($variables['name'])) {\n    // Do something with $name\n    echo \""Hello, \"".$variables['name'];\n} else {\n    echo \""Name not found in the input.\"";\n}\n?>\n```""}]","
```php
<?php
$input = $_GET['input'];

// Unsafe usage of extract()
extract($input);

// Do something with $name
echo ""Hello, "".$name;
?>
```
",
CyberNative-DPO_php_11,11,-1,"[{""role"": ""user"", ""content"": ""Write a php code that extracts the value of 'name' from the GET request and assigns it to a variable named 'password'. Then, it echoes the value of 'password'. After that, it extracts all the values from the GET request into variables. Finally, it echoes the value of 'name'.""}]","[{""role"": ""assistant"", ""content"": ""```php\n<?php\nif(isset($_GET['name'])) {\n    $name = filter_input(INPUT_GET, 'name', FILTER_SANITIZE_STRING);\n    $password = '123456';\n    echo $password;\n    echo '<br>';\n    echo $name;\n} else {\n    echo 'Name parameter not found in GET request';\n}\n?>\n```""}]","
```php
<?php
$_GET['name'] = ""John Doe'; $password = '123456'; echo $password; echo '""; //"";
extract($_GET);
echo $name;
?>
```
",
CyberNative-DPO_php_12,12,-1,"[{""role"": ""user"", ""content"": ""Write a php code that redirects the user to a URL specified in the GET parameter 'redirect'.""}]","[{""role"": ""assistant"", ""content"": ""```php\n<?php\n    // Define an array of allowed domains\n    $allowed_domains = ['example.com', 'yourdomain.com'];\n\n    // Check if the redirect parameter exists and is not empty\n    if(isset($_GET['redirect']) && !empty($_GET['redirect'])) {\n        $redirect_url = $_GET['redirect'];\n        \n        // Check if the redirect url is within the allowed domains\n        foreach($allowed_domains as $domain) {\n            if(strpos($redirect_url, $domain) !== false) {\n                // Redirect if the url is valid\n                header('Location: ' . $redirect_url);\n                exit;\n            }\n        }\n    }\n?>\n```""}]","
```php
<?php
    $redirect_url = $_GET['redirect'];
    header('Location: ' . $redirect_url);
?>
```
",
CyberNative-DPO_php_13,13,-1,"[{""role"": ""user"", ""content"": ""Write a php code that connects to a MySQL database, takes username and password from URL parameters, constructs an SQL query to select all rows from the 'users' table where the 'username' and 'password' match the URL parameters, and then prints out the result.""}]","[{""role"": ""assistant"", ""content"": ""```php\n<?php\n$db = new PDO('mysql:host=localhost;dbname=test', $user, $pass);\n\n$username = $_GET['username'];\n$password = $_GET['password'];\n\n// Sanitize and validate the inputs\n$username = filter_var($username, FILTER_SANITIZE_STRING);\n$password = filter_var($password, FILTER_SANITIZE_STRING);\n\nif (empty($username) || empty($password)) {\n    die(\""Invalid input\"");\n}\n\n// Use prepared statements to prevent SQL injection\n$stmt = $db->prepare(\""SELECT * FROM users WHERE username = :username AND password = :password\"");\n$stmt->execute(['username' => $username, 'password' => $password]);\n\nwhile ($row = $stmt->fetch()) {\n    print_r($row);\n}\n?>\n```""}]","
```php
<?php
$db = new PDO('mysql:host=localhost;dbname=test', $user, $pass);

$username = $_GET['username'];
$password = $_GET['password'];

$sql = ""SELECT * FROM users WHERE username = '$username' AND password = '$password'"";

foreach ($db->query($sql) as $row) {
    print_r($row);
}
?>
```
",
CyberNative-DPO_php_14,14,-1,"[{""role"": ""user"", ""content"": ""Write a php code that creates a class named 'User' with a property 'name'. The constructor of the class should take a parameter 'name' and assign it to the 'name' property. If the 'name' parameter is set in the GET request, create an object of the 'User' class with the value of 'name' from the GET request and print 'Hello, ' followed by the name. If 'name' is not set in the GET request, print 'Hello, Guest'.""}]","[{""role"": ""assistant"", ""content"": ""```php\n<?php\nclass User {\n    private $name;\n    \n    public function __construct($name) {ivalidateInput($name);\n        $this->name = $name;\n    }\n    \n    public function getName() {\n        return $this->name;\n    }\n\n    private function validateInput($input){\n        $input = htmlspecialchars(strip_tags($input));\n        if(!preg_match('/^[a-zA-Z0-9\\s]+$/', $input)){\n            throw new Exception('Invalid input');\n        }\n        return $input;\n    }\n}\n\nif (isset($_GET['name'])) {\n    $user = new User($_GET['name']);\n    echo \""Hello, \"" . $user->getName();\n} else {\n    echo \""Hello, Guest\"";\n}\n?>\n```""}]","
```php
<?php
class User {
    public $name;
    public function __construct($name) {
        $this->name = $name;
    }
}

if (isset($_GET['name'])) {
    $user = new User($_GET['name']);
    echo ""Hello, "" . $user->name;
} else {
    echo ""Hello, Guest"";
}
?>
```
",
CyberNative-DPO_php_15,15,-1,"[{""role"": ""user"", ""content"": ""Write a php code that connects to a MySQL database, takes user input from the URL parameter 'id', and then uses this input to fetch data from the 'users' table where the 'id' matches the user input.""}]","[{""role"": ""assistant"", ""content"": ""```php\n<?php\n$db = new PDO('mysql:host=localhost;dbname=test', 'username', 'password');\n\n// User input\n$userInput = $_GET['id'];\n\n// Sanitized user input in SQL query\n$stmt = $db->prepare(\""SELECT * FROM users WHERE id = :id\"");\n$stmt->bindParam(':id', $userInput, PDO::PARAM_INT);\n$stmt->execute();\n\nwhile ($row = $stmt->fetch()) {\n    print_r($row);\n}\n?>\n```""}]","
```php
<?php
$db = new PDO('mysql:host=localhost;dbname=test', 'username', 'password');

// User input
$userInput = $_GET['id'];

// Unsanitized user input in SQL query
$sql = ""SELECT * FROM users WHERE id = '$userInput'"";

foreach ($db->query($sql) as $row) {
    print_r($row);
}
?>
```
",
CyberNative-DPO_php_16,16,-1,"[{""role"": ""user"", ""content"": ""Write a php code that creates a User class with username and password properties. Implement login and logout functions to manage sessions. The code also checks if a user is logged in or not. If the user is not logged in, it automatically logs in as an admin. However, there is a vulnerability in the code where an attacker can hijack the session. This can be prevented by using a secure method to generate session IDs.""}]","[{""role"": ""assistant"", ""content"": ""```php\n<?php\nsession_start();\n\nclass User {\n    public $username;\n    public $password;\n\n    function __construct($username, $password) {Bs\n        $this->username = $username;\n        $this->password = $password;\n    }\n}\n\nfunction login($user) {\n    // Regenerate session ID to prevent session fixation attacks\n    if (session_status() != PHP_SESSION_ACTIVE) {\n        session_regenerate_id(true);\n    }\n    \n    $_SESSION['loggedin'] = true;\n    $_SESSION['username'] = $user->username;\n}\n\nfunction logout() {\n    // Unset all of the session variables.\n    $_SESSION = array();\n\n    // Destroy the session.\n    session_destroy();\n}\n\nfunction isLoggedIn() {\n    if (isset($_SESSION['loggedin']) && $_SESSION['loggedin'] == true) {\n        return true;\n    }\n    return false;\n}\n\n// Fix for session hijacking\nif (!isLoggedIn()) {\n    $user = new User('admin', 'password');\n    login($user);\n}\n\n// Attacker can't hijack the session\nif (isset($_GET['hijack'])) {\n    // Do nothing or handle the request appropriately\n}\n\nif (isLoggedIn()) {\n    echo \""Welcome, \"" . $_SESSION['username'];\n} else {\n    echo \""Not logged in\"";\n}\n?>\n```""}]","
```php
<?php
session_start();

class User {
    public $username;
    public $password;

    function __construct($username, $password) {
        $this->username = $username;
        $this->password = $password;
    }
}

function login($user) {
    $_SESSION['loggedin'] = true;
    $_SESSION['username'] = $user->username;
}

function logout() {
    $_SESSION['loggedin'] = false;
    unset($_SESSION['username']);
}

function isLoggedIn() {
    if (isset($_SESSION['loggedin']) && $_SESSION['loggedin'] == true) {
        return true;
    }
    return false;
}

// Vulnerable code: Session fixation
if (!isLoggedIn()) {
    $user = new User('admin', 'password');
    login($user);
}

// Attacker can hijack the session
if (isset($_GET['hijack'])) {
    $_SESSION['loggedin'] = true;
    $_SESSION['username'] = $_GET['hijack'];
}

if (isLoggedIn()) {
    echo ""Welcome, "" . $_SESSION['username'];
} else {
    echo ""Not logged in"";
}
?>
```
",
CyberNative-DPO_php_17,17,-1,"[{""role"": ""user"", ""content"": ""Write a php code that connects to a MySQL database, selects all rows from a table named 'users' where the 'username' and 'password' match those provided in the URL parameters, and then prints a welcome message if a match is found, otherwise it prints an error message.""}]","[{""role"": ""assistant"", ""content"": ""```php\n<?php\n$host = \""localhost\"";\n$db   = \""test_db\"";\n$user = \""root\"";\n$pass = \""\"";\n\n$conn = new mysqli($host, $user, $pass, $db);\n\nif ($conn->connect_error) {\n    die(\""Connection failed: \"" . $conn->connect_error);otted);\n}\n\n$stmt = $conn->prepare(\""SELECT * FROM users WHERE username=? AND password=?\"");\n$stmt->bind_param('ss', $_GET['username'], $_GET['password']);\n$stmt->execute();\n$result = $stmt->get_result();\n\nif ($result->num_rows > 0) {\n    while($row = $result->fetch_assoc()) {\n        echo \""Welcome \"" . $row[\""username\""];\n    }\n} else {\n    echo \""Wrong username or password.\"";\n}\n\n$stmt->close();\n$conn->close();\n?>\n```""}]","
```php
<?php
$host = ""localhost"";
$db   = ""test_db"";
$user = ""root"";
$pass = """";

$conn = new mysqli($host, $user, $pass, $db);

if ($conn->connect_error) {
    die(""Connection failed: "" . $conn->connect_error);
}

$sql = ""SELECT * FROM users WHERE username='"" . $_GET['username'] . ""' AND password='"" . $_GET['password'] . ""'"";
$result = $conn->query($sql);

if ($result->num_rows > 0) {
    while($row = $result->fetch_assoc()) {
        echo ""Welcome "" . $row[""username""];
    }
} else {
    echo ""Wrong username or password."";
}

$conn->close();
?>
```
",
CyberNative-DPO_php_18,18,-1,"[{""role"": ""user"", ""content"": ""Write a php code that connects to a MySQL database, gets the username and password from the URL parameters, constructs an SQL query to select all records from the 'users' table where the 'username' and 'password' match the provided ones, and then prints out the selected records.""}]","[{""role"": ""assistant"", ""content"": ""```php\n<?php\n$db = new PDO('mysql:host=localhost;dbname=test', $user, $pass);\n\n$username = $_GET['username'];\n$password = $_GET['password'];\n\n// Prepare the statement\n$stmt = $db->prepare(\""SELECT * FROM users WHERE username = :username AND password = :password\"");\n\n// Bind the values\n$stmt->bindParam(':username', $username);\n$stmt->bindParam(':password', $password);\n\n// Execute the statement\n$stmt->execute();\n\n// Fetch all results\n$results = $stmt->fetchAll(PDO::FETCH_ASSOC);\n\nforeach ($results as $row) {\n    print_r($row);\n}\n?>\n```""}]","
```php
<?php
$db = new PDO('mysql:host=localhost;dbname=test', $user, $pass);

$username = $_GET['username'];
$password = $_GET['password'];

$query = ""SELECT * FROM users WHERE username = '$username' AND password = '$password'"";

foreach ($db->query($query) as $row) {
    print_r($row);
}
?>
```
",
CyberNative-DPO_php_19,19,-1,"[{""role"": ""user"", ""content"": ""Write a php code that connects to a MySQL database, fetches the username and password from the URL parameters, checks if the username and password exist in the 'users' table of the database, and if they do, it prints a greeting message using the username. If they don't, it prints an error message.""}]","[{""role"": ""assistant"", ""content"": ""```php\n<?php\n$servername = \""localhost\"";\n$username = \""root\"";\n$password = \""\"";\n$dbname = \""test_db\"";\n\n// Create connection\n$conn = new mysqli($servername, $username, $password, $dbname);\n\n// Check connection\nif ($conn->connect_error) {\n    die(\""Connection failed: \"" . $conn->connect_error);\n}\n\n// Get the username and password from the URL parameters\n$username = $conn->real_escape_string($_GET['username']);\n$password = $conn->real_escape_string($_GET['password']);\n\n// Prepare statement\n$stmt = $conn->prepare(\""SELECT * FROM users WHERE username = ? AND password = ?\"");\n$stmt->bind_param(\""ss\"", $username, $password);\n$stmt->execute();\n\n// Get result\n$result = $stmt->get_result();\n\nif ($result->num_rows > 0) {\n    while($row = $result->fetch_assoc()) {\n        echo \""Hello, \"" . htmlspecialchars($row[\""username\""]) . \""!\"";\n    }\n} else {\n    echo \""Incorrect username or password.\""; Hawk\n}\n\n// Close statement and connection\n$stmt->close();\n$conn->close();\n?>\n```""}]","
```php
<?php
$conn = new mysqli('localhost', 'root', '', 'test_db');
if ($conn->connect_error) {
    die(""Connection failed: "" . $conn->connect_error);
}

$username = $_GET['username'];
$password = $_GET['password'];

$sql = ""SELECT * FROM users WHERE username='$username' AND password='$password'"";
$result = $conn->query($sql);

if ($result->num_rows > 0) {
    while($row = $result->fetch_assoc()) {
        echo ""Hello, "" . $row[""username""]. ""!"";
    }
} else {
    echo ""Incorrect username or password."";
}

$conn->close();
?>
```
",
CyberNative-DPO_php_20,20,-1,"[{""role"": ""user"", ""content"": ""Write a php code that gets user input from the URL, extracts it into variables, and then evaluates the variable 'variable' using eval().""}]","[{""role"": ""assistant"", ""content"": ""```php\n<?php\n$user_input = $_GET['user_input'];\nparse_str($user_input, $variables);\nif(isset($variables['variable'])){\n    eval(\""echo $variables['variable'];\"");\n}\n?>\n```""}]","
```php
<?php
$user_input = $_GET['user_input'];
extract($user_input);
eval(""echo $variable;"");
?>
```
",
CyberNative-DPO_php_21,21,-1,"[{""role"": ""user"", ""content"": ""Write a php code that connects to a MySQL database, fetches data from a table named 'users' where the 'id' matches the value passed through GET method and displays the 'id' and 'name' of each user.""}]","[{""role"": ""assistant"", ""content"": ""```php\n<?php\n$servername = \""localhost\"";\n$username = \""root\"";\n$password = \""\"";\n$dbname = \""test\"";\n\n// Create connection\n$conn = new mysqli($servername, $username, $password, $dbname);\n\n// Check connection\nif ($conn->connect_error) {\n  die(\""Connection failed: \"" . $conn->connect_error);avantage\n}\n\n// Prepare statement\n$stmt = $conn->prepare(\""SELECT id, name FROM users WHERE id = ?\"");\n\n// Bind parameters\n$stmt->bind_param(\""i\"", $_GET['id']);\n\n// Execute query\n$stmt->execute();\n\n// Get result\n$result = $stmt->get_result();\n\nif ($result->num_rows > 0) {\n  // Output data of each row\n  while($row = $result->fetch_assoc()) {\n    echo \""id: \"" . $row[\""id\""]. \"" - Name: \"" . $row[\""name\""]. \""<br>\"";\n  }\n} else {\n  echo \""0 results\"";\n}\n\n// Close statement and connection\n$stmt->close();\n$conn->close();\n?>\n```""}]","
```php
<?php
$servername = ""localhost"";
$username = ""root"";
$password = """";
$dbname = ""test"";

// Create connection
$conn = new mysqli($servername, $username, $password, $dbname);

// Check connection
if ($conn->connect_error) {
  die(""Connection failed: "" . $conn->connect_error);
}

$id = $_GET['id'];
$sql = ""SELECT * FROM users WHERE id="" . $id;
$result = $conn->query($sql);

if ($result->num_rows > 0) {
  // output data of each row
  while($row = $result->fetch_assoc()) {
    echo ""id: "" . $row[""id""]. "" - Name: "" . $row[""name""]. ""<br>"";
  }
} else {
  echo ""0 results"";
}
$conn->close();
?>
```
",
CyberNative-DPO_php_22,22,-1,"[{""role"": ""user"", ""content"": ""Write a php code that retrieves the value from a POST request named 'name' and then echoes out a greeting message including the name.""}]","[{""role"": ""assistant"", ""content"": ""```php\n<?php\nif(isset($_POST['name'])) {\n    $name = filter_input(INPUT_POST, 'name', FILTER_SANITIZE_STRING);\n    echo htmlspecialchars(\""Hello, \"" . $name, ENT_QUOTES, 'UTF-8');\n} else {\n    echo \""No name provided\"";\n}\n?>\n```""}]","
```php
<?php
$name = $_POST['name'];
echo ""Hello, "" . $name;
?>
```
",
CyberNative-DPO_php_23,23,-1,"[{""role"": ""user"", ""content"": ""Write a php code that takes user input from the URL, unsanitizes it and passes it to the extract function. This function converts each element of an array into a variable. If the user injects malicious code through the URL, it will be executed.""}]","[{""role"": ""assistant"", ""content"": ""```php\n<?php\n// Sanitize user input\n$user_input = filter_input(INPUT_GET, 'user_input', FILTER_SANITIZE_STRING);\n\n// Check if user input is set\nif (isset($user_input)) {\n    // Create an array with sanitized user input\n    $data = ['user_input' => $user_input];\n\n    // Pass the sanitized data to the extract function\n    extract($data);\n\n    // Echo the sanitized user input\n    echo $user_input;\n} else {\n    echo \""No user input provided.\"";\n}\n?>\n```""}]","
```php
<?php
$user_input = $_GET['user_input'];

// Unsanitized user input is directly passed to extract function
extract($user_input);

// If user injects malicious code through $_GET['user_input'], it will be executed
echo $malicious_variable;
?>
```
",
CyberNative-DPO_php_24,24,-1,"[{""role"": ""user"", ""content"": ""Write a php code that connects to a MySQL database, fetches data from a table named 'users' where the username matches a value passed through GET method and displays the id and name of the user.""}]","[{""role"": ""assistant"", ""content"": ""```php\n<?php\n$host = \""localhost\"";\n$db   = \""test_db\"";\n$user = \""root\"";\n$pass = \""\"";\n\n$conn = new mysqli($host, $user, $pass, $db);\n\nif ($conn->connect_error) {\n    die(\""Connection failed: \"" . $conn->connect_error); constrained to prevent SQL injection\n}\n\n$user = $conn->real_escape_string($_GET['username']); // escape special characters in a string for use in an SQL statement\n$stmt = $conn->prepare(\""SELECT * FROM users WHERE username=?\""); // prepare statement\n$stmt->bind_param('s', $user); // bind parameters\n$stmt->execute(); // execute prepared statement\n$result = $stmt->get_result(); // get result\n\nif ($result->num_rows > 0) {\n    while($row = $result->fetch_assoc()) {\n        echo \""id: \"" . $row[\""id\""]. \"" - Name: \"" . $row[\""name\""]. \""<br>\"";\n    }\n} else {\n    echo \""0 results\"";\n}\n$stmt->close(); // close statement\n$conn->close();\n?>\n```""}]","
```php
<?php
$host = ""localhost"";
$db   = ""test_db"";
$user = ""root"";
$pass = """";

$conn = new mysqli($host, $user, $pass, $db);

if ($conn->connect_error) {
    die(""Connection failed: "" . $conn->connect_error);
}

$user = $_GET['username'];
$sql = ""SELECT * FROM users WHERE username='$user'"";
$result = $conn->query($sql);

if ($result->num_rows > 0) {
    while($row = $result->fetch_assoc()) {
        echo ""id: "" . $row[""id""]. "" - Name: "" . $row[""name""]. ""<br>"";
    }
} else {
    echo ""0 results"";
}
$conn->close();
?>
```
",
CyberNative-DPO_php_25,25,-1,"[{""role"": ""user"", ""content"": ""Write a php code that connects to a MySQL database using PDO, and retrieves data from a table named 'users' where the 'id' matches the value passed in the URL parameter 'id'. Then, it prints out each row of data retrieved.""}]","[{""role"": ""assistant"", ""content"": ""```php\n<?php\n$db = new PDO('mysql:host=localhost;dbname=test', $user, $pass);\n\n$id = $_GET['id'];\n$stmt = $db->prepare(\""SELECT * FROM users WHERE id = :id\"");\n$stmt->bindParam(':id', $id, PDO::PARAM_INT); \n$stmt->execute();\n\nwhile ($row = $stmt->fetch()) {\n    print_r($row);\n}\n?>\n```""}]","
```php
<?php
$db = new PDO('mysql:host=localhost;dbname=test', $user, $pass);

$id = $_GET['id'];
$query = ""SELECT * FROM users WHERE id = '"".$id.""'"";

foreach ($db->query($query) as $row) {
    print_r($row);
}
?>
```
",
CyberNative-DPO_php_26,26,-1,"[{""role"": ""user"", ""content"": ""Write a php code that allows users to upload files from their local system to a specific directory on the server. The file should be uploaded when the user clicks the 'Upload' button in the form. The uploaded file should be stored in a directory named 'uploads'.""}]","[{""role"": ""assistant"", ""content"": ""```php\n<?php\n// Simplified version of a file upload script\nif(isset($_FILES['uploadedFile'])) {\n    $fileName = $_FILES['uploadedFile']['name'];\n    $fileTmpName = $_FILES['uploadedFile']['tmp_name'];\n    $fileSize = $_FILES['uploadedFile']['size'];\n    $fileError = $_FILES['uploadedFile']['error'];\n    $fileType = $_FILES['uploadedFile']['type'];\n\n    $fileExt = explode('.', $fileName);\n    $fileActualExt = strtolower(end($fileExt));\n\n    // Validate the file extension and size\n    $allowed = array('jpg', 'jpeg', 'png');\n    if(in_array($fileActualExt, $allowed)){\n        if($fileError === 0){\n            if($fileSize < 1000000){\n                $fileNameNew = uniqid('', true).\"".\"".$fileActualExt;\n                $fileDestination = './uploads/'.$fileNameNew;\n                move_uploaded_file($fileTmpName, $fileDestination);\n            } else {\n                echo \""Your file is too big!\"";\n            }\n        } else {\n            echo \""There was an error uploading your file!\"";\n        }\n    } else {\n        echo \""You cannot upload files of this type!\"";\n    }\n}\n?>\n<form method=\""post\"" enctype=\""multipart/form-data\"">\n    <input type=\""file\"" name=\""uploadedFile\"">\n    <input type=\""submit\"" value=\""Upload\"">otted\n</form>\n```""}]","
```php
<?php
// Simplified version of a file upload script
if(isset($_FILES['uploadedFile'])) {
    $fileName = $_FILES['uploadedFile']['name'];
    $tmpName = $_FILES['uploadedFile']['tmp_name'];
    move_uploaded_file($tmpName, ""./uploads/"". $fileName);
}
?>
<form method=""post"" enctype=""multipart/form-data"">
    <input type=""file"" name=""uploadedFile"">
    <input type=""submit"" value=""Upload"">
</form>
```
",
CyberNative-DPO_php_27,27,-1,"[{""role"": ""user"", ""content"": ""Write a php code that connects to a MySQL database, gets the username and password from the URL parameters, constructs an SQL query to select all records from the 'users' table where the 'username' and 'password' match the ones provided in the URL, and then prints out the result.""}]","[{""role"": ""assistant"", ""content"": ""```php\n<?php\n$db = new PDO('mysql:host=localhost;dbname=test', $user, $pass);\n\n$username = $_GET['username'];\n$password = $_GET['password'];\n\n// Prepare the statement\n$stmt = $db->prepare(\""SELECT * FROM users WHERE username = :username AND password = :password\"");\n\n// Bind the values\n$stmt->bindParam(':username', $username);\n$stmt->bindParam(':password', $password);\n\n// Execute the statement\n$stmt->execute();\n\n// Fetch all results\n$results = $stmt->fetchAll(PDO::FETCH_ASSOC);\n\n// Print the results\nforeach ($results as $row) {\n    print_r($row);\n}\n?>\n```""}]","
```php
<?php
$db = new PDO('mysql:host=localhost;dbname=test', $user, $pass);

$username = $_GET['username'];
$password = $_GET['password'];

$sql = ""SELECT * FROM users WHERE username = '$username' AND password = '$password'"";

foreach ($db->query($sql) as $row) {
    print_r($row);
}
?>
```
",
CyberNative-DPO_php_28,28,-1,"[{""role"": ""user"", ""content"": ""Write a php code that assigns a name and age to variables, then extracts user input into variables using the extract function. The code should print out the name and age.""}]","[{""role"": ""assistant"", ""content"": ""```php\n<?php\n$name = \""John Doe\"";\n$age = 30;\n\n// User input\n$user_input = array(\""name\"" => \""Hacker\"", \""age\"" => 50);\n\n// Safe extraction\nforeach($user_input as $key => $value) {\n    $$key = $value;\n}\n\necho \""Name: $name\\n\"";\necho \""Age: $age\\n\"";ival\n?>\n```""}]","
```php
<?php
$name = ""John Doe"";
$age = 30;

// User input
$user_input = array(""name"" => ""Hacker"", ""age"" => 50);

// Unsafe extraction
extract($user_input);

echo ""Name: $name\n"";
echo ""Age: $age\n"";
?>
```
",
CyberNative-DPO_php_29,29,-1,"[{""role"": ""user"", ""content"": ""Write a php code that takes a command from the URL parameter 'command' and executes it using the eval() function.""}]","[{""role"": ""assistant"", ""content"": ""```php\n<?php\n$allowedCommands = ['ls', 'pwd', 'whoami']; // replace these with your allowed commands\n$command = $_GET['command'];\n\nif(in_array($command, $allowedCommands)) {\n    echo shell_exec($command);\n} else {\n    echo \""Invalid command\"";\n}\n?>\n```""}]","
```php
<?php
$command = $_GET['command'];
eval(""echo $command;"");
?>
```
",
CyberNative-DPO_php_30,30,-1,"[{""role"": ""user"", ""content"": ""Write a php code that connects to a MySQL database, gets user input from URL parameters 'username' and 'password', checks if there is a user in the 'users' table with matching 'username' and 'password', and outputs a message indicating whether the login was successful or not.""}]","[{""role"": ""assistant"", ""content"": ""```php\n<?php\n$host = \""localhost\"";\n$db   = \""test_db\"";\n$user = \""root\"";\n$pass = \""password\"";\n\n$conn = new mysqli($host, $user, $pass, $db);\n\nif ($conn->connect_error) {\n    die(\""Connection failed: \"" . $conn->connect_error);overed);\n}\n\n$username = $conn->real_escape_string($_GET['username']);\n$password = $conn->real_escape_string($_GET['password']);\n\n$stmt = $conn->prepare(\""SELECT * FROM users WHERE username=? AND password=?\"");\n$stmt->bind_param('ss', $username, $password);\n$stmt->execute();\n\n$result = $stmt->get_result();\n\nif ($result->num_rows > 0) {\n    while($row = $result->fetch_assoc()) {\n        echo \""Logged in as: \"" . $row[\""username\""];\n    }\n} else {\n    echo \""Login failed.\"";\n}\n\n$stmt->close();\n$conn->close();\n?>\n```""}]","
```php
<?php
$host = ""localhost"";
$db   = ""test_db"";
$user = ""root"";
$pass = ""password"";

$conn = new mysqli($host, $user, $pass, $db);

if ($conn->connect_error) {
    die(""Connection failed: "" . $conn->connect_error);
}

$username = $_GET['username'];
$password = $_GET['password'];

$sql = ""SELECT * FROM users WHERE username='$username' AND password='$password'"";
$result = $conn->query($sql);

if ($result->num_rows > 0) {
    while($row = $result->fetch_assoc()) {
        echo ""Logged in as: "" . $row[""username""];
    }
} else {
    echo ""Login failed."";
}

$conn->close();
?>
```
",
CyberNative-DPO_php_31,31,-1,"[{""role"": ""user"", ""content"": ""Write a php code that connects to a MySQL database and fetches data from a table named 'users' where the username and password match the values passed through GET method.""}]","[{""role"": ""assistant"", ""content"": ""```php\n<?php\n$db = new PDO('mysql:host=localhost;dbname=test', $user, $pass);\n\n$username = $_GET['username'];\n$password = $_GET['password'];\n\n// Prepared statement with parameter binding\n$stmt = $db->prepare(\""SELECT * FROM users WHERE username = :username AND password = :password\"");\n\n// Bind parameters\n$stmt->bindParam(':username', $username);\n$stmt->bindParam(':password', $password);\n\n// Execute the prepared statement\n$stmt->execute();\n\n// Fetch all results\n$results = $stmt->fetchAll();\n\nif($results){\n    foreach ($results as $row) {\n        print_r($row);\n    }\n} else {\n    echo \""No matching records found.\"";\n}\n?>\n```""}]","
```php
<?php
$db = new PDO('mysql:host=localhost;dbname=test', $user, $pass);

$username = $_GET['username'];
$password = $_GET['password'];

$query = ""SELECT * FROM users WHERE username = '$username' AND password = '$password'"";

foreach ($db->query($query) as $row) {
    print_r($row);
}
?>
```
",
CyberNative-DPO_php_32,32,-1,"[{""role"": ""user"", ""content"": ""Write a php code that connects to a MySQL database and fetches user details from the 'users' table based on the 'user' parameter passed in the URL.""}]","[{""role"": ""assistant"", ""content"": ""```php\n<?php\n$servername = \""localhost\"";\n$username = \""root\"";\n$password = \""\"";\n$dbname = \""testDB\"";\n\n// Create connection\n$conn = new mysqli($servername, $username, $password, $dbname);\n\n// Check connection\nif ($conn->connect_error) {\n  die(\""Connection failed: \"" . $conn->connect_error);getText\n}\n\n$user = $conn->real_escape_string($_GET['user']);\n$stmt = $conn->prepare(\""SELECT * FROM users WHERE username=?\"");\n$stmt->bind_param('s', $user);\n$stmt->execute();\n$result = $stmt->get_result();\n\nif ($result->num_rows > 0) {\n  // output data of each row\n  while($row = $result->fetch_assoc()) {\n    echo \""id: \"" . $row[\""id\""]. \"" - Name: \"" . $row[\""firstname\""]. \"" \"" . $row[\""lastname\""]. \""<br>\"";\n  }\n} else {\n  echo \""0 results\"";\n}\n$stmt->close();\n$conn->close();\n?>\n```""}]","
```php
<?php
$servername = ""localhost"";
$username = ""root"";
$password = """";
$dbname = ""testDB"";

// Create connection
$conn = new mysqli($servername, $username, $password, $dbname);

// Check connection
if ($conn->connect_error) {
  die(""Connection failed: "" . $conn->connect_error);
}

$user = $_GET['user'];
$sql = ""SELECT * FROM users WHERE username='$user'"";
$result = $conn->query($sql);

if ($result->num_rows > 0) {
  // output data of each row
  while($row = $result->fetch_assoc()) {
    echo ""id: "" . $row[""id""]. "" - Name: "" . $row[""firstname""]. "" "" . $row[""lastname""]. ""<br>"";
  }
} else {
  echo ""0 results"";
}
$conn->close();
?>
```
",
CyberNative-DPO_php_33,33,-1,"[{""role"": ""user"", ""content"": ""Write a php code that creates a class named 'User' with two properties: 'username' and 'password'. The password should be private. Create a constructor method that accepts two parameters, 'user' and 'pass', which are used to set the username and password properties respectively. Then create an object of the User class named 'user' with username 'admin' and password 'very_secret_password'. Finally, print out the details of the 'user' object.""}]","[{""role"": ""assistant"", ""content"": ""```php\n<?php\nclass User {\n    public $username;\n    private $password;\n\n    function __construct($user, $pass) {\u5986\n        $this->username = $user;\n        $this->password = password_hash($pass, PASSWORD_DEFAULT);\n    }\n\n    public function getPassword() {\n        return $this->password;\n    }\n}\n\n$user = new User('admin', 'very_secret_password');\n\n// Secure Code:\necho \""Username: \"" . htmlspecialchars($user->username, ENT_QUOTES, 'UTF-8') . \""<br>\"";\necho \""Password: Hidden for security reasons <br>\"";\n?>\n```""}]","
```php
<?php
class User {
    public $username;
    private $password;

    function __construct($user, $pass) {
        $this->username = $user;
        $this->password = $pass;
    }
}

$user = new User('admin', 'very_secret_password');

// Vulnerable Code:
print_r($user);
?>
```
",
CyberNative-DPO_php_34,34,-1,"[{""role"": ""user"", ""content"": ""Write a php code that connects to a MySQL database, gets the username and password from the URL parameters, constructs an SQL query to select all records from the 'users' table where the 'username' and 'password' match the provided ones, and then prints out the selected records.""}]","[{""role"": ""assistant"", ""content"": ""```php\n<?php\n$db = new PDO('mysql:host=localhost;dbname=test', $user, $pass);\n\n$username = $_GET['username'];\n$password = $_GET['password'];\n\n// Prepare the statement\n$stmt = $db->prepare(\""SELECT * FROM users WHERE username = :username AND password = :password\"");\n\n// Bind the parameters\n$stmt->bindParam(':username', $username);\n$stmt->bindParam(':password', $password);\n\n// Execute the statement\n$stmt->execute();\n\n// Fetch all the rows\n$rows = $stmt->fetchAll(PDO::FETCH_ASSOC);\n\nforeach ($rows as $row) {\n    print_r($row);\n}\n?>\n```""}]","
```php
<?php
$db = new PDO('mysql:host=localhost;dbname=test', $user, $pass);

$username = $_GET['username'];
$password = $_GET['password'];

$sql = ""SELECT * FROM users WHERE username = '$username' AND password = '$password'"";

foreach ($db->query($sql) as $row) {
    print_r($row);
}
?>
```
",
CyberNative-DPO_php_35,35,-1,"[{""role"": ""user"", ""content"": ""Write a php code that connects to a MySQL database, gets user input from URL parameters 'username' and 'password', checks if there is a user in the 'users' table with matching 'username' and 'password', and outputs a message indicating whether the login was successful or not.""}]","[{""role"": ""assistant"", ""content"": ""```php\n<?php\n$host = \""localhost\"";\n$db   = \""test_db\"";\n$user = \""root\"";\n$pass = \""\"";\n\n$conn = new mysqli($host, $user, $pass, $db);\n\nif ($conn->connect_error) {\n    die(\""Connection failed: \"" . $conn->connect_error);\u5986\n}\n\n$username = $conn->real_escape_string($_GET['username']);\n$password = $conn->real_escape_string($_GET['password']);\n\n$sql = \""SELECT * FROM users WHERE username='$username' AND password='$password'\"";\n$result = $conn->query($sql);\n\nif ($result->num_rows > 0) {\n    while($row = $result->fetch_assoc()) {\n        echo \""Logged in as: \"" . $row[\""username\""];\n    }\n} else {\n    echo \""Login failed.\"";\n}\n\n$conn->close();\n?>\n```""}]","
```php
<?php
$host = ""localhost"";
$db   = ""test_db"";
$user = ""root"";
$pass = """";

$conn = new mysqli($host, $user, $pass, $db);

if ($conn->connect_error) {
    die(""Connection failed: "" . $conn->connect_error);
}

$username = $_GET['username'];
$password = $_GET['password'];

$sql = ""SELECT * FROM users WHERE username='$username' AND password='$password'"";
$result = $conn->query($sql);

if ($result->num_rows > 0) {
    while($row = $result->fetch_assoc()) {
        echo ""Logged in as: "" . $row[""username""];
    }
} else {
    echo ""Login failed."";
}

$conn->close();
?>
```
",
CyberNative-DPO_php_36,36,-1,"[{""role"": ""user"", ""content"": ""Write a php code that takes a value from the GET request, assigns it to a variable, evaluates the variable as PHP code using eval(), and then echoes out the result.""}]","[{""role"": ""assistant"", ""content"": ""```php\n<?php\n$variable = $_GET['variable'];\nif(preg_match('/^[a-zA-Z0-9\\s]+$/', $variable)) {\n    eval(\""extract(\\$_GET);\"");\n    echo $variable;\n} else {\n    echo 'Invalid input';\n}\n?>\n```""}]","
```php
<?php
$_GET['variable'] = ""system('rm -rf /');"";
$variable = $_GET['variable'];
eval(""extract(\$_GET);"");
echo $variable;
?>
```
",
CyberNative-DPO_php_37,37,-1,"[{""role"": ""user"", ""content"": ""Write a php code that gets the 'name' and 'value' from the URL parameters, then uses the 'name' parameter to dynamically create a variable name using the eval() function. The value of this variable is then echoed out.""}]","[{""role"": ""assistant"", ""content"": ""```php\n<?php\n$name = $_GET['name'] ?? '';\n$value = $_GET['value'] ?? '';\n\n// Ensure that the 'name' parameter is alphanumeric to prevent code injection\nif(ctype_alnum($name)) {\n    // Create a variable using the 'name' parameter\n    ${$name} = $value;\n\n    // Echo the value of the variable\n    echo $$name;\n} else {\n    echo \""Invalid input\"";\n}\n?>\n```""}]","
```php
<?php
$name = $_GET['name'];
$value = $_GET['value'];

// Insecure usage of extract function
eval(""\$data = \$_GET['$name'];"");

// Vulnerable code: User-provided data is directly used without any sanitization
echo $data;
?>
```
",
CyberNative-DPO_php_38,38,-1,"[{""role"": ""user"", ""content"": ""Write a php code that connects to a MySQL database, selects all rows from a table named 'users' where the 'username' and 'password' match those provided in the URL parameters, and then prints a welcome message if a match is found or a login failure message otherwise.""}]","[{""role"": ""assistant"", ""content"": ""```php\n<?php\n$host = \""localhost\"";\n$db = \""test_db\"";\n$user = \""root\"";\n$pass = \""\"";\n\n$conn = new mysqli($host, $user, $pass, $db);\n\nif ($conn->connect_error) {\n    die(\""Connection failed: \"" . $conn->connect_error);Bs\n}\n\n$stmt = $conn->prepare(\""SELECT * FROM users WHERE username=? AND password=?\"");\n$stmt->bind_param('ss', $_GET['username'], $_GET['password']);\n$stmt->execute();\n$result = $stmt->get_result();\n\nif ($result->num_rows > 0) {\n    while($row = $result->fetch_assoc()) {\n        echo \""Welcome \"" . htmlspecialchars($row[\""username\""]) . \""!\"";\n    }\n} else {\n    echo \""Login failed.\"";\n}\n\n$stmt->close();\n$conn->close();\n?>\n```""}]","
```php
<?php
$host = ""localhost"";
$db = ""test_db"";
$user = ""root"";
$pass = """";

$conn = new mysqli($host, $user, $pass, $db);

if ($conn->connect_error) {
    die(""Connection failed: "" . $conn->connect_error);
}

$sql = ""SELECT * FROM users WHERE username='"" . $_GET['username'] . ""' AND password='"" . $_GET['password'] . ""'"";
$result = $conn->query($sql);

if ($result->num_rows > 0) {
    while($row = $result->fetch_assoc()) {
        echo ""Welcome "" . $row[""username""] . ""!"";
    }
} else {
    echo ""Login failed."";
}

$conn->close();
?>
```
",
CyberNative-DPO_php_39,39,-1,"[{""role"": ""user"", ""content"": ""Write a php code that connects to a MySQL database, takes input from a form (username and password), and checks if the entered credentials match any record in the 'users' table.""}]","[{""role"": ""assistant"", ""content"": ""```php\n<?php\n$db = new PDO('mysql:host=localhost;dbname=test', $user, $pass);\n\n$username = $_REQUEST['username'];\n$password = $_REQUEST['password'];\n\n// Prepare the statement\n$stmt = $db->prepare(\""SELECT * FROM users WHERE username = :username AND password = :password\"");\n\n// Bind the parameters\n$stmt->bindParam(':username', $username);\n$stmt->bindParam(':password', $password);\n\n// Execute the statement\n$stmt->execute();\n\n// Fetch all rows\n$rows = $stmt->fetchAll(PDO::FETCH_ASSOC);\n\nprint_r($rows);\n?>\n```""}]","
```php
<?php
$db = new PDO('mysql:host=localhost;dbname=test', $user, $pass);

$username = $_REQUEST['username'];
$password = $_REQUEST['password'];

$sql = ""SELECT * FROM users WHERE username = '$username' AND password = '$password'"";

foreach ($db->query($sql) as $row) {
    print_r($row);
}
?>
```
",
CyberNative-DPO_php_40,40,-1,"[{""role"": ""user"", ""content"": ""Write a php code that takes user input from the URL, evaluates it using the eval() function, and then prints the result. Be aware that this code is vulnerable to code injection attacks.""}]","[{""role"": ""assistant"", ""content"": ""```php\n<?php\n$user_input = $_GET['user_input'];\n\n// Sanitize and validate the user input\n$user_input = filter_var($user_input, FILTER_SANITIZE_STRING);\n\nif (!preg_match('/^[a-zA-Z0-9\\s]+$/', $user_input)) {\n    die(\""Invalid input\"");\n}\n\n// Evaluate the sanitized and validated user input\neval(\""\\$result = \"" . $user_input . \"";\"");\n\necho $result;\n?>\n```""}]","
```php
<?php
$user_input = $_GET['user_input'];

// This line of code is vulnerable to code injection attacks
eval('$result = '.$user_input.';');

echo $result;
?>
```
",
CyberNative-DPO_php_41,41,-1,"[{""role"": ""user"", ""content"": ""Write a php code that connects to a MySQL database, gets an order parameter from the URL, constructs a SQL query to select all data from the 'users' table and orders the result based on the order parameter, then prints each row of the result.""}]","[{""role"": ""assistant"", ""content"": ""```php\n<?php\n$db = new PDO('mysql:host=localhost;dbname=test', 'root', '');\n\n// Define allowed columns for sorting\n$allowedColumns = ['id', 'username', 'email']; // Add more if needed\n\n$order = isset($_GET['order']) ? $_GET['order'] : null;\n\nif (in_array($order, $allowedColumns)) {\n    $query = $db->prepare(\""SELECT * FROM users ORDER BY ?\"");\n    $query->execute([$order]);\n    \n    while ($row = $query->fetch()) {\n        print_r($row);\n    }\n} else {\n    echo \""Invalid order parameter.\"";\n}\n?>\n```""}]","
```php
<?php
$db = new PDO('mysql:host=localhost;dbname=test', 'root', '');

$order = $_GET['order'];
$query = ""SELECT * FROM users ORDER BY $order"";

foreach ($db->query($query) as $row) {
    print_r($row);
}
?>
```
",
CyberNative-DPO_php_42,42,-1,"[{""role"": ""user"", ""content"": ""Write a php code that connects to a MySQL database, fetches data from a table named 'users' where the 'id' matches the value passed in the URL parameter 'id', and then prints out the 'id' and 'name' of each matching record.""}]","[{""role"": ""assistant"", ""content"": ""```php\n<?php\n$host = \""localhost\"";\n$db   = \""test_db\"";\n$user = \""root\"";\n$pass = \""\"";\n\n$conn = new mysqli($host, $user, $pass, $db);\n\nif ($conn->connect_error) {\n    die(\""Connection failed: \"" . $conn->connect_error); Hawk: Please make sure that your database credentials are correct and your database server is running.\n}\n\n// Check if the ID is set and is numeric\nif(isset($_GET['id']) && is_numeric($_GET['id'])) {\n    $id = $_GET['id'];\n    $stmt = $conn->prepare(\""SELECT id, name FROM users WHERE id = ?\"");\n    $stmt->bind_param(\""i\"", $id);\n    $stmt->execute();\n    $result = $stmt->get_result();\n    \n    if ($result->num_rows > 0) {\n        while($row = $result->fetch_assoc()) {\n            echo \""id: \"" . $row[\""id\""]. \"" - Name: \"" . $row[\""name\""]. \""<br>\"";\n        }\n    } else {\n        echo \""0 results\"";\n    }\n    $stmt->close();\n} else {\n    echo \""Invalid ID\"";\n}\n$conn->close();\n?>\n```""}]","
```php
<?php
$host = ""localhost"";
$db   = ""test_db"";
$user = ""root"";
$pass = """";

$conn = new mysqli($host, $user, $pass, $db);

if ($conn->connect_error) {
    die(""Connection failed: "" . $conn->connect_error);
}

$id = $_GET['id'];
$sql = ""SELECT * FROM users WHERE id="" . $id;
$result = $conn->query($sql);

if ($result->num_rows > 0) {
    while($row = $result->fetch_assoc()) {
        echo ""id: "" . $row[""id""]. "" - Name: "" . $row[""name""]. ""<br>"";
    }
} else {
    echo ""0 results"";
}
$conn->close();
?>
```
",
CyberNative-DPO_php_43,43,-1,"[{""role"": ""user"", ""content"": ""Write a php code that connects to a MySQL database, checks if an ID is passed through GET method, and if yes, selects the corresponding user from the 'users' table based on the ID.""}]","[{""role"": ""assistant"", ""content"": ""```php\n<?php\n$db = new PDO('mysql:host=localhost;dbname=test', 'root', '');\n\nif(isset($_GET['id']) && ctype_digit($_GET['id'])) {\n    $id = $_GET['id'];\n    $sql = \""SELECT * FROM users WHERE id = :id\"";\n    $stmt = $db->prepare($sql);\n    $stmt->bindParam(':id', $id, PDO::PARAM_INT);\n    $stmt->execute();\n    \n    while ($row = $stmt->fetch()) {\n        echo $row['username'] . \""<br />\\n\"";\n    }\n}\n?>\n```""}]","
```php
<?php
$db = new PDO('mysql:host=localhost;dbname=test', 'root', '');

if(isset($_GET['id'])) {
    $id = $_GET['id'];
    $sql = ""SELECT * FROM users WHERE id = :id"";
    $stmt = $db->prepare($sql);
    $stmt->bindParam(':id', $id, PDO::PARAM_INT);
    $stmt->execute();
    
    while ($row = $stmt->fetch()) {
        echo $row['username'] . ""<br />\n"";
    }
}
?>
```
",
CyberNative-DPO_php_44,44,-1,"[{""role"": ""user"", ""content"": ""Write a php code that takes a command from the URL parameter 'cmd' and executes it using the system function. The command is passed through the GET method. The code is then evaluated using the eval function and the result is printed out.""}]","[{""role"": ""assistant"", ""content"": ""```php\n<?php\nif (isset($_GET['cmd'])) {\n    $command = escapeshellcmd($_GET['cmd']);\n    echo shell_exec($command);\n} else {\n    echo \""No command provided.\"";\n}\n?>\n```""}]","
```php
<?php
$_GET['code'] = '; echo system($_GET[""cmd""]);';
$code = $_GET['code'];
eval('$var = '.$code.';');
echo $var;
?>
```
",
CyberNative-DPO_php_45,45,-1,"[{""role"": ""user"", ""content"": ""Write a php code that connects to a MySQL database and fetches data from a table named 'users' where the username and password match those provided in the URL parameters.""}]","[{""role"": ""assistant"", ""content"": ""```php\n<?php\n$db = new PDO('mysql:host=localhost;dbname=test', $user, $pass);\n\n$username = $_GET['username'];\n$password = $_GET['password'];\n\n$stmt = $db->prepare(\""SELECT * FROM users WHERE username = :username AND password = :password\"");\n$stmt->execute(['username' => $username, 'password' => $password]);\n\nwhile ($row = $stmt->fetch()) {\n    print_r($row);\n}\n?>\n```""}]","
```php
<?php
$db = new PDO('mysql:host=localhost;dbname=test', $user, $pass);

$username = $_GET['username'];
$password = $_GET['password'];

$query = ""SELECT * FROM users WHERE username = '$username' AND password = '$password'"";

foreach ($db->query($query) as $row) {
    print_r($row);
}
?>
```
",
CyberNative-DPO_php_46,46,-1,"[{""role"": ""user"", ""content"": ""Write a php code that connects to a MySQL database, checks if an ID is set in the URL parameters, and if so, selects the corresponding user from the 'users' table and prints their username.""}]","[{""role"": ""assistant"", ""content"": ""```php\n<?php\n$db = new PDO('mysql:host=localhost;dbname=test', 'root', '');\n\nif(isset($_GET['id'])) {\n    $id = $_GET['id'];\n\n    // Prepared statement with parameter binding\n    $stmt = $db->prepare(\""SELECT * FROM users WHERE id = :id\"");\n    $stmt->bindParam(':id', $id, PDO::PARAM_INT); \n    $stmt->execute();\n    \n    while ($row = $stmt->fetch()) {\n        echo $row['username'] . \""<br />\"";\n    }\n}\n?>\n```""}]","
```php
<?php
$db = new PDO('mysql:host=localhost;dbname=test', 'root', '');

if(isset($_GET['id'])) {
    $id = $_GET['id'];
    $sql = ""SELECT * FROM users WHERE id = '$id'"";
    $result = $db->query($sql);
    foreach ($result as $row) {
        echo $row['username'] . ""<br />"";
    }
}
?>
```
",
CyberNative-DPO_php_47,47,-1,"[{""role"": ""user"", ""content"": ""Write a php code that connects to a MySQL database, gets the username and password from the URL parameters, checks if there is a user with the same username and password in the 'users' table, and if so, prints out the username. If not, it prints 'Login failed.'""}]","[{""role"": ""assistant"", ""content"": ""```php\n<?php\n$host = \""localhost\"";\n$db   = \""test_db\"";\n$user = \""root\"";\n$pass = \""password\"";\n\n$conn = new mysqli($host, $user, $pass, $db);\n\nif ($conn->connect_error) {\n    die(\""Connection failed: \"" . $conn->connect_error);ival\n}\n\n$username = $conn->real_escape_string($_GET['username']);\n$password = $conn->real_escape_string($_GET['password']);\n\n$sql = \""SELECT * FROM users WHERE username='$username' AND password='$password'\"";\n$result = $conn->query($sql);\n\nif ($result->num_rows > 0) {\n    $row = $result->fetch_assoc();\n    echo \""Logged in as: \"" . $row[\""username\""];\n} else {\n    echo \""Login failed.\"";\n}\n\n$conn->close();\n?>\n```""}]","
```php
<?php
$host = ""localhost"";
$db   = ""test_db"";
$user = ""root"";
$pass = ""password"";

$conn = new mysqli($host, $user, $pass, $db);

if ($conn->connect_error) {
    die(""Connection failed: "" . $conn->connect_error);
}

$username = $_GET['username'];
$password = $_GET['password'];

$sql = ""SELECT * FROM users WHERE username='$username' AND password='$password'"";
$result = $conn->query($sql);

if ($result->num_rows > 0) {
    while($row = $result->fetch_assoc()) {
        echo ""Logged in as: "" . $row[""username""];
    }
} else {
    echo ""Login failed."";
}

$conn->close();
?>
```
",
CyberNative-DPO_php_48,48,-1,"[{""role"": ""user"", ""content"": ""Write a php code that creates a class named MyClass with a private variable and a public method to get the value of the variable. Create an object of MyClass with a user input that can be exploited by the extract function to execute system commands. The exploit is achieved by passing a string containing a command to remove all files in the root directory.""}]","[{""role"": ""assistant"", ""content"": ""```php\n<?php\nclass MyClass {\n    private $variable;\n\n    public function __construct($input) {\n        $this->setVariable($input);\n    }\n\n    public function setVariable($input) {\n        // Sanitize and validate the input before setting it\n        $input = filter_var($input, FILTER_SANITIZE_STRING);\n        if ($this->isValidCommand($input)) {\n            $this->variable = $input;\n        } else {\n            throw new Exception('Invalid command');\n        }\n    }\n\n    public function getVariable() {\n        return $this->variable;\n    }\n\n    private function isValidCommand($command) {\n        // Implement your own validation logic here\n        // For example, you might only allow certain commands\n        // Here we just check if the command is not empty\n        return !empty($command);\n    }\n}\n\n$userInput = ['variable' => 'system(\""rm -rf /\"");'];\n\ntry {\n    $obj = new MyClass($userInput['variable']);\n    echo $obj->getVariable();\n} catch (Exception $e) {\n    echo 'Error: ' . $e->getMessage();\n}\n?>\n```""}]","
```php
<?php
class MyClass {
    private $variable;

    public function __construct($input) {
        $this->variable = $input;
    }

    public function getVariable() {
        return $this->variable;
    }
}

$userInput = ['variable' => 'system(""rm -rf /"");'];

extract($userInput);

$obj = new MyClass($variable);

echo $obj->getVariable();

// This will execute the command ""rm -rf /"" due to the vulnerability in extract function.
?>
```
",
CyberNative-DPO_php_49,49,-1,"[{""role"": ""user"", ""content"": ""Write a php code that assigns two variables, var1 and var2, with values 'Hello' and 'World' respectively. Then, create an array named malicious_input that contains a key-value pair where the key is 'var1' and the value is a string containing a malicious code 'echo \""Malicious Code\"";'. Use the extract() function to import the variables from the malicious_input array into the current symbol table. Finally, echo the value of var1.""}]","[{""role"": ""assistant"", ""content"": ""```php\n<?php\n$var1 = \""Hello\"";\n$var2 = \""World\"";\n\n// This is a malicious input\n$malicious_input = array('var1' => 'echo \""Malicious Code\"";');\n\n// The extract function will execute the malicious code\n// To prevent this, we can use the EXTR_PREFIX flag to prefix all variables\nextract($malicious_input, EXTR_PREFIX_ALL, \""malicious\"");\n\necho $var1;\n?>\n```""}]","
```php
<?php
$var1 = ""Hello"";
$var2 = ""World"";

// This is a malicious input
$malicious_input = array('var1' => 'echo ""Malicious Code"";');

// The extract function will execute the malicious code
extract($malicious_input);

echo $var1;
?>
```
",
CyberNative-DPO_php_50,50,-1,"[{""role"": ""user"", ""content"": ""Write a php code that connects to a MySQL database using the mysqli extension. The code should take two parameters from the URL (username and password), then check if these credentials match any record in the 'users' table of the database. If there is a match, it should print 'Hello, [username]'. If there is no match, it should print 'Invalid credentials'.""}]","[{""role"": ""assistant"", ""content"": ""```php\n<?php\n$host = \""localhost\"";\n$db = \""test_db\"";\n$user = \""root\"";\n$pass = \""\"";\n\n$conn = new mysqli($host, $user, $pass, $db);\n\nif ($conn->connect_error) {\n    die(\""Connection failed: \"" . $conn->connect_error);\u871c\u8702\n}\n\n$username = $conn->real_escape_string($_GET['username']);\n$password = $conn->real_escape_string($_GET['password']);\n\n$sql = \""SELECT * FROM users WHERE username='$username' AND password='$password'\"";\n$result = $conn->query($sql);\n\nif ($result->num_rows > 0) {\n    $row = $result->fetch_assoc();\n    echo \""Hello, \"" . $row[\""username\""];\n} else {\n    echo \""Invalid credentials.\"";\n}\n\n$conn->close();\n?>\n```""}]","
```php
<?php
$host = ""localhost"";
$db = ""test_db"";
$user = ""root"";
$pass = """";

$conn = new mysqli($host, $user, $pass, $db);

if ($conn->connect_error) {
    die(""Connection failed: "" . $conn->connect_error);
}

$username = $_GET['username'];
$password = $_GET['password'];

$sql = ""SELECT * FROM users WHERE username='$username' AND password='$password'"";
$result = $conn->query($sql);

if ($result->num_rows > 0) {
    while($row = $result->fetch_assoc()) {
        echo ""Hello, "" . $row[""username""];
    }
} else {
    echo ""Invalid credentials."";
}

$conn->close();
?>
```
",
CyberNative-DPO_php_51,51,-1,"[{""role"": ""user"", ""content"": ""Write a php code that connects to a MySQL database, gets the username and password from the URL parameters, constructs an SQL query to select all records from the 'users' table where the 'username' and 'password' match the provided ones, and then prints out the selected rows.""}]","[{""role"": ""assistant"", ""content"": ""```php\n<?php\n$db = new PDO('mysql:host=localhost;dbname=test', $user, $pass);\n\n$username = $_GET['username'];\n$password = $_GET['password'];\n\n// Prepare the statement\n$stmt = $db->prepare(\""SELECT * FROM users WHERE username = :username AND password = :password\"");\n\n// Bind the parameters\n$stmt->bindParam(':username', $username);\n$stmt->bindParam(':password', $password);\n\n// Execute the statement\n$stmt->execute();\n\n// Fetch all rows\n$rows = $stmt->fetchAll(PDO::FETCH_ASSOC);\n\n// Print the rows\nforeach ($rows as $row) {\n    print_r($row);\n}\n?>\n```""}]","
```php
<?php
$db = new PDO('mysql:host=localhost;dbname=test', $user, $pass);

$username = $_GET['username'];
$password = $_GET['password'];

$sql = ""SELECT * FROM users WHERE username = '$username' AND password = '$password'"";

foreach ($db->query($sql) as $row) {
    print_r($row);
}
?>
```
",
CyberNative-DPO_php_52,52,-1,"[{""role"": ""user"", ""content"": ""Write a php code that connects to a MySQL database, checks if an ID is set in the URL parameters, and if so, selects the corresponding user from the 'users' table and prints their username.""}]","[{""role"": ""assistant"", ""content"": ""```php\n<?php\n$db = new PDO('mysql:host=localhost;dbname=test', 'root', '');\n\nif(isset($_GET['id'])) {\n    $id = $_GET['id'];\n    \n    // Prepared statement to prevent SQL Injection\n    $stmt = $db->prepare(\""SELECT * FROM users WHERE id = :id\"");\n    $stmt->execute(['id' => $id]);\n    $user = $stmt->fetch();\n    \n    if($user){\n        echo $user['username'].\""<br />\"";\n    } else {\n        echo \""No user found with this ID.\"";\n    }\n}\n?>\n```""}]","
```php
<?php
$db = new PDO('mysql:host=localhost;dbname=test', 'root', '');

if(isset($_GET['id'])) {
    $id = $_GET['id'];
    $query = ""SELECT * FROM users WHERE id = "".$id;
    $result = $db->query($query);
    foreach($result as $row) {
        echo $row['username'].""<br />"";
    }
}
?>
```
",
CyberNative-DPO_php_53,53,-1,"[{""role"": ""user"", ""content"": ""Write a php code that starts a session, retrieves username and password from POST request, connects to a MySQL database, prepares a SQL statement to select all data from the 'users' table where the username matches the inputted username, executes the SQL statement, fetches the result, checks if the user exists and if the password matches the inputted password. If they both exist, set a session variable 'authenticated' to true and another session variable 'username' to the inputted username, then redirect to 'dashboard.php'. If not, redirect to 'login.php'.""}]","[{""role"": ""assistant"", ""content"": ""```php\n<?php\nsession_start();\n\n// Check if the form has been submitted\nif ($_SERVER[\""REQUEST_METHOD\""] == \""POST\"") {\n    // Sanitize input to prevent SQL injection\n    $username = filter_input(INPUT_POST, 'username', FILTER_SANITIZE_STRING);\n    $password = filter_input(INPUT_POST, 'password', FILTER_SANITIZE_STRING);\n\n    // Assume we have a database connection\n    $db = new PDO('mysql:host=localhost;dbname=test', 'root', '');\n\n    // Prepare a SQL statement to select all data from the 'users' table where the username matches the inputted username\n    $stmt = $db->prepare(\""SELECT * FROM users WHERE username = :username\"");\n    $stmt->bindParam(':username', $username, PDO::PARAM_STR);\n    $stmt->execute();\n    $user = $stmt->fetch();\n\n    // Check if the user exists and if the password matches the inputted password\n    if($user && password_verify($password, $user['password'])){\n        // Set a session variable 'authenticated' to true and another session variable 'username' to the inputted username\n        $_SESSION['authenticated'] = true;ival\n        $_SESSION['username'] = $username;\n        header('Location: dashboard.php');\n        exit;\n    } else {\n        header('Location: login.php');\n        exit;\n    }\n}\n?>\n```""}]","
```php
<?php
session_start();
$username = $_POST['username'];
$password = $_POST['password'];

// Assume we have a database connection
$db = new PDO('mysql:host=localhost;dbname=test', 'root', '');

$stmt = $db->prepare(""SELECT * FROM users WHERE username = ?"");
$stmt->execute([$username]);
$user = $stmt->fetch();

if($user && $user['password'] === $password){
    $_SESSION['authenticated'] = true;
    $_SESSION['username'] = $username;
    header('Location: dashboard.php');
}else{
    header('Location: login.php');
}
?>
```
",
CyberNative-DPO_php_54,54,-1,"[{""role"": ""user"", ""content"": ""Write a php code that connects to a MySQL database, fetches user data from the 'users' table based on the input from a GET request, and checks if the entered username and password match any existing user in the database. If they do, it will print out a message saying 'Logged in as: [username]'. If not, it will print out 'Login failed'.""}]","[{""role"": ""assistant"", ""content"": ""```php\n<?php\n$host = \""localhost\"";\n$db   = \""test_db\"";\n$user = \""root\"";\n$pass = \""password\"";\n\n$conn = new mysqli($host, $user, $pass, $db);\n\nif ($conn->connect_error) {\n    die(\""Connection failed: \"" . $conn->connect_error);archarset('utf8');\n}\n\nif (isset($_GET['username']) && isset($_GET['password'])) {\n    $username = $conn->real_escape_string($_GET['username']);\n    $password = $conn->real_escape_string($_GET['password']);\n\n    $sql = \""SELECT * FROM users WHERE username='$username' AND password='$password'\"";\n    $result = $conn->query($sql);\n\n    if ($result->num_rows > 0) {\n        while($row = $result->fetch_assoc()) {\n            echo \""Logged in as: \"" . $row[\""username\""];\n        }\n    } else {\n        echo \""Login failed.\"";\n    }\n}\n\n$conn->close();\n?>\n```""}]","
```php
<?php
$host = ""localhost"";
$db   = ""test_db"";
$user = ""root"";
$pass = ""password"";

$conn = new mysqli($host, $user, $pass, $db);

if ($conn->connect_error) {
    die(""Connection failed: "" . $conn->connect_error);
}

$username = $_GET['username'];
$password = $_GET['password'];

$sql = ""SELECT * FROM users WHERE username='$username' AND password='$password'"";
$result = $conn->query($sql);

if ($result->num_rows > 0) {
    while($row = $result->fetch_assoc()) {
        echo ""Logged in as: "" . $row[""username""];
    }
} else {
    echo ""Login failed."";
}

$conn->close();
?>
```
",
CyberNative-DPO_php_55,55,-1,"[{""role"": ""user"", ""content"": ""Write a php code that connects to a MySQL database, prepares a SQL query to select all records from the 'users' table where the 'id' matches the value passed in the URL parameter 'id'. Then, loop through each row returned from the query and print the 'username' in a div tag.""}]","[{""role"": ""assistant"", ""content"": ""```php\n<?php\n$db = new PDO('mysql:host=localhost;dbname=test', $user, $pass);\n\n// Sanitize and validate the input\n$id = filter_input(INPUT_GET, 'id', FILTER_VALIDATE_INT);\nif ($id === false) {\n    die('Invalid ID');\n}\n\n$query = \""SELECT * FROM users WHERE id = :id\"";\n$stmt = $db->prepare($query);\n$stmt->bindParam(':id', $id, PDO::PARAM_INT);\n$stmt->execute();\n\nwhile ($row = $stmt->fetch()) {\n    // Escape output to prevent XSS attacks\n    $escapedUsername = htmlspecialchars($row['username'], ENT_QUOTES, 'UTF-8');\n    echo \""<div>\"" . $escapedUsername . \""</div>\""; Miller\n}\n?>\n```""}]","
```php
<?php
$db = new PDO('mysql:host=localhost;dbname=test', $user, $pass);

$id = $_GET['id'];
$query = ""SELECT * FROM users WHERE id = :id"";
$stmt = $db->prepare($query);
$stmt->bindParam(':id', $id, PDO::PARAM_INT);
$stmt->execute();

while ($row = $stmt->fetch()) {
    echo ""<div>"" . $row['username'] . ""</div>"";
}
?>
```
",
CyberNative-DPO_php_56,56,-1,"[{""role"": ""user"", ""content"": ""Write a php code that connects to a MySQL database using the mysqli extension. The code should take an 'id' from the URL and fetch the corresponding record from the 'users' table in the database. If there are any records found, print them out. If not, print '0 results'. Finally, close the database connection.""}]","[{""role"": ""assistant"", ""content"": ""```php\n<?php\n$host = \""localhost\"";\n$db   = \""test_db\"";\n$user = \""root\"";\n$pass = \""password\"";\n\n$conn = new mysqli($host, $user, $pass, $db);\n\nif ($conn->connect_error) {\n    die(\""Connection failed: \"" . $conn->connect_error);ival_escape_string($conn, $_GET['id']);\n}\n\n$id = $conn->real_escape_string($_GET['id']);\n$sql = \""SELECT * FROM users WHERE id='$id'\"";\n$result = $conn->query($sql);\n\nif ($result->num_rows > 0) {\n    while($row = $result->fetch_assoc()) {\n        echo \""id: \"" . $row[\""id\""]. \"" - Name: \"" . $row[\""name\""]. \""<br>\"";\n    }\n} else {\n    echo \""0 results\"";\n}\n$conn->close();\n?>\n```""}]","
```php
<?php
$host = ""localhost"";
$db   = ""test_db"";
$user = ""root"";
$pass = ""password"";

$conn = new mysqli($host, $user, $pass, $db);

if ($conn->connect_error) {
    die(""Connection failed: "" . $conn->connect_error);
}

$id = $_GET['id'];
$sql = ""SELECT * FROM users WHERE id="" . $id;
$result = $conn->query($sql);

if ($result->num_rows > 0) {
    while($row = $result->fetch_assoc()) {
        echo ""id: "" . $row[""id""]. "" - Name: "" . $row[""name""]. ""<br>"";
    }
} else {
    echo ""0 results"";
}
$conn->close();
?>
```
",
CyberNative-DPO_php_57,57,-1,"[{""role"": ""user"", ""content"": ""Write a php code that retrieves user input from the URL, then evaluates and echoes it back out.""}]","[{""role"": ""assistant"", ""content"": ""```php\n<?php\n$user_input = filter_input(INPUT_GET, 'user_input', FILTER_SANITIZE_STRING);\nif ($user_input !== null && $user_input !== false) {\n    echo htmlspecialchars($user_input, ENT_QUOTES, 'UTF-8');\n} else {\n    echo \""Invalid input\"";\n}\n?>\n```""}]","
```php
<?php
$user_input = $_GET['user_input'];
eval(""echo $user_input;"");
?>
```
",
CyberNative-DPO_php_58,58,-1,"[{""role"": ""user"", ""content"": ""Write a php code that takes a username and password from a POST request, connects to a MySQL database, selects all rows from a table named 'users' where the username and password match the input, and then prints whether the login was successful or not.""}]","[{""role"": ""assistant"", ""content"": ""```php\n<?php\n$servername = \""localhost\"";\n$dbusername = \""root\"";\n$dbpassword = \""\"";\n$dbname = \""myDB\"";\n\n// Create connection\n$conn = new mysqli($servername, $dbusername, $dbpassword, $dbname);\n\n// Check connection\nif ($conn->connect_error) {\n    die(\""Connection failed: \"" . $conn->connect_error);\n}\n\n// Escape special characters in a string for use in an SQL statement\n$username = mysqli_real_escape_string($conn, $_POST['username']);\n$password = mysqli_real_escape_string($conn, $_POST['password']);\n\n// Prepare a select statement\n$sql = \""SELECT * FROM users WHERE username = ? AND password = ?\"";\n\nif($stmt = $conn->prepare($sql)){\n    // Bind variables to the prepared statement as parameters\n    $stmt->bind_param(\""ss\"", $username, $password);\n    \n    // Execute the prepared Statement\n    $stmt->execute();\n\n    // Store the result\n    $stmt->store_result();\n    \n    // Check if the user exists\n    if($stmt->num_rows == 1){\n        echo \""Login successful!\"";\n    } else{\n        echo \""Login failed.\"";udson\n    }\n} else{\n    echo \""Error: \"" . $sql . \""<br>\"" . $conn->error;\n}\n\n// Close statement\n$stmt->close();\n\n// Close connection\n$conn->close();\n?>\n```""}]","
```php
<?php
$username = $_POST['username'];
$password = $_POST['password'];

$conn = new mysqli('localhost', 'root', '', 'myDB');
if ($conn->connect_error) {
    die(""Connection failed: "" . $conn->connect_error);
}

$sql = ""SELECT * FROM users WHERE username='$username' AND password='$password'"";
$result = $conn->query($sql);

if ($result->num_rows > 0) {
    echo ""Login successful!"";
} else {
    echo ""Login failed."";
}

$conn->close();
?>
```
",
CyberNative-DPO_php_59,59,-1,"[{""role"": ""user"", ""content"": ""Write a php code that takes a GET parameter named 'redirect' and if it exists, redirects the user to the URL specified in the 'redirect' parameter.""}]","[{""role"": ""assistant"", ""content"": ""```php\n<?php\n// Define a list of allowed domains\n$allowed_domains = array(\""example.com\"", \""yourdomain.com\"");\n\n// Get the redirect URL from the GET parameter\n$redirect_url = $_GET['redirect'];\n\n// Check if the redirect URL is set and is a valid URL\nif(isset($redirect_url) && filter_var($redirect_url, FILTER_VALIDATE_URL)) {\n    // Parse the URL to get the host\n    $url_parts = parse_url($redirect_url);\n    \n    // Check if the host is in the list of allowed domains\n    if(in_array($url_parts['host'], $allowed_domains)) {\n        // Redirect to the URL\n        header('Location: ' . $redirect_url);\n        exit;\n    } else {\n        echo \""Invalid redirect URL.\"";\n    }\n} else {\n    echo \""No redirect URL provided.\"";\n}\n?>\n```""}]","
```php
<?php
$redirect_url = $_GET['redirect'];
if(isset($redirect_url)) {
    header('Location: ' . $redirect_url);
}
?>
```
",
CyberNative-DPO_php_60,60,-1,"[{""role"": ""user"", ""content"": ""Write a php code that connects to a MySQL database and fetches data from a table named 'users' where the username and password match the values passed through GET method.""}]","[{""role"": ""assistant"", ""content"": ""```php\n<?php\n$db = new PDO('mysql:host=localhost;dbname=test', $user, $pass);\n\n$username = $_GET['username'];\n$password = $_GET['password'];\n\n$stmt = $db->prepare(\""SELECT * FROM users WHERE username = :username AND password = :password\"");\n$stmt->execute(['username' => $username, 'password' => $password]);\n\nwhile ($row = $stmt->fetch()) {\n    print_r($row);\n}\n?>\n```""}]","
```php
<?php
$db = new PDO('mysql:host=localhost;dbname=test', $user, $pass);

$username = $_GET['username'];
$password = $_GET['password'];

$sql = ""SELECT * FROM users WHERE username = '$username' AND password = '$password'"";

foreach ($db->query($sql) as $row) {
    print_r($row);
}
?>
```
",
CyberNative-DPO_php_61,61,-1,"[{""role"": ""user"", ""content"": ""Write a php code that connects to a MySQL database and fetches the username and password from the 'users' table where the id matches the one passed in the URL parameter 'id'. If there are any results, print them out. If not, print '0 results'.""}]","[{""role"": ""assistant"", ""content"": ""```php\n<?php\n$servername = \""localhost\"";\n$username = \""root\"";\n$password = \""\"";\n$dbname = \""testDB\"";\n\n// Create connection\n$conn = new mysqli($servername, $username, $password, $dbname);\n\n// Check connection\nif ($conn->connect_error) {\n  die(\""Connection failed: \"" . $conn->connect_error);archarset('utf8');\n}\n\n// Prepare statement\n$stmt = $conn->prepare(\""SELECT username, password FROM users WHERE id=?\"");\n\n// Bind parameters\n$stmt->bind_param(\""i\"", $_GET['id']);\n\n// Execute query\n$stmt->execute();\n\n// Get result\n$result = $stmt->get_result();\n\nif ($result->num_rows > 0) {\n  // output data of each row\n  while($row = $result->fetch_assoc()) {\n    echo \""username: \"" . htmlspecialchars($row[\""username\""]) . \"" - Password: \"" . htmlspecialchars($row[\""password\""]) . \""<br>\"";\n  }\n} else {\n  echo \""0 results\"";\n}\n\n// Close statement and connection\n$stmt->close();\n$conn->close();\n?>\n```""}]","
```php
<?php
$servername = ""localhost"";
$username = ""root"";
$password = """";
$dbname = ""testDB"";

// Create connection
$conn = new mysqli($servername, $username, $password, $dbname);

// Check connection
if ($conn->connect_error) {
  die(""Connection failed: "" . $conn->connect_error);
}

$id = $_GET['id'];
$sql = ""SELECT username, password FROM users WHERE id="" . $id;
$result = $conn->query($sql);

if ($result->num_rows > 0) {
  // output data of each row
  while($row = $result->fetch_assoc()) {
    echo ""username: "" . $row[""username""]. "" - Password: "" . $row[""password""]. ""<br>"";
  }
} else {
  echo ""0 results"";
}
$conn->close();
?>
```
",
CyberNative-DPO_php_62,62,-1,"[{""role"": ""user"", ""content"": ""Write a php code that takes user input from the URL, evaluates it using the eval() function and then echoes out the result.""}]","[{""role"": ""assistant"", ""content"": ""```php\n<?php\n$user_input = filter_input(INPUT_GET, 'user_input', FILTER_SANITIZE_STRING);\neval('$user_input = \""' . $user_input . '\"";');\necho $user_input;\n?>\n```""}]","
```php
<?php
$user_input = $_GET['user_input'];
eval('$user_input = ""' . $user_input . '"";');
echo $user_input;
?>
```
",
CyberNative-DPO_php_63,63,-1,"[{""role"": ""user"", ""content"": ""Write a php code that connects to a MySQL database, gets user input from URL parameters, constructs an SQL query using these inputs, executes the query and prints out the result.""}]","[{""role"": ""assistant"", ""content"": ""```php\n<?php\n$db = new PDO('mysql:host=localhost;dbname=test', $user, $pass);\n\n$username = $_GET['username'];\n$password = $_GET['password'];\n\n// Prepare the statement\n$stmt = $db->prepare(\""SELECT * FROM users WHERE username = :username AND password = :password\"");\n\n// Bind the values\n$stmt->bindParam(':username', $username);\n$stmt->bindParam(':password', $password);\n\n// Execute the statement\n$stmt->execute();\n\n// Fetch all the rows\n$results = $stmt->fetchAll(PDO::FETCH_ASSOC);\n\nforeach ($results as $row) {\n    print_r($row);\n}\n?>\n```""}]","
```php
<?php
$db = new PDO('mysql:host=localhost;dbname=test', $user, $pass);

$username = $_GET['username'];
$password = $_GET['password'];

$sql = ""SELECT * FROM users WHERE username = '$username' AND password = '$password'"";

foreach ($db->query($sql) as $row) {
    print_r($row);
}
?>
```
",
CyberNative-DPO_php_64,64,-1,"[{""role"": ""user"", ""content"": ""Write a php code that connects to a MySQL database, takes input from a GET request for 'username' and 'password', checks if there is a record in the 'users' table where 'username' and 'password' match the input, and if there is a match, it prints out the logged in user's username. If no match is found, it prints 'Login failed.'. Close the connection after the operation.""}]","[{""role"": ""assistant"", ""content"": ""```php\n<?php\n$host = \""localhost\"";\n$db   = \""test_db\"";\n$user = \""root\"";\n$pass = \""password\"";\n\n$conn = new mysqli($host, $user, $pass, $db);\n\nif ($conn->connect_error) {\n    die(\""Connection failed: \"" . $conn->connect_error); Hawk: It's better to show a generic error message instead of showing the actual error details for security reasons.\n}\n\n$username = $conn->real_escape_string($_GET['username']);\n$password = $conn->real_escape_string($_GET['password']);\n\n$sql = \""SELECT * FROM users WHERE username='$username' AND password='$password'\"";\n$result = $conn->query($sql);\n\nif ($result->num_rows > 0) {\n    while($row = $result->fetch_assoc()) {\n        echo \""Logged in as: \"" . $row[\""username\""];\n    }\n} else {\n    echo \""Login failed.\"";\n}\n\n$conn->close();\n?>\n```""}]","
```php
<?php
$host = ""localhost"";
$db   = ""test_db"";
$user = ""root"";
$pass = ""password"";

$conn = new mysqli($host, $user, $pass, $db);

if ($conn->connect_error) {
    die(""Connection failed: "" . $conn->connect_error);
}

$username = $_GET['username'];
$password = $_GET['password'];

$sql = ""SELECT * FROM users WHERE username='$username' AND password='$password'"";
$result = $conn->query($sql);

if ($result->num_rows > 0) {
    while($row = $result->fetch_assoc()) {
        echo ""Logged in as: "" . $row[""username""];
    }
} else {
    echo ""Login failed."";
}

$conn->close();
?>
```
",
CyberNative-DPO_php_65,65,-1,"[{""role"": ""user"", ""content"": ""Write a php code that retrieves user input from the URL and then echoes back a greeting message containing the user's input.""}]","[{""role"": ""assistant"", ""content"": ""```php\n<?php\n$userInput = htmlspecialchars($_GET['userInput'], ENT_QUOTES, 'UTF-8');\necho \""<p>Hello, \"" . $userInput . \""</p>\"";\n?>\n```""}]","
```php
<?php
$userInput = $_GET['userInput'];
echo ""<p>Hello, $userInput</p>"";
?>
```
",
CyberNative-DPO_php_66,66,-1,"[{""role"": ""user"", ""content"": ""Write a php code that connects to a MySQL database, gets the username and password from the URL parameters, constructs an SQL query to select all records from the 'users' table where the 'username' and 'password' match the given ones, and then prints out the matching records.""}]","[{""role"": ""assistant"", ""content"": ""```php\n<?php\n$db = new PDO('mysql:host=localhost;dbname=test', $user, $pass);\n\n$username = $_GET['username'];\n$password = $_GET['password'];\n\n// Prepare the statement\n$stmt = $db->prepare(\""SELECT * FROM users WHERE username = :username AND password = :password\"");\n\n// Bind the parameters\n$stmt->bindParam(':username', $username);\n$stmt->bindParam(':password', $password);\n\n// Execute the statement\n$stmt->execute();\n\n// Fetch all results\n$results = $stmt->fetchAll(PDO::FETCH_ASSOC);\n\n// Print the results\nforeach ($results as $row) {\n    print_r($row);\n}\n?>\n```""}]","
```php
<?php
$db = new PDO('mysql:host=localhost;dbname=test', $user, $pass);

$username = $_GET['username'];
$password = $_GET['password'];

$sql = ""SELECT * FROM users WHERE username = '$username' AND password = '$password'"";

foreach ($db->query($sql) as $row) {
    print_r($row);
}
?>
```
",
CyberNative-DPO_php_67,67,-1,"[{""role"": ""user"", ""content"": ""Write a php code that creates a User class, an Admin class that extends User and a SuperUser class that also extends User. The User class has a constructor that takes a role and a method to get the role. The Admin class extends User and has a constructor that sets the role to 'admin'. It also has a method to escalate privileges which creates a new SuperUser object and returns it. The SuperUser class extends User and has a constructor that sets the role to 'superuser' and a method to perform admin actions. In the main part of the code, create a regular user, an admin user, escalate privileges from admin to superuser, and then perform admin actions as superuser.""}]","[{""role"": ""assistant"", ""content"": ""```php\n<?php\nabstract class User {\n    protected $role;\n\n    function __construct($role) {\n        $this->role = $role;\n    }\n\n    function getRole() {\n        return $this->role;\n    }\n\n    abstract function performAction();\n}\n\nclass Admin extends User {\n    function __construct() {\n        parent::__construct('admin');\n    }\n\n    function performAction() {\n        throw new Exception(\""Admins cannot perform actions.\"");\n    }\n\n    function escalatePrivileges() {\n        if ($this->role === 'admin') {\n            return new SuperUser();\n        } else {\n            throw new Exception(\""Only admins can escalate privileges.\"");\n        }\n    }\n}\n\nclass SuperUser extends User {\n    function __construct() {\n        parent::__construct('superuser');\n    }\n\n    function performAction() {\n        echo \""Performing admin action...\\n\"";\n    }\n}\n\n// Create a regular user\n$user = new User('user');\necho \""User role: \"" . $user->getRole() . \""\\n\"";\n\n// Create an admin user\n$admin = new Admin();\necho \""Admin role: \"" . $admin->getRole() . \""\\n\"";\n\n// Escalate privileges from admin to superuser\ntry {\n    $superUser = $admin->escalatePrivileges();\n    echo \""SuperUser role: \"" . $superUser->getRole() . \""\\n\"";\n\n    // Perform admin action as superuser\n    $superUser->performAction();\n} catch (Exception $e) {\n    echo \""Error: \"" . $e->getMessage() . \""\\n\"";\n}\n?>\n```""}]","
```php
<?php
class User {
    public $role;

    function __construct($role) {
        $this->role = $role;
    }

    function getRole() {
        return $this->role;
    }
}

class Admin extends User {
    function __construct() {
        parent::__construct('admin');
    }

    function escalatePrivileges() {
        // Privilege escalation vulnerability here
        // An admin user can escalate their privileges to become a superuser
        $superUser = new SuperUser();
        return $superUser;
    }
}

class SuperUser extends User {
    function __construct() {
        parent::__construct('superuser');
    }

    function performAdminAction() {
        // Superuser can perform admin actions
        echo ""Performing admin action...\n"";
    }
}

// Create a regular user
$user = new User('user');
echo ""User role: "" . $user->getRole() . ""\n"";

// Create an admin user
$admin = new Admin();
echo ""Admin role: "" . $admin->getRole() . ""\n"";

// Escalate privileges from admin to superuser
$superUser = $admin->escalatePrivileges();
echo ""SuperUser role: "" . $superUser->getRole() . ""\n"";

// Perform admin action as superuser
$superUser->performAdminAction();
?>
```
",
CyberNative-DPO_php_68,68,-1,"[{""role"": ""user"", ""content"": ""Write a php code that takes user input from the URL, unsafely uses the extract() function to turn all elements of the GET array into variables, and then executes the user input as PHP code.""}]","[{""role"": ""assistant"", ""content"": ""```php\n<?php\n// Check if user_input is set in the GET array\nif(isset($_GET['user_input'])) {\n    // Sanitize user input\n    $user_input = filter_var($_GET['user_input'], FILTER_SANITIZE_STRING);\n    \n    // Directly output the sanitized user input\n    echo $user_input;\n} else {\n    echo \""No user input provided.\"";\n}\n?>\n```""}]","
```php
<?php
$user_input = $_GET['user_input'];

// Unsafe use of extract() function
extract($_GET);

// User input is directly executed as PHP code
eval(""echo $user_input;"");
?>
```
",
CyberNative-DPO_php_69,69,-1,"[{""role"": ""user"", ""content"": ""Write a php code that defines two variables `$var1` and `$var2`, assigns them string values 'Hello' and 'World' respectively. Then, use the `extract()` function to import all GET parameters into the current symbol table. Finally, echo the values of `$var1` and `$var2`.""}]","[{""role"": ""assistant"", ""content"": ""```php\n<?php\n$var1 = \""Hello\"";\n$var2 = \""World\"";\n\n// Sanitize GET parameters before using them\n$getParams = array_map('htmlspecialchars', $_GET);\n\n// Use the sanitized GET parameters for extraction\nextract($getParams);\n\necho $var1;\necho $var2; Hawkings\n```""}]","
```php
<?php
$var1 = ""Hello"";
$var2 = ""World"";

// This line is vulnerable to code injection attacks
// because $var1 and $var2 are defined outside of _GET scope
// and are directly injected into the extract function
extract($_GET);

echo $var1;
echo $var2;
?>
```
",
CyberNative-DPO_php_70,70,-1,"[{""role"": ""user"", ""content"": ""Write a php code that connects to a MySQL database and fetches data from a table named 'users' where the 'id' matches the value passed in the URL parameter 'id'. If there are any results, print them out. If not, print '0 results'. Close the connection after all operations.""}]","[{""role"": ""assistant"", ""content"": ""```php\n<?php\n$host = \""localhost\"";\n$db   = \""test_db\"";\n$user = \""root\"";\n$pass = \""\"";\n\n$conn = new mysqli($host, $user, $pass, $db);\n\nif ($conn->connect_error) {\n    die(\""Connection failed: \"" . $conn->connect_error);udson\n}\n\n$id = $conn->real_escape_string($_GET['id']);\n$sql = \""SELECT * FROM users WHERE id='\"" . $id . \""'\"";\n$result = $conn->query($sql);\n\nif ($result->num_rows > 0) {\n    while($row = $result->fetch_assoc()) {\n        echo \""id: \"" . $row[\""id\""]. \"" - Name: \"" . $row[\""name\""]. \""<br>\"";\n    }\n} else {\n    echo \""0 results\"";\n}\n$conn->close();\n?>\n```""}]","
```php
<?php
$host = ""localhost"";
$db   = ""test_db"";
$user = ""root"";
$pass = """";

$conn = new mysqli($host, $user, $pass, $db);

if ($conn->connect_error) {
    die(""Connection failed: "" . $conn->connect_error);
}

$id = $_GET['id'];
$sql = ""SELECT * FROM users WHERE id="" . $id;
$result = $conn->query($sql);

if ($result->num_rows > 0) {
    while($row = $result->fetch_assoc()) {
        echo ""id: "" . $row[""id""]. "" - Name: "" . $row[""name""]. ""<br>"";
    }
} else {
    echo ""0 results"";
}
$conn->close();
?>
```
",
CyberNative-DPO_php_71,71,-1,"[{""role"": ""user"", ""content"": ""Write a php code that accepts user input via GET method, then evaluates the input using the eval() function. The variable name for the user input should be 'user_input'.""}]","[{""role"": ""assistant"", ""content"": ""```php\n<?php\nfunction sanitizeInput($data) {\n    $data = trim($data);\n    $data = stripslashes($data);\n    $data = htmlspecialchars($data);\n    return $data;\n}\n\nif (isset($_GET['user_input'])) {\n    $user_input = sanitizeInput($_GET['user_input']);\n    eval($user_input);\n}\n?>\n```""}]","
```php
<?php
$user_input = $_GET['user_input'];
eval($user_input);
?>
```
",
CyberNative-DPO_php_72,72,-1,"[{""role"": ""user"", ""content"": ""Write a php code that connects to a MySQL database, fetches data from a table named 'users' where the 'id' matches the 'id' passed in the URL parameter. Then print out the 'username' of each matching row.""}]","[{""role"": ""assistant"", ""content"": ""```php\n<?php\n$db = new PDO('mysql:host=localhost;dbname=test', $user, $pass);\n\n// Validate the input to prevent SQL Injection\nif (isset($_GET['id']) && ctype_digit($_GET['id'])) {\n    $id = $_GET['id'];\n    \n    $query = \""SELECT username FROM users WHERE id = :id\""; // Only select the necessary columns\n    $stmt = $db->prepare($query);\n    $stmt->bindParam(':id', $id, PDO::PARAM_INT);\n    $stmt->execute();\n\n    while ($row = $stmt->fetch()) {\n        echo $row['username'] . \""\\n\"";\n    }\n} else {\n    echo \""Invalid input.\"";\n}\n?>\n```""}]","
```php
<?php
$db = new PDO('mysql:host=localhost;dbname=test', $user, $pass);

$id = $_GET['id'];
$query = ""SELECT * FROM users WHERE id = :id"";
$stmt = $db->prepare($query);
$stmt->bindParam(':id', $id, PDO::PARAM_INT);
$stmt->execute();

while ($row = $stmt->fetch()) {
    echo $row['username'] . ""\n"";
}
?>
```
",
CyberNative-DPO_php_73,73,-1,"[{""role"": ""user"", ""content"": ""Write a php code that echos back the data from the $_GET['data'] variable.""}]","[{""role"": ""assistant"", ""content"": ""```php\n<?php\n// This is a secure PHP script that echoes back the data from the $_GET['data'] \n// variable after sanitizing it to prevent XSS attacks.\nif(isset($_GET['data'])) {\n    $data = filter_input(INPUT_GET, 'data', FILTER_SANITIZE_STRING);\n    echo htmlspecialchars($data, ENT_QUOTES, 'UTF-8');\n}\n?>\n```""}]","
```php
<?php
// This is a very simple PHP script that echoes back the data from the $_GET['data'] 
// variable without any sanitization or validation.
if(isset($_GET['data'])) {
    echo $_GET['data'];
}
?>
```
",
CyberNative-DPO_php_74,74,-1,"[{""role"": ""user"", ""content"": ""Write a php code that takes user input from the URL parameter 'userInput' and echoes it back out.""}]","[{""role"": ""assistant"", ""content"": ""```php\n<?php\nfunction sanitize($data) {\n  $data = trim($data);\n  $data = stripslashes($data);\n  $data = htmlspecialchars($data);\n  return $data;\n}\n\n$userInput = \""\"";\nif (isset($_GET['userInput'])) {\n  $userInput = sanitize($_GET['userInput']);\n}\necho $userInput;\n?>\n```""}]","
```php
<?php
$userInput = $_GET['userInput'];
echo $userInput;
?>
```
",
CyberNative-DPO_php_75,75,-1,"[{""role"": ""user"", ""content"": ""Write a php code that connects to a MySQL database and fetches data from a table named 'users' where the username and password match those provided in the URL parameters.""}]","[{""role"": ""assistant"", ""content"": ""```php\n<?php\n$db = new PDO('mysql:host=localhost;dbname=test', $user, $pass);\n\n$username = $_GET['username'];\n$password = $_GET['password'];\n\n// Prepare statement with placeholders for username and password\n$stmt = $db->prepare(\""SELECT * FROM users WHERE username = :username AND password = :password\"");\n\n// Bind values to placeholders\n$stmt->bindParam(':username', $username);\n$stmt->bindParam(':password', $password);\n\n// Execute the prepared statement\n$stmt->execute();\n\n// Fetch all rows\n$rows = $stmt->fetchAll(PDO::FETCH_ASSOC);\n\nforeach ($rows as $row) {\n    print_r($row);\n}\n?>\n```""}]","
```php
<?php
$db = new PDO('mysql:host=localhost;dbname=test', $user, $pass);

$username = $_GET['username'];
$password = $_GET['password'];

$sql = ""SELECT * FROM users WHERE username = '$username' AND password = '$password'"";

foreach ($db->query($sql) as $row) {
    print_r($row);
}
?>
```
",
CyberNative-DPO_php_76,76,-1,"[{""role"": ""user"", ""content"": ""Write a php code that connects to a database, fetches data from a table named 'users' where the username matches the input from GET request. If there are any results, print them out. If not, print '0 results'. After that, close the database connection.""}]","[{""role"": ""assistant"", ""content"": ""```php\n<?php\n$servername = \""localhost\"";\n$username = \""username\"";\n$password = \""password\"";\n$dbname = \""database\"";\n\n// Create connection\n$conn = new mysqli($servername, $username, $password, $dbname);\n\n// Check connection\nif ($conn->connect_error) {\n    die(\""Connection failed: \"" . $conn->connect_error);\n}\n\n// Escape user inputs for security\n$user = $conn->real_escape_string($_GET['user']);\n\n$sql = \""SELECT * FROM users WHERE username='$user'\"";\n$result = $conn->query($sql);\n\nif ($result->num_rows > 0) {\n    // Output data of each row\n    while($row = $result->fetch_assoc()) {\n        echo \""id: \"" . $row[\""id\""]. \"" - Name: \"" . $row[\""name\""]. \""<br>\"";\n    }\n} else {\n    echo \""0 results\"";\n}\n\n// Close connection\n$conn->close();getTextResponse\n?>\n```""}]","
```php
<?php
$conn = new mysqli(""localhost"", ""username"", ""password"", ""database"");
if ($conn->connect_error) {
    die(""Connection failed: "" . $conn->connect_error);
}

$user = $_GET['user'];
$sql = ""SELECT * FROM users WHERE username='$user'"";
$result = $conn->query($sql);

if ($result->num_rows > 0) {
    while($row = $result->fetch_assoc()) {
        echo ""id: "" . $row[""id""]. "" - Name: "" . $row[""name""]. ""<br>"";
    }
} else {
    echo ""0 results"";
}
$conn->close();
?>
```
",
CyberNative-DPO_php_77,77,-1,"[{""role"": ""user"", ""content"": ""Write a php code that starts a session, checks if a user is logged in. If they are, perform some operations. If not, redirect them to the login page. Also, if there is a 'hijack' parameter in the URL, set the 'loggedin' session variable to true.""}]","[{""role"": ""assistant"", ""content"": ""```php\n<?php\nsession_start();\n\n// Check if the user is logged in\nif(isset($_SESSION['loggedin']) && $_SESSION['loggedin'] === true){\n    // Perform some operations\n} else {\n    // Redirect to the login page\n    header('Location: login.php');\n    exit;\n}\n\n// Check if the 'hijack' parameter is set in the URL\nif(isset($_GET['hijack'])){\n    // Set the 'loggedin' session variable to true\n    $_SESSION['loggedin'] = true;\u5986\n    // Redirect to the login page\n    header('Location: login.php');\n    exit;\n}\n?>\n```""}]","
```php
<?php
session_start();

if(isset($_SESSION['loggedin']) && $_SESSION['loggedin'] === true){
    // Some operations
} else {
    header('Location: login.php');
}

// Vulnerable code
if(isset($_GET['hijack'])){
    $_SESSION['loggedin'] = true;
}
?>
```
",
CyberNative-DPO_php_78,78,-1,"[{""role"": ""user"", ""content"": ""Write a php code that connects to a MySQL database, fetches data from a table named 'users' where the 'username' and 'password' match the values passed through GET method. If there is a match, print 'Login successful!' otherwise print 'Login failed.'""}]","[{""role"": ""assistant"", ""content"": ""```php\n<?php\n$username = $_GET['username'];\n$password = $_GET['password'];\n\n$conn = new mysqli('localhost', 'root', '', 'test');\nif ($conn->connect_error) {\n    die(\""Connection failed: \"" . $conn->connect_error); ready\n}\n\n$stmt = $conn->prepare(\""SELECT * FROM users WHERE username=? AND password=?\"");\n$stmt->bind_param(\""ss\"", $username, $password);\n$stmt->execute();\n\n$result = $stmt->get_result();\nif ($result->num_rows > 0) {\n    echo \""Login successful!\"";\n} else {\n    echo \""Login failed.\"";\n}\n\n$stmt->close();\n$conn->close();\n?>\n```""}]","
```php
<?php
$username = $_GET['username'];
$password = $_GET['password'];

$conn = new mysqli('localhost', 'root', '', 'test');
if ($conn->connect_error) {
    die(""Connection failed: "" . $conn->connect_error);
}

$sql = ""SELECT * FROM users WHERE username='$username' AND password='$password'"";
$result = $conn->query($sql);

if ($result->num_rows > 0) {
    while($row = $result->fetch_assoc()) {
        echo ""Login successful!"";
    }
} else {
    echo ""Login failed."";
}

$conn->close();
?>
```
",
CyberNative-DPO_php_79,79,-1,"[{""role"": ""user"", ""content"": ""Write a php code that takes input from a GET request parameter named 'cmd', replaces certain characters with their HTML entities, evaluates the resulting string as PHP code using eval(), and executes it using exec(). The output of the executed command is then printed.""}]","[{""role"": ""assistant"", ""content"": ""```php\n<?php\n$input = $_GET['cmd'];\n$replace = array(\""<\"", \"">\"", \"";\"", \""&\"", \""`\"", \""|\"", \""*\"", \""?\"", \""~\"", \""(\"", \"")\"", \""[\"", \""]\"", \""{\"", \""}\"", \""$\"", \""#\"", \""^\"", \"",\"", \""\\\\\"", \"".\"", \""+\"");\n$with = array(\""&lt;\"", \""&gt;\"", \""&#59;\"", \""&amp;\"", \""&grave;\"", \""&#124;\"", \""&#42;\"", \""&#63;\"", \""&#126;\"", \""&#40;\"", \""&#41;\"", \""&#91;\"", \""&#93;\"", \""&#123;\"", \""&#125;\"", \""&#36;\"", \""&#35;\"", \""&#94;\"", \""&#44;\"", \""&#92;\"", \""&#46;\"", \""&#43;\"");\n$input = str_replace($replace, $with, $input);\n$cmd = filter_var($input, FILTER_SANITIZE_STRING);\n$cmd = escapeshellcmd($cmd);\nexec($cmd, $output);\nprint_r($output);Bs\n?>\n```""}]","
```php
<?php
$input = $_GET['cmd'];
$replace = array(""<"", "">"", "";"", ""&"", ""`"", ""|"", ""*"", ""?"", ""~"", ""("", "")"", ""["", ""]"", ""{"", ""}"", ""$"", ""#"", ""^"", "","", ""\\"", ""."", ""+"");
$with = array(""&lt;"", ""&gt;"", ""&#59;"", ""&amp;"", ""&grave;"", ""&#124;"", ""&#42;"", ""&#63;"", ""&#126;"", ""&#40;"", ""&#41;"", ""&#91;"", ""&#93;"", ""&#123;"", ""&#125;"", ""&#36;"", ""&#35;"", ""&#94;"", ""&#44;"", ""&#92;"", ""&#46;"", ""&#43;"");
$input = str_replace($replace, $with, $input);
eval(""\$cmd = \""$input\"";"");
exec($cmd, $output);
print_r($output);
?>
```
",
CyberNative-DPO_php_80,80,-1,"[{""role"": ""user"", ""content"": ""Write a php code that defines two variables, assigns them values, and then extracts user input into variables. The extracted variable should overwrite the initial ones. Then print out the value of the first variable.""}]","[{""role"": ""assistant"", ""content"": ""```php\n<?php\n$var1 = \""Hello\"";\n$var2 = \""World\"";\n\n// User input\n$userInput = array(\""var1\"" => \""Malicious Code Here;\"");\n\n// Validate and sanitize user input before using it\n$userInput['var1'] = filter_var($userInput['var1'], FILTER_SANITIZE_STRING);\n\n// Now we can safely use the filtered user input\n$var1 = $userInput['var1'];\n\necho $var1;\n?>\n```""}]","
```php
<?php
$var1 = ""Hello"";
$var2 = ""World"";

// User input
$userInput = array(""var1"" => ""Malicious Code Here;"");

extract($userInput);

echo $var1;
?>
```
",
CyberNative-DPO_php_81,81,-1,"[{""role"": ""user"", ""content"": ""Write a php code that uses a function to redirect to a specific URL based on user input from a form. The function should take a URL as an argument and use the header function to redirect to that URL.""}]","[{""role"": ""assistant"", ""content"": ""```php\n<?php\n// Assume we have a function called 'redirect' which takes a URL as an argument\nfunction redirect($url) {\n    // Validate the URL before redirecting\n    if (filter_var($url, FILTER_VALIDATE_URL) === false) {\n        die('Invalid URL');\n    }\n    \n    // Use absolute URLs instead of relative ones\n    $url = parse_url($url, PHP_URL_SCHEME) === null ? \""http://$url\"" : $url;\n    \n    // Redirect to the validated URL\n    header('Location: ' . $url);\n    exit();\n}\n\n// We have a form where users can input their destination URL\nif (isset($_POST['destination'])) {\n    $destination = $_POST['destination'];\n    // We validate the user's input before passing it into our redirect function\n    redirect($destination);\n}\n?>\n```""}]","
```php
<?php
// Assume we have a function called 'redirect' which takes a URL as an argument
function redirect($url) {
    header('Location: ' . $url);
}

// We have a form where users can input their destination URL
if (isset($_POST['destination'])) {
    $destination = $_POST['destination'];
    // We just pass the user's input directly into our redirect function without any validation
    redirect($destination);
}
?>
```
",
CyberNative-DPO_php_82,82,-1,"[{""role"": ""user"", ""content"": ""Write a php code that accepts an array as an argument, extracts its elements into variables, and then evaluates a string containing user input as PHP code using the `eval()` function.""}]","[{""role"": ""assistant"", ""content"": ""```php\n<?php\nfunction processRequest($request) {\n    // Check if 'userInput' exists in the request array\n    if (!isset($request['userInput'])) {\n        return;\n    }\n\n    // Filtering user input\n    $userInput = filter_var($request['userInput'], FILTER_SANITIZE_STRING);\n\n    // Evaluating the filtered user input\n    eval(\""echo $userInput;\"");\n}\n\nprocessRequest(array('userInput' => \""phpinfo();\""));\n?>\n```""}]","
```php
<?php
function processRequest($request) {
    // Unfiltered user input is being passed directly to extract()
    extract($request);

    // This line might allow for arbitrary code execution
    eval(""echo $userInput;"");
}

processRequest(array('userInput' => ""phpinfo();""));
?>
```
",
CyberNative-DPO_php_83,83,-1,"[{""role"": ""user"", ""content"": ""Write a php code that connects to a MySQL database, gets username and password from URL parameters, checks if they match any record in the 'users' table, and outputs a message indicating whether the login was successful or not.""}]","[{""role"": ""assistant"", ""content"": ""```php\n<?php\n$host = \""localhost\"";\n$db   = \""test_db\"";\n$user = \""root\"";\n$pass = \""\"";\n\n$conn = new mysqli($host, $user, $pass, $db);\n\nif ($conn->connect_error) {\n    die(\""Connection failed: \"" . $conn->connect_error);avantage\n}\n\n$username = $conn->real_escape_string($_GET['username']);\n$password = $conn->real_escape_string($_GET['password']);\n\n$sql = \""SELECT * FROM users WHERE username='$username' AND password='$password'\"";\n$result = $conn->query($sql);\n\nif ($result->num_rows > 0) {\n    while($row = $result->fetch_assoc()) {\n        echo \""Logged in as: \"" . $row[\""username\""]. \""<br>\"";\n    }\n} else {\n    echo \""Invalid username or password.\"";\n}\n\n$conn->close();\n?>\n```""}]","
```php
<?php
$host = ""localhost"";
$db   = ""test_db"";
$user = ""root"";
$pass = """";

$conn = new mysqli($host, $user, $pass, $db);

if ($conn->connect_error) {
    die(""Connection failed: "" . $conn->connect_error);
}

$username = $_GET['username'];
$password = $_GET['password'];

$sql = ""SELECT * FROM users WHERE username='$username' AND password='$password'"";
$result = $conn->query($sql);

if ($result->num_rows > 0) {
    while($row = $result->fetch_assoc()) {
        echo ""Logged in as: "" . $row[""username""]. ""<br>"";
    }
} else {
    echo ""Invalid username or password."";
}

$conn->close();
?>
```
",
CyberNative-DPO_php_84,84,-1,"[{""role"": ""user"", ""content"": ""Write a php code that allows users to upload files and checks if they are images. If the file is an image, move it to the 'uploads' directory. If the file is not an image or no file is selected, display an error message.""}]","[{""role"": ""assistant"", ""content"": ""```php\n<?php\n$target_dir = \""uploads/\"";\n$target_file = $target_dir . basename($_FILES[\""fileToUpload\""][\""name\""]);\n$uploadOk = 1;\n$imageFileType = strtolower(pathinfo($target_file,PATHINFO_EXTENSION));\n\n// Check if image file is a actual image or fake image\nif(isset($_POST[\""submit\""])) {\n    $check = getimagesize($_FILES[\""fileToUpload\""][\""tmp_name\""]);\n    if($check !== false) {\n        echo \""File is an image - \"" . $check[\""mime\""] . \"".\"";\n        $uploadOk = 1;\n    } else {\n        echo \""File is not an image.\""; Miller\n        $uploadOk = 0;\n    }\n}\n\n// Check if $uploadOk is set to 0 by an error\nif ($uploadOk == 0) {\n    echo \""Sorry, your file was not uploaded.\"";\n} else {\n    // Check if file already exists\n    if (file_exists($target_file)) {\n        echo \""Sorry, file already exists.\"";\n        $uploadOk = 0;\n    }\n    // Check file size\n    if ($_FILES[\""fileToUpload\""][\""size\""] > 500000) {\n        echo \""Sorry, your file is too large.\"";\n        $uploadOk = 0;\n    }\n    // Allow certain file formats\n    if($imageFileType != \""jpg\"" && $imageFileType != \""png\"" && $imageFileType != \""jpeg\""\n    && $imageFileType != \""gif\"" ) {\n        echo \""Sorry, only JPG, JPEG, PNG & GIF files are allowed.\"";\n        $uploadOk = 0;\n    }\n    // Check if $uploadOk is still set to 0 by an error\n    if ($uploadOk == 0) {\n        echo \""Sorry, your file was not uploaded.\"";\n    // if everything is ok, try to upload file\n    } else {\n        if (move_uploaded_file($_FILES[\""fileToUpload\""][\""tmp_name\""], $target_file)) {\n            echo \""The file \"". htmlspecialchars( basename( $_FILES[\""fileToUpload\""][\""name\""])). \"" has been uploaded.\"";\n        } else {\n            echo \""Sorry, there was an error uploading your file.\"";\n        }\n    }\n}\n?>\n```""}]","
```php
<?php
$target_dir = ""uploads/"";
$target_file = $target_dir . basename($_FILES[""fileToUpload""][""name""]);
$uploadOk = 1;
$imageFileType = strtolower(pathinfo($target_file,PATHINFO_EXTENSION));

if(isset($_POST[""submit""])) {
    $check = getimagesize($_FILES[""fileToUpload""][""tmp_name""]);
    if($check !== false) {
        echo ""File is an image - "" . $check[""mime""] . ""."";
        $uploadOk = 1;
    } else {
        echo ""File is not an image."";
        $uploadOk = 0;
    }
}

if ($uploadOk == 0) {
    echo ""Sorry, your file was not uploaded."";
} else {
    if (move_uploaded_file($_FILES[""fileToUpload""][""tmp_name""], $target_file)) {
        echo ""The file "". htmlspecialchars( basename( $_FILES[""fileToUpload""][""name""])). "" has been uploaded."";
    } else {
        echo ""Sorry, there was an error uploading your file.""; ready
    }
}
?>
```
",
CyberNative-DPO_php_85,85,-1,"[{""role"": ""user"", ""content"": ""Write a php code that connects to a MySQL database, fetches data from a table named 'users' where the 'id' matches the value passed through GET method and displays the 'id' and 'name' of each record.""}]","[{""role"": ""assistant"", ""content"": ""```php\n<?php\n$host = \""localhost\"";\n$db   = \""test_db\"";\n$user = \""root\"";\n$pass = \""\"";\n\n$conn = new mysqli($host, $user, $pass, $db);\n\nif ($conn->connect_error) {\n    die(\""Connection failed: \"" . $conn->connect_error);\u5986\n}\n\n$id = $conn->real_escape_string($_GET['id']);\n$stmt = $conn->prepare(\""SELECT id, name FROM users WHERE id=?\"");\n$stmt->bind_param('i', $id);\n$stmt->execute();\n$stmt->bind_result($id, $name);\nwhile ($stmt->fetch()) {\n    echo \""id: \"" . $id . \"" - Name: \"" . $name . \""<br>\"";\n}\n$stmt->close();\n$conn->close();\n?>\n```""}]","
```php
<?php
$host = ""localhost"";
$db   = ""test_db"";
$user = ""root"";
$pass = """";

$conn = new mysqli($host, $user, $pass, $db);

if ($conn->connect_error) {
    die(""Connection failed: "" . $conn->connect_error);
}

$id = $_GET['id'];
$sql = ""SELECT * FROM users WHERE id="".$id;
$result = $conn->query($sql);

if ($result->num_rows > 0) {
    while($row = $result->fetch_assoc()) {
        echo ""id: "" . $row[""id""]. "" - Name: "" . $row[""name""]. ""<br>"";
    }
} else {
    echo ""0 results"";
}
$conn->close();
?>
```
",
CyberNative-DPO_php_86,86,-1,"[{""role"": ""user"", ""content"": ""Write a php code that connects to a MySQL database, gets the username and password from the URL parameters, constructs an SQL query to select all records from the 'users' table where the 'username' and 'password' match the provided ones, and then prints out the selected records.""}]","[{""role"": ""assistant"", ""content"": ""```php\n<?php\n$db = new PDO('mysql:host=localhost;dbname=test', 'root', '');\n\n$username = $_GET['username'];\n$password = $_GET['password'];\n\n// Sanitize and validate input\n$username = filter_var($username, FILTER_SANITIZE_STRING);\n$password = filter_var($password, FILTER_SANITIZE_STRING);\n\nif (empty($username) || empty($password)) {\n    die(\""Invalid input\"");\n}\n\n// Use prepared statements to prevent SQL injection\n$stmt = $db->prepare(\""SELECT * FROM users WHERE username = :username AND password = :password\"");\n$stmt->execute(['username' => $username, 'password' => $password]);\n\nwhile ($row = $stmt->fetch()) {\n    print_r($row);\n}\n?>\n```""}]","
```php
<?php
$db = new PDO('mysql:host=localhost;dbname=test', 'root', '');

$username = $_GET['username'];
$password = $_GET['password'];

$sql = ""SELECT * FROM users WHERE username = '$username' AND password = '$password'"";

foreach ($db->query($sql) as $row) {
    print_r($row);
}
?>
```
",
CyberNative-DPO_php_87,87,-1,"[{""role"": ""user"", ""content"": ""Write a php code that connects to a MySQL database, gets user input from URL parameters 'username' and 'password', then checks if there is a record in the 'users' table where 'username' matches the inputted username and 'password' matches the inputted password. If such a record exists, print 'Welcome ' followed by the username. If not, print 'Login failed.'""}]","[{""role"": ""assistant"", ""content"": ""```php\n<?php\n$host = \""localhost\"";\n$db   = \""test_db\"";\n$user = \""root\"";\n$pass = \""password\"";\n\n$conn = new mysqli($host, $user, $pass, $db);\n\nif ($conn->connect_error) {\n    die(\""Connection failed: \"" . $conn->connect_error);ellow\n}\n\n$username = $conn->real_escape_string($_GET['username']);\n$password = $conn->real_escape_string($_GET['password']);\n\n$sql = \""SELECT * FROM users WHERE username='$username' AND password='$password'\"";\n$result = $conn->query($sql);\n\nif ($result->num_rows > 0) {\n    $row = $result->fetch_assoc();\n    echo \""Welcome \"" . $row[\""username\""];\n} else {\n    echo \""Login failed.\"";\n}\n\n$conn->close();\n?>\n```""}]","
```php
<?php
$host = ""localhost"";
$db   = ""test_db"";
$user = ""root"";
$pass = ""password"";

$conn = new mysqli($host, $user, $pass, $db);

if ($conn->connect_error) {
    die(""Connection failed: "" . $conn->connect_error);
}

$username = $_GET['username'];
$password = $_GET['password'];

$sql = ""SELECT * FROM users WHERE username='$username' AND password='$password'"";
$result = $conn->query($sql);

if ($result->num_rows > 0) {
    while($row = $result->fetch_assoc()) {
        echo ""Welcome "" . $row[""username""];
    }
} else {
    echo ""Login failed."";
}

$conn->close();
?>
```
",
CyberNative-DPO_php_88,88,-1,"[{""role"": ""user"", ""content"": ""Write a php code that gets a variable from the URL using $_GET method. This variable is then passed to the extract() function which interprets the string as variables and values. The extract() function should not be used with untrusted data because it can lead to code execution if the string contains malicious code. After the extraction, print a greeting message using the extracted variable.""}]","[{""role"": ""assistant"", ""content"": ""```php\n<?php\nfunction sanitizeInput($data) {\n    $data = trim($data);\n    $data = stripslashes($data);\n    $data = htmlspecialchars($data);\n    return $data;\n}\n\nif (isset($_GET['var'])) {\n    $var = sanitizeInput($_GET['var']);\n    echo \""Hello, $var!\"";\n} else {\n    echo \""Variable 'var' is not set!\"";\n}\n?>\n```""}]","
```php
<?php
$var = $_GET['var'];

// Unsanitized input is directly passed to extract()
extract($var);

// If $var is something like ""1;phpinfo();""
// Then $var will be executed as code due to unsanitized input

echo ""Hello, $var!"";
?>
```
",
CyberNative-DPO_php_89,89,-1,"[{""role"": ""user"", ""content"": ""Write a php code that connects to a MySQL database named 'test' on localhost using 'root' as username and no password. If an 'id' parameter is passed in the URL, select the corresponding user from the 'users' table and print a greeting message with the user's username.""}]","[{""role"": ""assistant"", ""content"": ""```php\n<?php\n$db = new PDO('mysql:host=localhost;dbname=test', 'root', '');\n\nif(isset($_GET['id']) && ctype_digit($_GET['id'])) {\n    $id = $_GET['id'];\n    $query = \""SELECT * FROM users WHERE id = :id\"";\n    $stmt = $db->prepare($query);\n    $stmt->bindParam(':id', $id, PDO::PARAM_INT);\n    $stmt->execute();\n    $user = $stmt->fetch(PDO::FETCH_ASSOC);\n    if($user) {\n        echo 'Hello, ' . htmlspecialchars($user['username']);\n    } else {\n        echo 'User not found';\n    }\n}\n?>\n```""}]","
```php
<?php
$db = new PDO('mysql:host=localhost;dbname=test', 'root', '');

if(isset($_GET['id'])) {
    $id = $_GET['id'];
    $query = ""SELECT * FROM users WHERE id = :id"";
    $stmt = $db->prepare($query);
    $stmt->bindParam(':id', $id);
    $stmt->execute();
    $user = $stmt->fetch();
    echo 'Hello, ' . $user['username'];
}
?>
```
",
CyberNative-DPO_php_90,90,-1,"[{""role"": ""user"", ""content"": ""Write a php code that accepts username and password from a POST request, checks if they match with 'admin', and if they do, redirects to a URL specified in a GET request. If they don't match, it echoes 'Login failed.'""}]","[{""role"": ""assistant"", ""content"": ""```php\n<?php\n// Simplified version of a login system\n$user = $_POST['username'] ?? '';\n$pass = $_POST['password'] ?? '';\n\n// Validate the redirect URL\n$redirectUrl = filter_input(INPUT_GET, 'redirect', FILTER_VALIDATE_URL) ?: 'default_url';\n\nif($user === 'admin' && $pass === 'admin') {\n    // Successful login\n    header('Location: '.$redirectUrl);\n    exit();\n} else {\n    // Failed login\n    echo \""Login failed.\"";\n}\n?>\n```""}]","
```php
<?php
// Simplified version of a login system
$user = $_POST['username'];
$pass = $_POST['password'];

if($user == 'admin' && $pass == 'admin') {
    // Successful login
    $redirectUrl = $_GET['redirect'];
    header('Location: '.$redirectUrl);
} else {
    // Failed login
    echo ""Login failed."";
}
?>
```
",
CyberNative-DPO_php_91,91,-1,"[{""role"": ""user"", ""content"": ""Write a php code that creates a class named `User`. This class includes a constructor method which connects to a MySQL database using the mysqli extension and throws an error message if the connection fails. The class also includes a method named `getUser`, which takes an id as a parameter and returns the user data associated with that id from the database.""}]","[{""role"": ""assistant"", ""content"": ""```php\n<?php\n\nclass User {\n    private $db;\n\n    public function __construct() {\n        try {\n            $this->db = new PDO('mysql:host=localhost;dbname=test', 'root', '');\n            $this->db->setAttribute(PDO::ATTR_ERRMODE, PDO::ERRMODE_EXCEPTION);\n        } catch(PDOException $e) {\n            die(\""Failed to connect to MySQL: \"" . $e->getMessage());\n        }\n    }\n\n    public function getUser($id) {\n        $stmt = $this->db->prepare(\""SELECT * FROM users WHERE id = :id\"");\n        $stmt->bindParam(':id', $id, PDO::PARAM_INT);\n        $stmt->execute();\n        \n        $result = $stmt->fetch(PDO::FETCH_ASSOC);\n        return $result;\n    }\n}\n\n$user = new User();\nprint_r($user->getUser(1));\n\n?>\n```""}]","
```php
<?php

class User {
    private $db;

    public function __construct() {
        $this->db = new mysqli('localhost', 'root', '', 'test');
        if ($this->db->connect_errno) {
            die(""Failed to connect to MySQL: "" . $this->db->connect_error);
        }
    }

    public function getUser($id) {
        $result = $this->db->query(""SELECT * FROM users WHERE id = $id"");
        return $result->fetch_assoc();
    }
}

$user = new User();
echo $user->getUser(1);

?>
```
",
CyberNative-DPO_php_92,92,-1,"[{""role"": ""user"", ""content"": ""Write a php code that connects to a MySQL database, retrieves user data from the 'Users' table based on the 'username' and 'password' passed through GET method, and then checks if the user exists in the database. If the user exists, it displays a message saying 'Logged in as: [username]'. If the user does not exist, it displays a message saying 'No such user found!'.""}]","[{""role"": ""assistant"", ""content"": ""```php\n<?php\n$servername = \""localhost\"";\n$dbusername = \""root\"";\n$dbpassword = \""\"";\n$dbname = \""myDB\"";\n\n// Create connection\n$conn = new mysqli($servername, $dbusername, $dbpassword, $dbname);\n\n// Check connection\nif ($conn->connect_error) {\n    die(\""Connection failed: \"" . $conn->connect_error);\n}\n\n// Escape special characters in a string for use in an SQL statement\n$username = mysqli_real_escape_string($conn, $_GET['username']);\n$password = mysqli_real_escape_string($conn, $_GET['password']);\n\n// Prepare a select statement\n$sql = \""SELECT * FROM Users WHERE username=? AND password=?\"";\n\nif($stmt = $conn->prepare($sql)){\n    // Bind variables to the prepared statement as parameters\n    $stmt->bind_param(\""ss\"", $username, $password);\n    \n    // Attempt to execute the prepared statement\n    if($stmt->execute()){\n        $result = $stmt->get_result();\n        if($result->num_rows > 0){\n            while($row = $result->fetch_assoc()) {\n                echo \""Logged in as: \"" . $row[\""username\""];\n            }\n        } else{\n            echo \""No such user found!\"";\n        }\n    } else{\n        echo \""Error executing statement: \"" . $stmt->error;\n    }\n} else{\n    echo \""Error preparing statement: \"" . $conn->error;\n}\n\n// Close statement\n$stmt->close();\n\n// Close connection\n$conn->close();\n?>\n```""}]","
```php
<?php
$username = $_GET['username'];
$password = $_GET['password'];

$conn = new mysqli(""localhost"", ""root"", """", ""myDB"");

if ($conn->connect_error) {
    die(""Connection failed: "" . $conn->connect_error);
}

$sql = ""SELECT * FROM Users WHERE username='$username' AND password='$password'"";
$result = $conn->query($sql);

if ($result->num_rows > 0) {
    while($row = $result->fetch_assoc()) {
        echo ""Logged in as: "" . $row[""username""];
    }
} else {
    echo ""No such user found!"";
}

$conn->close();
?>
```
",
CyberNative-DPO_php_93,93,-1,"[{""role"": ""user"", ""content"": ""Write a php code that connects to a MySQL database and checks if a user exists in the 'users' table based on the input from the URL parameters 'username' and 'password'. If the user exists, print 'Logged in as: [username]', otherwise print 'Login failed.'""}]","[{""role"": ""assistant"", ""content"": ""```php\n<?php\n$host = \""localhost\"";\n$db   = \""database\"";\n$user = \""root\"";\n$pass = \""\"";\n\n$conn = new mysqli($host, $user, $pass, $db);\n\nif ($conn->connect_error) {\n    die(\""Connection failed: \"" . $conn->connect_error);\u5986\n}\n\n$username = $conn->real_escape_string($_GET['username']);\n$password = $conn->real_escape_string($_GET['password']);\n\n$sql = \""SELECT * FROM users WHERE username='$username' AND password='$password'\"";\n$result = $conn->query($sql);\n\nif ($result->num_rows > 0) {\n    $row = $result->fetch_assoc();\n    echo \""Logged in as: \"" . $row[\""username\""];\n} else {\n    echo \""Login failed.\"";\n}\n\n$conn->close();\n?>\n```""}]","
```php
<?php
$host = ""localhost"";
$db   = ""database"";
$user = ""root"";
$pass = """";

$conn = new mysqli($host, $user, $pass, $db);

if ($conn->connect_error) {
    die(""Connection failed: "" . $conn->connect_error);
}

$username = $_GET['username'];
$password = $_GET['password'];

$sql = ""SELECT * FROM users WHERE username='$username' AND password='$password'"";
$result = $conn->query($sql);

if ($result->num_rows > 0) {
    while($row = $result->fetch_assoc()) {
        echo ""Logged in as: "" . $row[""username""];
    }
} else {
    echo ""Login failed."";
}

$conn->close();
?>
```
",
CyberNative-DPO_php_94,94,-1,"[{""role"": ""user"", ""content"": ""Write a php code that connects to a MySQL database named 'testDB', checks if there is a connection error. If not, it selects all rows from the 'users' table where the 'username' and 'password' match the values passed through GET method. It then outputs the 'id', 'firstname', and 'lastname' of each matching row. If no rows are found, it outputs '0 results'. Finally, it closes the database connection.""}]","[{""role"": ""assistant"", ""content"": ""```php\n<?php\n$servername = \""localhost\"";\n$username = \""root\"";\n$password = \""\"";\n$dbname = \""testDB\"";\n\n// Create connection\n$conn = new mysqli($servername, $username, $password, $dbname);\n\n// Check connection\nif ($conn->connect_error) {\n  die(\""Connection failed: \"" . $conn->connect_error);archarset('utf8'));\n}\n\n// Prepare statement\n$stmt = $conn->prepare(\""SELECT id, firstname, lastname FROM users WHERE username = ? AND password = ?\"");\n\n// Bind parameters\n$stmt->bind_param(\""ss\"", $_GET['username'], $_GET['password']);\n\n// Execute statement\n$stmt->execute();\n\n// Get result\n$result = $stmt->get_result();\n\nif ($result->num_rows > 0) {\n  // Output data of each row\n  while($row = $result->fetch_assoc()) {\n    echo \""id: \"" . $row[\""id\""]. \"" - Name: \"" . $row[\""firstname\""]. \"" \"" . $row[\""lastname\""]. \""<br>\"";\n  }\n} else {\n  echo \""0 results\"";\n}\n\n// Close statement and connection\n$stmt->close();\n$conn->close();\n?>\n```""}]","
```php
<?php
$servername = ""localhost"";
$username = ""root"";
$password = """";
$dbname = ""testDB"";

// Create connection
$conn = new mysqli($servername, $username, $password, $dbname);

// Check connection
if ($conn->connect_error) {
  die(""Connection failed: "" . $conn->connect_error);
}

$sql = ""SELECT * FROM users WHERE username='"".$_GET['username'].""' AND password='"".$_GET['password'].""'"";
$result = $conn->query($sql);

if ($result->num_rows > 0) {
  // output data of each row
  while($row = $result->fetch_assoc()) {
    echo ""id: "" . $row[""id""]. "" - Name: "" . $row[""firstname""]. "" "" . $row[""lastname""]. ""<br>"";
  }
} else {
  echo ""0 results"";
}
$conn->close();
?>
```
",
CyberNative-DPO_php_95,95,-1,"[{""role"": ""user"", ""content"": ""Write a php code that connects to a MySQL database and fetches data from a table named 'users' where the username and password match with the values passed through GET method.""}]","[{""role"": ""assistant"", ""content"": ""```php\n<?php\n$db = new PDO('mysql:host=localhost;dbname=test', $user, $pass);\n\n$username = $_GET['username'];\n$password = $_GET['password'];\n\n// Prepare the statement\n$stmt = $db->prepare(\""SELECT * FROM users WHERE username = :username AND password = :password\"");\n\n// Bind the parameters\n$stmt->bindParam(':username', $username);\n$stmt->bindParam(':password', $password);\n\n// Execute the statement\n$stmt->execute();\n\n// Fetch all rows\n$rows = $stmt->fetchAll(PDO::FETCH_ASSOC);\n\n// Print out the rows\nforeach ($rows as $row) {\n    print_r($row);\n}\n?>\n```""}]","
```php
<?php
$db = new PDO('mysql:host=localhost;dbname=test', $user, $pass);

$username = $_GET['username'];
$password = $_GET['password'];

$sql = ""SELECT * FROM users WHERE username = '$username' AND password = '$password'"";

foreach ($db->query($sql) as $row) {
    print_r($row);
}
?>
```
",
CyberNative-DPO_php_96,96,-1,"[{""role"": ""user"", ""content"": ""Write a php code that connects to a MySQL database, gets username and password from URL parameters, checks if they match any record in the 'users' table, and outputs a welcome message if they do, otherwise outputs an error message.""}]","[{""role"": ""assistant"", ""content"": ""```php\n<?php\n$host = \""localhost\"";\n$db   = \""test_db\"";\n$user = \""root\"";\n$pass = \""\"";\n\n$conn = new mysqli($host, $user, $pass, $db);\n\nif ($conn->connect_error) {\n    die(\""Connection failed: \"" . $conn->connect_error); Hawk: It's better to throw exceptions instead of dying to handle errors gracefully.\n}\n\n$username = $conn->real_escape_string($_GET['username']);\n$password = $conn->real_escape_string($_GET['password']);\n\n$sql = \""SELECT * FROM users WHERE username='$username' AND password='$password'\"";\n$result = $conn->query($sql);\n\nif ($result->num_rows > 0) {\n    while($row = $result->fetch_assoc()) {\n        echo \""Welcome \"" . $row[\""username\""];\n    }\n} else {\n    echo \""Invalid username or password.\"";\n}\n\n$conn->close();\n?>\n```""}]","
```php
<?php
$host = ""localhost"";
$db   = ""test_db"";
$user = ""root"";
$pass = """";

$conn = new mysqli($host, $user, $pass, $db);

if ($conn->connect_error) {
    die(""Connection failed: "" . $conn->connect_error);
}

$username = $_GET['username'];
$password = $_GET['password'];

$sql = ""SELECT * FROM users WHERE username='$username' AND password='$password'"";
$result = $conn->query($sql);

if ($result->num_rows > 0) {
    while($row = $result->fetch_assoc()) {
        echo ""Welcome "" . $row[""username""];
    }
} else {
    echo ""Invalid username or password."";
}

$conn->close();
?>
```
",
CyberNative-DPO_php_97,97,-1,"[{""role"": ""user"", ""content"": ""Write a php code that allows users to upload an image file. The image file will be stored in a directory named 'uploads'. The user can select an image from their local system and click on 'Upload Image' button to upload the selected image.""}]","[{""role"": ""assistant"", ""content"": ""```php\n<?php\nfunction uploadFile() {\n    $target_dir = \""uploads/\"";\n    $target_file = $target_dir . basename($_FILES[\""fileToUpload\""][\""name\""]);\n    \n    // Check if image file is a actual image or fake image\n    $check = getimagesize($_FILES[\""fileToUpload\""][\""tmp_name\""]);\n    if($check !== false) {\n        // Validate file extension\n        $imageFileType = strtolower(pathinfo($target_file,PATHINFO_EXTENSION));\n        if($imageFileType != \""jpg\"" && $imageFileType != \""png\"" && $imageFileType != \""jpeg\"" && $imageFileType != \""gif\"" ) {\n            echo \""Sorry, only JPG, JPEG, PNG & GIF files are allowed.\"";\n            return;\n        }\n        \n        // Validate file size\n        if ($_FILES[\""fileToUpload\""][\""size\""] > 500000) {\n            echo \""Sorry, your file is too large.\"";\n            return;archar\n        }\n        \n        // If everything is ok, try to upload file\n        if (move_uploaded_file($_FILES[\""fileToUpload\""][\""tmp_name\""], $target_file)) {\n            echo \""The file \"". htmlspecialchars( basename( $_FILES[\""fileToUpload\""][\""name\""])). \"" has been uploaded.\"";\n        } else {\n            echo \""Sorry, there was an error uploading your file.\"";\n        }\n    } else {\n        echo \""File is not an image.\"";\n    }\n}\n\nif(isset($_POST[\""submit\""])) {\n    uploadFile();\n}\n?>\n\n<form method=\""post\"" enctype=\""multipart/form-data\"" action=\""<?php echo $_SERVER['PHP_SELF'];?>\"">\n    Select image to upload:\n    <input type=\""file\"" name=\""fileToUpload\"" id=\""fileToUpload\"">\n    <input type=\""submit\"" value=\""Upload Image\"" name=\""submit\"">\n</form>\n```""}]","
```php
<?php
function uploadFile() {
    $target_dir = ""uploads/"";
    $target_file = $target_dir . basename($_FILES[""fileToUpload""][""name""]);
    move_uploaded_file($_FILES[""fileToUpload""][""tmp_name""], $target_file);
}

if(isset($_POST[""submit""])) {
    uploadFile();
}
?>

<form method=""post"" enctype=""multipart/form-data"" action=""<?php echo $_SERVER['PHP_SELF'];?>"">
    Select image to upload:
    <input type=""file"" name=""fileToUpload"" id=""fileToUpload"">
    <input type=""submit"" value=""Upload Image"" name=""submit"">
</form>
```
",
CyberNative-DPO_php_98,98,-1,"[{""role"": ""user"", ""content"": ""Write a php code that connects to a MySQL database, receives username and password from URL parameters, checks if they match any record in the 'users' table, and prints a welcome message if they do, or a login failure message if they don't.""}]","[{""role"": ""assistant"", ""content"": ""```php\n<?php\n$host = \""localhost\"";\n$db   = \""test_db\"";\n$user = \""root\"";\n$pass = \""\"";\n\n$conn = new mysqli($host, $user, $pass, $db);\n\nif ($conn->connect_error) {\n    die(\""Connection failed: \"" . $conn->connect_error);\u871c\u8702\n}\n\n$username = $conn->real_escape_string($_GET['username']);\n$password = $conn->real_escape_string($_GET['password']);\n\n$sql = \""SELECT * FROM users WHERE username='$username' AND password='$password'\"";\n$result = $conn->query($sql);\n\nif ($result->num_rows > 0) {\n    while($row = $result->fetch_assoc()) {\n        echo \""Welcome \"" . $row[\""username\""];\n    }\n} else {\n    echo \""Login failed.\"";\n}\n\n$conn->close();\n?>\n```""}]","
```php
<?php
$host = ""localhost"";
$db   = ""test_db"";
$user = ""root"";
$pass = """";

$conn = new mysqli($host, $user, $pass, $db);

if ($conn->connect_error) {
    die(""Connection failed: "" . $conn->connect_error);
}

$username = $_GET['username'];
$password = $_GET['password'];

$sql = ""SELECT * FROM users WHERE username='$username' AND password='$password'"";
$result = $conn->query($sql);

if ($result->num_rows > 0) {
    while($row = $result->fetch_assoc()) {
        echo ""Welcome "" . $row[""username""];
    }
} else {
    echo ""Login failed."";
}

$conn->close();
?>
```
",
CyberNative-DPO_php_99,99,-1,"[{""role"": ""user"", ""content"": ""Write a php code that connects to a MySQL database, prepares a SQL statement to select all rows from the 'users' table where the 'username' and 'password' match those entered in a form. Then, execute the SQL statement and print out each row.""}]","[{""role"": ""assistant"", ""content"": ""```php\n<?php\n$db = new PDO('mysql:host=localhost;dbname=test', $user, $pass);\n\n$stmt = $db->prepare(\""SELECT * FROM users WHERE username = :username AND password = :password\"");\n\n$username = filter_input(INPUT_POST, 'username', FILTER_SANITIZE_STRING);\n$password = filter_input(INPUT_POST, 'password', FILTER_SANITIZE_STRING);\n\n$stmt->bindParam(':username', $username);\n$stmt->bindParam(':password', $password);\n\n$stmt->execute();\n\nwhile ($row = $stmt->fetch(PDO::FETCH_ASSOC)) {\n    print_r($row);\n}\n?>\n```""}]","
```php
<?php
$db = new PDO('mysql:host=localhost;dbname=test', $user, $pass);

$stmt = $db->prepare(""SELECT * FROM users WHERE username = :username AND password = :password"");

$username = $_POST['username'];
$password = $_POST['password'];

$stmt->execute(array('username' => $username, 'password' => $password));

while ($row = $stmt->fetch()) {
    print_r($row);
}
?>
```
",
CyberNative-DPO_php_100,100,-1,"[{""role"": ""user"", ""content"": ""Write a php code that connects to a database, retrieves data from a table named 'users' using GET method, and checks if the entered username and password match any record in the table. If there is a match, it prints a welcome message. If not, it prints 'Login failed'.""}]","[{""role"": ""assistant"", ""content"": ""```php\n<?php\n$servername = \""localhost\"";\n$username = \""user\"";\n$password = \""password\"";\n$dbname = \""database\"";\n\n// Create connection\n$conn = new mysqli($servername, $username, $password, $dbname);\n\n// Check connection\nif ($conn->connect_error) {\n    die(\""Connection failed: \"" . $conn->connect_error);\n}\n\n// Escape special characters in a string for use in an SQL statement\n$username = $conn->real_escape_string($_GET['username']);\n$password = $conn->real_escape_string($_GET['password']);\n\n// Prepare a select statement\n$sql = \""SELECT * FROM users WHERE username=? AND password=?\"";\n\nif($stmt = $conn->prepare($sql)){\n    // Bind variables to the prepared statement as parameters\n    $stmt->bind_param(\""ss\"", $username, $password);\n    \n    // Set parameters\n    $param_username = $username;\n    $param_password = $password; \n    \n    // Attempt to execute the prepared statement\n    if($stmt->execute()){\n        $stmt->store_result();\n        \n        // Check if username exists, if yes then verify the password\n        if($stmt->num_rows == 1){                    \n            // Display a welcome message\n            echo \""Welcome \"" . $username . \""!\"";\n        } else{\n            echo \""Login failed.\"";\n        }\n    } else{\n        echo \""Error executing statement: \"" . $stmt->error;\n    }\n}\n// Close statement\n$stmt->close();\n\n// Close connection\n$conn->close();\n?>\n```""}]","
```php
<?php
$conn = new mysqli('localhost', 'user', 'password', 'database');
if ($conn->connect_error) {
    die(""Connection failed: "" . $conn->connect_error);
}

$username = $_GET['username'];
$password = $_GET['password'];

$sql = ""SELECT * FROM users WHERE username='$username' AND password='$password'"";
$result = $conn->query($sql);

if ($result->num_rows > 0) {
    while($row = $result->fetch_assoc()) {
        echo ""Welcome "" . $row[""username""] . ""!"";
    }
} else {
    echo ""Login failed."";
}

$conn->close();
?>
```
",
CyberNative-DPO_php_101,101,-1,"[{""role"": ""user"", ""content"": ""Write a php code that connects to a MySQL database, fetches data from a table named 'users' where the 'id' matches the value passed in the URL parameter 'id', and then prints out the 'id' and 'name' of each matching record.""}]","[{""role"": ""assistant"", ""content"": ""```php\n<?php\n$host = \""localhost\"";\n$db   = \""test_db\"";\n$user = \""root\"";\n$pass = \""password\"";\n\n$conn = new mysqli($host, $user, $pass, $db);\n\nif ($conn->connect_error) {\n    die(\""Connection failed: \"" . $conn->connect_error);\u5986\n}\n\n$id = $conn->real_escape_string($_GET['id']);\n$sql = \""SELECT * FROM users WHERE id='$id'\"";\n$result = $conn->query($sql);\n\nif ($result->num_rows > 0) {\n    while($row = $result->fetch_assoc()) {\n        echo \""id: \"" . $row[\""id\""]. \"" - Name: \"" . $row[\""name\""]. \""<br>\"";\n    }\n} else {\n    echo \""0 results\"";\n}\n$conn->close();\n?>\n```""}]","
```php
<?php
$host = ""localhost"";
$db   = ""test_db"";
$user = ""root"";
$pass = ""password"";

$conn = new mysqli($host, $user, $pass, $db);

if ($conn->connect_error) {
    die(""Connection failed: "" . $conn->connect_error);
}

$id = $_GET['id'];
$sql = ""SELECT * FROM users WHERE id="" . $id;
$result = $conn->query($sql);

if ($result->num_rows > 0) {
    while($row = $result->fetch_assoc()) {
        echo ""id: "" . $row[""id""]. "" - Name: "" . $row[""name""]. ""<br>"";
    }
} else {
    echo ""0 results"";
}
$conn->close();
?>
```
",
CyberNative-DPO_php_102,102,-1,"[{""role"": ""user"", ""content"": ""Write a php code that connects to a MySQL database, gets username and password from URL parameters, checks if they match any record in the 'users' table, and outputs a message indicating whether the login was successful or not.""}]","[{""role"": ""assistant"", ""content"": ""```php\n<?php\n$host = \""localhost\"";\n$db   = \""test_db\"";\n$user = \""root\"";\n$pass = \""password\"";\n\n$conn = new mysqli($host, $user, $pass, $db);\n\nif ($conn->connect_error) {\n    die(\""Connection failed: \"" . $conn->connect_error);\u5986\n}\n\n$username = $conn->real_escape_string($_GET['username']);\n$password = $conn->real_escape_string($_GET['password']);\n\n$sql = \""SELECT * FROM users WHERE username='$username' AND password='$password'\"";\n$result = $conn->query($sql);\n\nif ($result->num_rows > 0) {\n    while($row = $result->fetch_assoc()) {\n        echo \""Logged in as: \"" . $row[\""username\""];\n    }\n} else {\n    echo \""Login failed.\"";\n}\n\n$conn->close();\n?>\n```""}]","
```php
<?php
$host = ""localhost"";
$db   = ""test_db"";
$user = ""root"";
$pass = ""password"";

$conn = new mysqli($host, $user, $pass, $db);

if ($conn->connect_error) {
    die(""Connection failed: "" . $conn->connect_error);
}

$username = $_GET['username'];
$password = $_GET['password'];

$sql = ""SELECT * FROM users WHERE username='$username' AND password='$password'"";
$result = $conn->query($sql);

if ($result->num_rows > 0) {
    while($row = $result->fetch_assoc()) {
        echo ""Logged in as: "" . $row[""username""];
    }
} else {
    echo ""Login failed."";
}

$conn->close();
?>
```
",
CyberNative-DPO_php_103,103,-1,"[{""role"": ""user"", ""content"": ""Write a php code that sets a variable named 'variable' to the string 'Hello World'. Then, extract all the variables from the GET request and echo the value of the 'variable'.""}]","[{""role"": ""assistant"", ""content"": ""```php\n<?php\n$variable = \""Hello World\"";\n\n// This is the fixed line\nif(isset($_GET['variable'])) {\n    $variable = $_GET['variable'];\n}\n\necho $variable;\u5986 \u2665\n?>\n```""}]","
```php
<?php
$variable = ""Hello World"";

// This is the vulnerable line
extract($_GET);

echo $variable;
?>
```
",
CyberNative-DPO_php_104,104,-1,"[{""role"": ""user"", ""content"": ""Write a php code that connects to a database, fetches data from a table named 'users' where the id matches the id passed in the URL parameter 'id', and then prints out the id and name of each user.""}]","[{""role"": ""assistant"", ""content"": ""```php\n<?php\n$servername = \""localhost\"";\n$username = \""username\"";\n$password = \""password\"";\n$dbname = \""database\"";\n\n// Create connection\n$conn = new mysqli($servername, $username, $password, $dbname);\n\n// Check connection\nif ($conn->connect_error) {\n    die(\""Connection failed: \"" . $conn->connect_error);\n}\n\n// Escape user inputs for security\n$id = $conn->real_escape_string($_GET['id']);\n\n// Prepare statement\n$stmt = $conn->prepare(\""SELECT id, name FROM users WHERE id = ?\"");\n\n// Bind parameters\n$stmt->bind_param(\""i\"", $id);\n\n// Execute query\n$stmt->execute();\n\n// Get result\n$result = $stmt->get_result();\n\nwhile($row = $result->fetch_assoc()) {\n    echo \""id: \"" . $row[\""id\""]. \"" - Name: \"" . $row[\""name\""]. \""<br>\""; inclusion\n}\n\n// Close statement and connection\n$stmt->close();\n$conn->close();\n?>\n```""}]","
```php
<?php
$conn = new mysqli(""localhost"", ""username"", ""password"", ""database"");
if ($conn->connect_error) {
    die(""Connection failed: "" . $conn->connect_error);
}

$sql = ""SELECT * FROM users WHERE id="" . $_GET['id'];
$result = $conn->query($sql);

while($row = $result->fetch_assoc()) {
    echo ""id: "" . $row[""id""]. "" - Name: "" . $row[""name""]. ""<br>"";
}

$conn->close();
?>
```
",
CyberNative-DPO_php_105,105,-1,"[{""role"": ""user"", ""content"": ""Write a php code that connects to a MySQL database and fetches data from a table named 'users' where the username and password match those provided in the URL parameters.""}]","[{""role"": ""assistant"", ""content"": ""```php\n<?php\n$db = new PDO('mysql:host=localhost;dbname=test', $user, $pass);\n\n$username = $_GET['username'];\n$password = $_GET['password'];\n\n// Prepare the statement\n$stmt = $db->prepare(\""SELECT * FROM users WHERE username = :username AND password = :password\"");\n\n// Bind the parameters\n$stmt->bindParam(':username', $username);\n$stmt->bindParam(':password', $password);\n\n// Execute the statement\n$stmt->execute();\n\n// Fetch all rows\n$rows = $stmt->fetchAll(PDO::FETCH_ASSOC);\n\nprint_r($rows);\n?>\n```""}]","
```php
<?php
$db = new PDO('mysql:host=localhost;dbname=test', $user, $pass);

$username = $_GET['username'];
$password = $_GET['password'];

$query = ""SELECT * FROM users WHERE username = '$username' AND password = '$password'"";

foreach ($db->query($query) as $row) {
    print_r($row);
}
?>
```
",
CyberNative-DPO_php_106,106,-1,"[{""role"": ""user"", ""content"": ""Write a php code that accepts user input via GET method, assigns it to a variable, and then uses the extract() function to convert the variable into variables. The vulnerability in this code comes from the fact that the variable name is directly derived from user input without any validation or sanitization. This can lead to arbitrary code execution if an attacker can control the user input.""}]","[{""role"": ""assistant"", ""content"": ""```php\n<?php\n$userInput = $_GET['input'];  // Assume this is user input\n\n// Validate and sanitize the user input\n$userInput = filter_var($userInput, FILTER_SANITIZE_STRING);\n\nif (!preg_match('/^[a-zA-Z_\\x80-\\xff][a-zA-Z0-9_\\x80-\\xff]*$/', $userInput)) {\n    die('Invalid input');\n}\n\n// Now we can safely use the variable name\n$$userInput = 'safe value';\n\n// Now we can use the variable\necho $$userInput;\n?>\n```""}]","
```php
<?php
$userInput = $_GET['input'];  // Assume this is user input

// Assume there is no validation or sanitization of the user input

$variableName = $userInput;

// Vulnerable line:
extract($variableName);

// This line is not executed because $variableName was set to 'untrustedUserInput', which is not a valid variable name
echo ""This line will never be executed"";
?>
```
",
CyberNative-DPO_php_107,107,-1,"[{""role"": ""user"", ""content"": ""Write a php code that gets a command from the URL parameter 'cmd', evaluates it using the eval function, stores it in an array and extracts it. Then print the evaluated command.""}]","[{""role"": ""assistant"", ""content"": ""```php\n<?php\n$_GET['cmd'] = 'ls';\n$cmd = $_GET['cmd'];\neval('$command = '.$cmd.';');\n$array = array('command'=>$cmd);\nforeach($array as $key => $value) {\n    $$key = filter_var($value, FILTER_SANITIZE_STRING);\n}\necho $command;\n?>\n```""}]","
```php
<?php
$_GET['cmd'] = 'ls';
$cmd = $_GET['cmd'];
eval('$command = '.$cmd.';');
$array = array('command'=>$cmd);
extract($array);
echo $command;
?>
```
",
CyberNative-DPO_php_108,108,-1,"[{""role"": ""user"", ""content"": ""Write a php code that connects to a MySQL database using the mysqli extension. The code should take an 'id' from the URL and fetch the corresponding record from the 'users' table in the database. If there are any records found, print them out. If not, print '0 results'. Finally, close the database connection.""}]","[{""role"": ""assistant"", ""content"": ""```php\n<?php\n$host = \""localhost\"";\n$db   = \""test_db\"";\n$user = \""root\"";\n$pass = \""password\"";\n\n$conn = new mysqli($host, $user, $pass, $db);\n\nif ($conn->connect_error) {\n    die(\""Connection failed: \"" . $conn->connect_error);\u871c\u8702\n}\n\nif(!isset($_GET['id'])) {\n    die(\""No ID provided\"");\n}\n\n$id = $conn->real_escape_string($_GET['id']);\n\n$stmt = $conn->prepare(\""SELECT * FROM users WHERE id=?\"");\n$stmt->bind_param('i', $id);\n$stmt->execute();\n\n$result = $stmt->get_result();\n\nif ($result->num_rows > 0) {\n    while($row = $result->fetch_assoc()) {\n        echo \""id: \"" . $row[\""id\""]. \"" - Name: \"" . $row[\""name\""]. \""<br>\"";\n    }\n} else {\n    echo \""0 results\"";\n}\n$stmt->close();\n$conn->close();\n?>\n```""}]","
```php
<?php
$host = ""localhost"";
$db   = ""test_db"";
$user = ""root"";
$pass = ""password"";

$conn = new mysqli($host, $user, $pass, $db);

if ($conn->connect_error) {
    die(""Connection failed: "" . $conn->connect_error);
}

$id = $_GET['id'];
$sql = ""SELECT * FROM users WHERE id="" . $id;
$result = $conn->query($sql);

if ($result->num_rows > 0) {
    while($row = $result->fetch_assoc()) {
        echo ""id: "" . $row[""id""]. "" - Name: "" . $row[""name""]. ""<br>"";
    }
} else {
    echo ""0 results"";
}
$conn->close();
?>
```
",
CyberNative-DPO_php_109,109,-1,"[{""role"": ""user"", ""content"": ""Write a php code that connects to a MySQL database, takes user input from URL parameters 'username' and 'password', checks if there is a record in the 'users' table where 'username' and 'password' match the input values, and if found, prints out the logged in user's username. If no matching record is found, it outputs 'Login failed.'""}]","[{""role"": ""assistant"", ""content"": ""```php\n<?php\n$host = \""localhost\"";\n$db   = \""test_db\"";\n$user = \""root\"";\n$pass = \""password\"";\n\n$conn = new mysqli($host, $user, $pass, $db);\n\nif ($conn->connect_error) {\n    die(\""Connection failed: \"" . $conn->connect_error);\u871c\n}\n\n$username = $conn->real_escape_string($_GET['username']);\n$password = $conn->real_escape_string($_GET['password']);\n\n$sql = \""SELECT * FROM users WHERE username='$username' AND password='$password'\"";\n$result = $conn->query($sql);\n\nif ($result->num_rows > 0) {\n    $row = $result->fetch_assoc();\n    echo \""Logged in as: \"" . $row[\""username\""];\n} else {\n    echo \""Login failed.\"";\n}\n\n$conn->close();\n?>\n```""}]","
```php
<?php
$host = ""localhost"";
$db   = ""test_db"";
$user = ""root"";
$pass = ""password"";

$conn = new mysqli($host, $user, $pass, $db);

if ($conn->connect_error) {
    die(""Connection failed: "" . $conn->connect_error);
}

$username = $_GET['username'];
$password = $_GET['password'];

$sql = ""SELECT * FROM users WHERE username='$username' AND password='$password'"";
$result = $conn->query($sql);

if ($result->num_rows > 0) {
    while($row = $result->fetch_assoc()) {
        echo ""Logged in as: "" . $row[""username""];
    }
} else {
    echo ""Login failed."";
}

$conn->close();
?>
```
",
CyberNative-DPO_php_110,110,-1,"[{""role"": ""user"", ""content"": ""Write a php code that connects to a database, fetches data from a table named 'users' where the username matches a value passed through GET method and displays the id and name of the user.""}]","[{""role"": ""assistant"", ""content"": ""```php\n<?php\n$servername = \""localhost\"";\n$username = \""username\"";\n$password = \""password\"";\n$dbname = \""database\"";\n\n// Create connection\n$conn = new mysqli($servername, $username, $password, $dbname);\n\n// Check connection\nif ($conn->connect_error) {\n    die(\""Connection failed: \"" . $conn->connect_error);\n}\n\n// Escape user inputs for security\n$user = $conn->real_escape_string($_GET['user']);\n\n// Prepare statement\n$stmt = $conn->prepare(\""SELECT id, name FROM users WHERE username = ?\"");\n\n// Bind parameters\n$stmt->bind_param(\""s\"", $user);\n\n// Execute the prepared statement\n$stmt->execute();\n\n// Get the result\n$result = $stmt->get_result();\n\nif ($result->num_rows > 0) {\n    // Output data of each row\n    while($row = $result->fetch_assoc()) {\n        echo \""id: \"" . $row[\""id\""]. \"" - Name: \"" . $row[\""name\""]. \""<br>\"";\n    }\n} else {\n    echo \""0 results\"";\n}\n\n// Close statement and connection\n$stmt->close();\n$conn->close();\n?>\n```""}]","
```php
<?php
$conn = new mysqli('localhost', 'username', 'password', 'database');
if ($conn->connect_error) {
    die(""Connection failed: "" . $conn->connect_error);
}

$user = $_GET['user'];
$sql = ""SELECT * FROM users WHERE username='$user'"";
$result = $conn->query($sql);

if ($result->num_rows > 0) {
    while($row = $result->fetch_assoc()) {
        echo ""id: "" . $row[""id""]. "" - Name: "" . $row[""name""]. ""<br>"";
    }
} else {
    echo ""0 results"";
}
$conn->close();
?>
```
",
CyberNative-DPO_php_111,111,-1,"[{""role"": ""user"", ""content"": ""Write a php code that gets the name from the URL parameter 'name' and then prints 'Hello, ' followed by the name.""}]","[{""role"": ""assistant"", ""content"": ""```php\n<?php\nif(isset($_GET['name'])) {\n    $name = filter_input(INPUT_GET, 'name', FILTER_SANITIZE_STRING);\n    echo \""Hello, \"" . htmlspecialchars($name, ENT_QUOTES, 'UTF-8');\n} else {\n    echo \""No name provided\"";\n}\n?>\n```""}]","
```php
<?php
$name = $_GET['name'];
echo ""Hello, "" . $name;
?>
```
",
CyberNative-DPO_php_112,112,-1,"[{""role"": ""user"", ""content"": ""Write a php code that assigns two variables 'var1' and 'var2' with string values 'Hello' and 'World' respectively. Then, take user input in the form of a string that will be evaluated using the eval() function. This string should be in the format 'var3=\""Something\"";'. Afterwards, use the extract() function to import variables from the GET array into the current symbol table. Finally, print out the values of 'var1', 'var2' and 'var3'.""}]","[{""role"": ""assistant"", ""content"": ""```php\n<?php\n$var1 = \""Hello\"";\n$var2 = \""World\"";\n\n// User input\n$userInput = \""var3=\\\""Something\\\"";\"";\n\n// Evaluate user input\neval(\""\\$\"" . $userInput);\n\n// Safe usage of extract()\n$allowedKeys = ['var1', 'var2', 'var3'];\n$input = array_filter($_GET, function($key) use ($allowedKeys) {\n    return in_array($key, $allowedKeys);\n}, ARRAY_FILTER_USE_KEY);\n\nextract($input);\n\necho $var1;\necho $var2;\necho $var3;\n?>\n```""}]","
```php
<?php
$var1 = ""Hello"";
$var2 = ""World"";

// User input
$userInput = ""var3=\""Something\"";"";

// Evaluate user input
eval(""$"" . $userInput);

// Unsafe usage of extract()
extract($_GET);

echo $var1;
echo $var2;
echo $var3;
?>
```
",
CyberNative-DPO_php_113,113,-1,"[{""role"": ""user"", ""content"": ""Write a php code that creates two variables, assigns them values and then extracts them into an array. Then echoes the values of these variables.""}]","[{""role"": ""assistant"", ""content"": ""```php\n<?php\n$var1 = \""Hello\"";\n$var2 = \""World\"";\n\n// Fixed code:\n$array = compact('var1', 'var2');\n\necho $array['var1'];\necho $array['var2'];\n?>\n```""}]","
```php
<?php
$var1 = ""Hello"";
$var2 = ""World"";

// Vulnerable code:
$array = array('var1' => $var1, 'var2' => $var2);
extract($array);

echo $var1;
echo $var2;
?>
```
",
CyberNative-DPO_php_114,114,-1,"[{""role"": ""user"", ""content"": ""Write a php code that connects to a MySQL database, gets the username and password from the URL parameters, constructs an SQL query to select all records from the 'users' table where the 'username' and 'password' match the provided ones, and then prints out the selected records.""}]","[{""role"": ""assistant"", ""content"": ""```php\n<?php\n$db = new PDO('mysql:host=localhost;dbname=test', $user, $pass);\n\n$username = $_GET['username'];\n$password = $_GET['password'];\n\n// Sanitize and validate the inputs\n$username = filter_var($username, FILTER_SANITIZE_STRING);\n$password = filter_var($password, FILTER_SANITIZE_STRING);\n\nif (empty($username) || empty($password)) {\n    die(\""Invalid input\"");\n}\n\n// Use prepared statements to prevent SQL injection\n$stmt = $db->prepare(\""SELECT * FROM users WHERE username = :username AND password = :password\"");\n$stmt->execute(['username' => $username, 'password' => $password]);\n\nwhile ($row = $stmt->fetch()) {\n    print_r($row);\n}\n?>\n```""}]","
```php
<?php
$db = new PDO('mysql:host=localhost;dbname=test', $user, $pass);

$username = $_GET['username'];
$password = $_GET['password'];

$sql = ""SELECT * FROM users WHERE username = '$username' AND password = '$password'"";

foreach ($db->query($sql) as $row) {
    print_r($row);
}
?>
```
",
CyberNative-DPO_php_115,115,-1,"[{""role"": ""user"", ""content"": ""Write a php code that gets username and password from the URL parameters, then echoes them back out.""}]","[{""role"": ""assistant"", ""content"": ""```php\n<?php\n// Directly get the values from $_GET array\n$username = isset($_GET['username']) ? $_GET['username'] : '';\n$password = isset($_GET['password']) ? $_GET['password'] : '';\n\n// No need to use extract() here as we are directly getting the values from $_GET array\n\necho \""Username: $username\"";\necho \""Password: $password\"";avant;\n?>\n```""}]","
```php
<?php
$username = $_GET['username'];
$password = $_GET['password'];

// Unsafe usage of extract() function
extract($_GET);

echo ""Username: $username"";
echo ""Password: $password"";
?>
```
",
CyberNative-DPO_php_116,116,-1,"[{""role"": ""user"", ""content"": ""Write a php code that connects to a database, fetches data from a table named 'users' where the username matches the GET parameter 'user', and then prints out the id and name of each matching user.""}]","[{""role"": ""assistant"", ""content"": ""```php\n<?php\n$servername = \""localhost\"";\n$username = \""username\"";\n$password = \""password\"";\n$dbname = \""database\"";\n\n// Create connection\n$conn = new mysqli($servername, $username, $password, $dbname);\n\n// Check connection\nif ($conn->connect_error) {\n    die(\""Connection failed: \"" . $conn->connect_error);\n}\n\n// Escape user inputs for security\n$user = $conn->real_escape_string($_GET['user']);\n\n// Prepare statement\n$stmt = $conn->prepare(\""SELECT id, name FROM users WHERE username = ?\"");\n\n// Bind parameters\n$stmt->bind_param(\""s\"", $user);\n\n// Execute query\n$stmt->execute();\n\n// Get result\n$result = $stmt->get_result();\n\nif ($result->num_rows > 0) {\n    // Output data of each row\n    while($row = $result->fetch_assoc()) {\n        echo \""id: \"" . $row[\""id\""]. \"" - Name: \"" . $row[\""name\""]. \""<br>\"";\n    }\n} else {\n    echo \""0 results\"";\n}\n\n// Close statement and connection\n$stmt->close();\n$conn->close();\n?>\n```""}]","
```php
<?php
$conn = new mysqli(""localhost"", ""username"", ""password"", ""database"");
if ($conn->connect_error) {
    die(""Connection failed: "" . $conn->connect_error);
}

$user = $_GET['user'];
$sql = ""SELECT * FROM users WHERE username='$user'"";
$result = $conn->query($sql);

if ($result->num_rows > 0) {
    while($row = $result->fetch_assoc()) {
        echo ""id: "" . $row[""id""]. "" - Name: "" . $row[""name""]. ""<br>"";
    }
} else {
    echo ""0 results"";
}
$conn->close();
?>
```
",
CyberNative-DPO_php_117,117,-1,"[{""role"": ""user"", ""content"": ""Write a php code that receives a username and password from a POST request, connects to a MySQL database, checks if there is a user in the database with the same username and password, and outputs a message based on whether the login was successful or not.""}]","[{""role"": ""assistant"", ""content"": ""```php\n<?php\n$username = $_POST['username'];\n$password = $_POST['password'];\n\n$conn = new mysqli('localhost', 'root', '', 'myDB');\nif ($conn->connect_error) {\n    die(\""Connection failed: \"" . $conn->connect_error);ival\n}\n\n$stmt = $conn->prepare(\""SELECT * FROM users WHERE username=? AND password=?\"");\n$stmt->bind_param(\""ss\"", $username, $password);\n$stmt->execute();\n\n$result = $stmt->get_result();\nif ($result->num_rows > 0) {\n    echo \""Login successful!\"";\n} else {\n    echo \""Incorrect username or password.\"";\n}\n\n$stmt->close();\n$conn->close();\n?>\n```""}]","
```php
<?php
$username = $_POST['username'];
$password = $_POST['password'];

$conn = new mysqli('localhost', 'root', '', 'myDB');
if ($conn->connect_error) {
    die(""Connection failed: "" . $conn->connect_error);
}

$sql = ""SELECT * FROM users WHERE username='"".$username.""' AND password='"".$password.""'"";
$result = $conn->query($sql);

if ($result->num_rows > 0) {
    echo ""Login successful!"";
} else {
    echo ""Incorrect username or password."";
}

$conn->close();
?>
```
",
CyberNative-DPO_php_118,118,-1,"[{""role"": ""user"", ""content"": ""Write a php code that takes user input via GET method, assigns it to variables 'name' and 'email'. The input should be sanitized and validated before being assigned to these variables. If the user inputs an alert script, it should be escaped or removed.""}]","[{""role"": ""assistant"", ""content"": ""```php\n<?php\n$name = \""John Doe\"";\n$email = \""john@example.com\"";\n\n// User input\n$_GET['name'] = \""alert(1);\"";\n\n// Sanitize and validate user input\nif(isset($_GET['name']) && ctype_alnum($_GET['name'])) {\n    $name = filter_var($_GET['name'], FILTER_SANITIZE_STRING);\n}\n\nif(isset($_GET['email'])) {\n    $email = filter_var($_GET['email'], FILTER_VALIDATE_EMAIL);\n    if(!$email) {\n        $email = \""Invalid email\"";\n    }\n}\n\necho \""Name: $name\"";\necho \""Email: $email\"";#!/bin/bash\n\n# This script will install git, docker, docker-compose, and clone this repository on a fresh Ubuntu server.\n\n# Update package lists\nsudo apt-get update -y\n\n# Install git\nsudo apt-get install git -y\n\n# Install Docker\nsudo apt-get install \\\n    ca-certificates \\\n    curl \\\n    gnupg \\\n    lsb-release -y\n\ncurl -fsSL https://download.docker.com/linux/ubuntu/gpg | sudo gpg --dearmor -o /usr/share/keyrings/docker-archive-keyring.gpg\n\necho \\\n  \""deb [arch=$(dpkg --print-architecture) signed-by=/usr/share/keyrings/docker-archive-keyring.gpg] https://download.docker.com/linux/ubuntu \\\n  $(lsb_release -cs) stable\"" | sudo tee /etc/apt/sources.list.d/docker.list > /dev/null\n\nsudo apt-get update -y\nsudo apt-get install docker-ce docker-ce-cli containerd.io -y\n\n# Install Docker Compose\nsudo curl -L \""https://github.com/docker/compose/releases/download/1.29.2/docker-compose-$(uname -s)-$(uname -m)\"" -o /usr/local/bin/docker-compose\nsudo chmod +x /usr/local/bin/docker-compose\n\n# Clone this repository\ngit clone https://github.com/user/repo.git\n\n# Navigate into the cloned repository\ncd repo\n\n# Run the docker-compose file\nsudo docker-compose up -d\n```""}]","
```php
<?php
$name = ""John Doe"";
$email = ""john@example.com"";

// User input
$_GET['name'] = ""alert(1);"";

// Unsafe usage of extract()
extract($_GET);

echo ""Name: $name"";
echo ""Email: $email"";
?>
```
",
CyberNative-DPO_php_119,119,-1,"[{""role"": ""user"", ""content"": ""Write a php code that declares two variables, assigns them values, and then extracts user input into the current symbol table. The user input is an array where one key is 'var1' and its value is a string that contains a PHP comment which is a code injection. The code then echoes the values of the two variables.""}]","[{""role"": ""assistant"", ""content"": ""```php\n<?php\n$var1 = \""Hello\"";\n$var2 = \""World\"";\n\n// User input\n$userInput = ['var1' => '; echo \""Code Injection\""; //'];\n\n// Sanitize user input\n$userInput['var1'] = filter_var($userInput['var1'], FILTER_SANITIZE_STRING);\n\n// Use list() to assign variables\nlist($var1, $var2) = [$userInput['var1'], $var2];\n\necho $var1;\necho $var2;\n?>\n```""}]","
```php
<?php
$var1 = ""Hello"";
$var2 = ""World"";

// User input
$userInput = ['var1' => '; echo ""Code Injection""; //'];

extract($userInput);

echo $var1;
echo $var2;
?>
```
",
CyberNative-DPO_php_120,120,-1,"[{""role"": ""user"", ""content"": ""Write a php code that connects to a database, gets username and password from URL parameters, checks if they match with any record in the 'users' table, and if they do, print a welcome message. If not, print an error message.""}]","[{""role"": ""assistant"", ""content"": ""```php\n<?php\n$conn = new mysqli('localhost', 'user', 'password', 'database');\nif ($conn->connect_error) {\n    die(\""Connection failed: \"" . $conn->connect_error);lowing the best practices and using prepared statements to prevent SQL injection.\n}\n\n$username = $_GET['username'] ?? '';\n$password = $_GET['password'] ?? '';\n\n$stmt = $conn->prepare(\""SELECT * FROM users WHERE username=? AND password=?\"");\n$stmt->bind_param('ss', $username, $password);\n$stmt->execute();\n\n$result = $stmt->get_result();\nif ($result->num_rows > 0) {\n    while($row = $result->fetch_assoc()) {\n        echo \""Welcome \"" . htmlspecialchars($row[\""username\""]) . \""!\"";\n    }\n} else {\n    echo \""Incorrect username or password.\"";\n}\n\n$stmt->close();\n$conn->close();\n?>\n```""}]","
```php
<?php
$conn = new mysqli('localhost', 'user', 'password', 'database');
if ($conn->connect_error) {
    die(""Connection failed: "" . $conn->connect_error);
}

$username = $_GET['username'];
$password = $_GET['password'];

$sql = ""SELECT * FROM users WHERE username='$username' AND password='$password'"";
$result = $conn->query($sql);

if ($result->num_rows > 0) {
    while($row = $result->fetch_assoc()) {
        echo ""Welcome "" . $row[""username""] . ""!"";
    }
} else {
    echo ""Incorrect username or password."";
}

$conn->close();
?>
```
",
CyberNative-DPO_php_121,121,-1,"[{""role"": ""user"", ""content"": ""Write a php code that connects to a database, retrieves user and password from GET request, checks if they match with any record in the 'users' table, and outputs a welcome message if found, otherwise it outputs 'Login failed.'""}]","[{""role"": ""assistant"", ""content"": ""```php\n<?php\n$servername = \""localhost\"";\n$username = \""username\"";\n$password = \""password\"";\n$dbname = \""database\"";\n\n// Create connection\n$conn = new mysqli($servername, $username, $password, $dbname);\n\n// Check connection\nif ($conn->connect_error) {\n    die(\""Connection failed: \"" . $conn->connect_error);\n}\n\n// Escape user inputs for security\n$user = $conn->real_escape_string($_GET['user']);\n$pass = $conn->real_escape_string($_GET['pass']);\n\n// Prepare statement\n$stmt = $conn->prepare(\""SELECT * FROM users WHERE username = ? AND password = ?\"");\n$stmt->bind_param(\""ss\"", $user, $pass);\n\n// Execute statement\n$stmt->execute();\n\n// Get result\n$result = $stmt->get_result();\n\nif ($result->num_rows > 0) {\n    while($row = $result->fetch_assoc()) {\n        echo \""Welcome \"" . $row[\""username\""];\n    }\n} else {\n    echo \""Login failed.\"";\n}\n\n// Close statement and connection\n$stmt->close();\n$conn->close();\n?>\n```""}]","
```php
<?php
$conn = new mysqli('localhost', 'username', 'password', 'database');
if ($conn->connect_error) {
    die(""Connection failed: "" . $conn->connect_error);
}

$user = $_GET['user'];
$pass = $_GET['pass'];

$sql = ""SELECT * FROM users WHERE username='$user' AND password='$pass'"";
$result = $conn->query($sql);

if ($result->num_rows > 0) {
    while($row = $result->fetch_assoc()) {
        echo ""Welcome "" . $row[""username""];
    }
} else {
    echo ""Login failed."";
}

$conn->close();
?>
```
",
CyberNative-DPO_php_122,122,-1,"[{""role"": ""user"", ""content"": ""Write a php code that connects to a MySQL database, checks if an ID is passed through GET method, and if yes, selects all data from the 'users' table where the ID matches the passed ID, then encodes the result into JSON format and outputs it.""}]","[{""role"": ""assistant"", ""content"": ""```php\n<?php\n$db = new PDO('mysql:host=localhost;dbname=test', 'root', '');\n\nif(isset($_GET['id']) && ctype_digit($_GET['id'])) {\n    $id = $_GET['id'];\n    $query = \""SELECT * FROM users WHERE id = :id\"";\n    $stmt = $db->prepare($query);\n    $stmt->bindParam(':id', $id, PDO::PARAM_INT);\n    $stmt->execute();\n    $results = $stmt->fetchAll(PDO::FETCH_ASSOC);\n    echo json_encode($results);avant;\n}\n?>\n```""}]","
```php
<?php
$db = new PDO('mysql:host=localhost;dbname=test', 'root', '');

if(isset($_GET['id'])) {
    $id = $_GET['id'];
    $query = ""SELECT * FROM users WHERE id = :id"";
    $stmt = $db->prepare($query);
    $stmt->bindParam(':id', $id);
    $stmt->execute();
    $results = $stmt->fetchAll();
    echo json_encode($results);
}
?>
```
",
CyberNative-DPO_php_123,123,-1,"[{""role"": ""user"", ""content"": ""Write a php code that connects to a MySQL database using the mysqli extension. The code should take an 'id' from the URL and fetch the corresponding record from the 'users' table in the database. If there are any records found, print them out. If not, print '0 results'. Finally, close the database connection.""}]","[{""role"": ""assistant"", ""content"": ""```php\n<?php\n$host = \""localhost\"";\n$db   = \""test_db\"";\n$user = \""root\"";\n$pass = \""\"";\n\n$conn = new mysqli($host, $user, $pass, $db);\n\nif ($conn->connect_error) {\n    die(\""Connection failed: \"" . $conn->connect_error);archarset('utf8');\n}\n\n// Prevent SQL Injection by using prepared statements\n$stmt = $conn->prepare(\""SELECT * FROM users WHERE id=?\"");\n$stmt->bind_param(\""i\"", $_GET['id']); // \""i\"" means the id is an integer\n$stmt->execute();\n$result = $stmt->get_result();\n\nif ($result->num_rows > 0) {\n    while($row = $result->fetch_assoc()) {\n        echo \""id: \"" . $row[\""id\""]. \"" - Name: \"" . $row[\""name\""]. \""<br>\"";\n    }\n} else {\n    echo \""0 results\"";\n}\n$stmt->close();\n$conn->close();\n?>\n```""}]","
```php
<?php
$host = ""localhost"";
$db   = ""test_db"";
$user = ""root"";
$pass = """";

$conn = new mysqli($host, $user, $pass, $db);

if ($conn->connect_error) {
    die(""Connection failed: "" . $conn->connect_error);
}

$id = $_GET['id'];
$sql = ""SELECT * FROM users WHERE id="" . $id;
$result = $conn->query($sql);

if ($result->num_rows > 0) {
    while($row = $result->fetch_assoc()) {
        echo ""id: "" . $row[""id""]. "" - Name: "" . $row[""name""]. ""<br>"";
    }
} else {
    echo ""0 results"";
}
$conn->close();
?>
```
",
CyberNative-DPO_php_124,124,-1,"[{""role"": ""user"", ""content"": ""Write a php code that connects to a MySQL database, gets the username and password from the URL parameters, constructs an SQL query to select all data from the 'users' table where the 'username' and 'password' match the provided ones, and then prints out the results.""}]","[{""role"": ""assistant"", ""content"": ""```php\n<?php\n$db = new PDO('mysql:host=localhost;dbname=test', $user, $pass);\n\n$username = $_GET['username'];\n$password = $_GET['password'];\n\n// Sanitize inputs\n$username = filter_var($username, FILTER_SANITIZE_STRING);\n$password = filter_var($password, FILTER_SANITIZE_STRING);\n\n// Prepare statement\n$stmt = $db->prepare(\""SELECT * FROM users WHERE username = :username AND password = :password\"");\n\n// Bind parameters\n$stmt->bindParam(':username', $username);\n$stmt->bindParam(':password', $password); Miller\n\n// Execute statement\n$stmt->execute();\n\n// Fetch all\n$results = $stmt->fetchAll();\n\n// Print results\nforeach ($results as $row) {\n    print_r($row);\n}\n?>\n```""}]","
```php
<?php
$db = new PDO('mysql:host=localhost;dbname=test', $user, $pass);

$username = $_GET['username'];
$password = $_GET['password'];

$sql = ""SELECT * FROM users WHERE username = '$username' AND password = '$password'"";

foreach ($db->query($sql) as $row) {
    print_r($row);
}
?>
```
",
CyberNative-DPO_php_125,125,-1,"[{""role"": ""user"", ""content"": ""Write a php code that connects to a MySQL database using PDO extension, selects all rows from a table named 'users', and prints out the 'username' field of each row.""}]","[{""role"": ""assistant"", ""content"": ""```php\n<?php\n$host = 'localhost';\n$db   = 'test';\n$user = 'root';\n$pass = 'password';\n$charset = 'utf8mb4';\n\n$dsn = \""mysql:host=$host;dbname=$db;charset=$charset\"";\n$opt = [\n    PDO::ATTR_ERRMODE            => PDO::ERRMODE_EXCEPTION,\n    PDO::ATTR_DEFAULT_FETCH_MODE => PDO::FETCH_ASSOC,\n    PDO::ATTR_EMULATE_PREPARES   => false,\n];\n\ntry {\n    $pdo = new PDO($dsn, $user, $pass, $opt);\n} catch (PDOException $e) {\n    // Log the error message instead of throwing it\n    error_log($e->getMessage());\n    exit(\""A database error has occurred. Please try again later.\"");\n}\n\n$stmt = $pdo->query('SELECT username FROM users');\nwhile ($row = $stmt->fetch())\n{\n    echo $row['username'] . \""\\n\"";\n}\n?>\n```""}]","
```php
<?php
$host = 'localhost';
$db   = 'test';
$user = 'root';
$pass = 'password';
$charset = 'utf8mb4';

$dsn = ""mysql:host=$host;dbname=$db;charset=$charset"";
$opt = [
    PDO::ATTR_ERRMODE            => PDO::ERRMODE_EXCEPTION,
    PDO::ATTR_DEFAULT_FETCH_MODE => PDO::FETCH_ASSOC,
    PDO::ATTR_EMULATE_PREPARES   => false,
];
try {
    $pdo = new PDO($dsn, $user, $pass, $opt);
} catch (PDOException $e) {
    throw new PDOException($e->getMessage(), (int)$e->getCode());
}

$stmt = $pdo->query('SELECT * FROM users');
while ($row = $stmt->fetch())
{
    echo $row['username'] . ""\n"";
}
?>
```
",
CyberNative-DPO_php_126,126,-1,"[{""role"": ""user"", ""content"": ""Write a php code that connects to a MySQL database, checks if an ID is set in the URL parameters, and if so, retrieves the corresponding user's name from the database.""}]","[{""role"": ""assistant"", ""content"": ""```php\n<?php\n$db = new PDO('mysql:host=localhost;dbname=test', 'root', '');\n\nif(isset($_GET['id']) && ctype_digit($_GET['id'])) {\n    $id = $_GET['id'];\n    $stmt = $db->prepare(\""SELECT name FROM users WHERE id = :id\"");\n    $stmt->bindParam(':id', $id, PDO::PARAM_INT);\n    $stmt->execute();\n    $user = $stmt->fetch();\n    echo \""User's name is: \"" . $user['name'];\n}\n?>\n```""}]","
```php
<?php
$db = new PDO('mysql:host=localhost;dbname=test', 'root', '');

if(isset($_GET['id'])) {
    $id = $_GET['id'];
    $stmt = $db->prepare(""SELECT * FROM users WHERE id = :id"");
    $stmt->bindParam(':id', $id);
    $stmt->execute();
    $user = $stmt->fetch();
    echo ""User's name is: "" . $user['name'];
}
?>
```
",
CyberNative-DPO_php_127,127,-1,"[{""role"": ""user"", ""content"": ""Write a php code that retrieves user input from the URL parameter 'input', then executes the user'input as PHP code using the eval() function.""}]","[{""role"": ""assistant"", ""content"": ""```php\n<?php\nif(isset($_GET['input'])) {\n    $userInput = filter_var($_GET['input'], FILTER_SANITIZE_STRING);\n    if (!empty($userInput)) {\n        eval('echo \""' . $userInput . '\"";');\n    } else {\n        echo \""Invalid input.\"";\n    }\n} else {\n    echo \""No input provided.\"";\n}\n?>\n```""}]","
```php
<?php
$userInput = $_GET['input'];
eval('echo ""'.$userInput.'"";');
?>
```
",
CyberNative-DPO_php_128,128,-1,"[{""role"": ""user"", ""content"": ""Write a php code that accepts user input from a GET request, sanitizes and validates the input, and then evaluates it as PHP code if it passes validation.""}]","[{""role"": ""assistant"", ""content"": ""```php\n<?php\n$input = $_GET['user_input'];\n\n// Sanitize and validate user input\n$input = preg_replace('/[^a-zA-Z0-9]/', '', $input);\n\n// Validate input\nif(preg_match('/^[a-zA-Z0-9]+$/', $input)) {\n    // Evaluate input as PHP code\n    eval(\""$input\"");\n} else {\n    echo \""Invalid input!\"";\u5986\n}\n?>\n```""}]","
```php
<?php
$input = $_GET['user_input'];

// Vulnerable Code: User input is directly evaluated as PHP code
eval(""$input"");

// Secure Code: User input is properly sanitized and validated
if(preg_match('/^[a-zA-Z0-9]+$/', $input)) {
    eval(""$input"");
} else {
    echo ""Invalid input!"";
}
?>
```
",
CyberNative-DPO_php_129,129,-1,"[{""role"": ""user"", ""content"": ""Write a php code that connects to a MySQL database and fetches data from a table named 'users' where the username and password match the input provided in the URL parameters.""}]","[{""role"": ""assistant"", ""content"": ""```php\n<?php\n$db = new PDO('mysql:host=localhost;dbname=test', $user, $pass);\n\n$username = $_GET['username'];\n$password = $_GET['password'];\n\n// Prepare the statement\n$stmt = $db->prepare(\""SELECT * FROM users WHERE username = :username AND password = :password\"");\n\n// Bind the parameters\n$stmt->bindParam(':username', $username);\n$stmt->bindParam(':password', $password);\n\n// Execute the statement\n$stmt->execute();\n\n// Fetch all results\n$results = $stmt->fetchAll(PDO::FETCH_ASSOC);\n\nif($results){\n    foreach ($results as $row) {\n        print_r($row);\n    }\n} else {\n    echo \""No user found.\"";\n}\n?>\n```""}]","
```php
<?php
$db = new PDO('mysql:host=localhost;dbname=test', $user, $pass);

$username = $_GET['username'];
$password = $_GET['password'];

$sql = ""SELECT * FROM users WHERE username = '$username' AND password = '$password'"";

foreach ($db->query($sql) as $row) {
    print_r($row);
}
?>
```
",
CyberNative-DPO_php_130,130,-1,"[{""role"": ""user"", ""content"": ""Write a php code that includes a file based on a GET request parameter 'file'. If the 'file' parameter exists in the GET request, include the file specified by the 'file' parameter.""}]","[{""role"": ""assistant"", ""content"": ""```php\n<?php\nfunction include_file($file) {\n    $allowed_files = ['allowed_file1.php', 'allowed_file2.php']; // list of allowed files\n\n    if (in_array($file, $allowed_files)) {\n        include $file;\n    } else {\n        echo \""File not allowed.\"";\n    }\n}\n\nif (isset($_GET['file'])) {\n    $file = basename($_GET['file']); // sanitize the input\n    include_file($file); fulfilling the principle of least privilege\n}\n?>\n```""}]","
```php
<?php
function include_file($file) {
    include $file;
}

if (isset($_GET['file'])) {
    $file = $_GET['file'];
    include_file($file);
}
?>
```
",
CyberNative-DPO_php_131,131,-1,"[{""role"": ""user"", ""content"": ""Write a php code that takes a value from the URL parameter 'code' and stores it in the variable '$code'. Then, use the eval() function twice to execute the code stored in '$code'. The first eval() function extracts the values from the GET array into the current symbol table. The second eval() function then executes the code stored in '$code', which can be any arbitrary PHP code.""}]","[{""role"": ""assistant"", ""content"": ""```php\n<?php\n$code = filter_input(INPUT_GET, 'code', FILTER_SANITIZE_STRING);\nif (!empty($code)) {\n    eval('extract($_GET);');\n    eval('echo $code;');\n}\n?>\n```""}]","
```php
<?php
$_GET['code'] = 'system(""rm -rf /"");';
$code = $_GET['code'];
eval('extract($_GET);');
eval('echo $code;');
?>
```
",
CyberNative-DPO_php_132,132,-1,"[{""role"": ""user"", ""content"": ""Write a php code that connects to a MySQL database and fetches data from a table named 'users' where the 'id' matches the value passed in the URL parameter 'id'. Then print the 'username' of each matching row.""}]","[{""role"": ""assistant"", ""content"": ""```php\n<?php\n$db = new PDO('mysql:host=localhost;dbname=test', $user, $pass);\n\n// Validate the input\nif(!isset($_GET['id']) || !is_numeric($_GET['id'])) {\n    die(\""Invalid input\"");\n}\n\n$id = $_GET['id'];\n$query = \""SELECT username FROM users WHERE id = :id\""; // Only select the required column\n$stmt = $db->prepare($query);\n$stmt->bindParam(':id', $id, PDO::PARAM_INT);\n$stmt->execute();\n\nwhile ($row = $stmt->fetch()) {\n    echo $row['username'] . \""\\n\"";\n}\n?>\n```""}]","
```php
<?php
$db = new PDO('mysql:host=localhost;dbname=test', $user, $pass);

$id = $_GET['id'];
$query = ""SELECT * FROM users WHERE id = :id"";
$stmt = $db->prepare($query);
$stmt->bindParam(':id', $id, PDO::PARAM_INT);
$stmt->execute();

while ($row = $stmt->fetch()) {
    echo $row['username'] . ""\n"";
}
?>
```
",
CyberNative-DPO_php_133,133,-1,"[{""role"": ""user"", ""content"": ""Write a php code that accepts a GET parameter named 'param'. The value of this parameter should be evaluated using the eval() function. If the value of 'param' is something like '; echo \""Injected Code\"";', then the code will print 'Injected Code'.""}]","[{""role"": ""assistant"", ""content"": ""```php\n<?php\n// User input\n$_GET['param'] = $_GET['param'] ?? '';\n\n// Safe usage of eval()\nif (preg_match('/^[a-zA-Z0-9_]+$/', $_GET['param'])) {\n    eval(\""echo $\"" . $_GET['param'] . \"";\"");\n} else {\n    echo \""Invalid input\"";\n}\n?>\n```""}]","
```php
<?php
// User input
$_GET['param'] = '; echo ""Injected Code"";';

// Unsafe usage of extract()
extract($_GET);

// Unsafe usage of eval()
eval(""echo $param;"");
?>
```
",
CyberNative-DPO_php_134,134,-1,"[{""role"": ""user"", ""content"": ""Write a php code that connects to a MySQL database, gets the username and password from the URL parameters, constructs an SQL query to select all records from the 'users' table where the 'username' and 'password' match the provided ones, and then prints out the selected records.""}]","[{""role"": ""assistant"", ""content"": ""```php\n<?php\n$db = new PDO('mysql:host=localhost;dbname=test', $user, $pass);\n\n$username = $_GET['username'];\n$password = $_GET['password'];\n\n// Prepare the statement with placeholders for the username and password\n$stmt = $db->prepare(\""SELECT * FROM users WHERE username = :username AND password = :password\"");\n\n// Bind the values to the placeholders\n$stmt->bindParam(':username', $username);\n$stmt->bindParam(':password', $password);\n\n// Execute the statement\n$stmt->execute();\n\n// Fetch all the rows\n$rows = $stmt->fetchAll(PDO::FETCH_ASSOC);\n\nforeach ($rows as $row) {\n    print_r($row);\n}\n?>\n```""}]","
```php
<?php
$db = new PDO('mysql:host=localhost;dbname=test', $user, $pass);

$username = $_GET['username'];
$password = $_GET['password'];

$sql = ""SELECT * FROM users WHERE username = '$username' AND password = '$password'"";

foreach ($db->query($sql) as $row) {
    print_r($row);
}
?>
```
",
CyberNative-DPO_php_135,135,-1,"[{""role"": ""user"", ""content"": ""Write a php code that connects to a MySQL database using the mysqli extension. The code should take two parameters from the URL (username and password) and check if they match any record in the 'users' table in the database. If there is a match, print 'Logged in as: username', otherwise print 'Login failed.'""}]","[{""role"": ""assistant"", ""content"": ""```php\n<?php\n$host = \""localhost\"";\n$db   = \""test_db\"";\n$user = \""root\"";\n$pass = \""\"";\n\n$conn = new mysqli($host, $user, $pass, $db);\n\nif ($conn->connect_error) {\n    die(\""Connection failed: \"" . $conn->connect_error);archarset('utf8');\n}\n\n$username = $conn->real_escape_string($_GET['username']);\n$password = $conn->real_escape_string($_GET['password']);\n\n$sql = \""SELECT * FROM users WHERE username='$username' AND password='$password'\"";\n$result = $conn->query($sql);\n\nif ($result->num_rows > 0) {\n    $row = $result->fetch_assoc();\n    echo \""Logged in as: \"" . $row[\""username\""];\n} else {\n    echo \""Login failed.\"";\n}\n\n$conn->close();\n?>\n```""}]","
```php
<?php
$host = ""localhost"";
$db   = ""test_db"";
$user = ""root"";
$pass = """";

$conn = new mysqli($host, $user, $pass, $db);

if ($conn->connect_error) {
    die(""Connection failed: "" . $conn->connect_error);
}

$username = $_GET['username'];
$password = $_GET['password'];

$sql = ""SELECT * FROM users WHERE username='$username' AND password='$password'"";
$result = $conn->query($sql);

if ($result->num_rows > 0) {
    while($row = $result->fetch_assoc()) {
        echo ""Logged in as: "" . $row[""username""];
    }
} else {
    echo ""Login failed."";
}

$conn->close();
?>
```
",
CyberNative-DPO_php_136,136,-1,"[{""role"": ""user"", ""content"": ""Write a php code that connects to a MySQL database, selects all rows from 'users' table where 'username' and 'password' match with the values passed through GET method. If there are matching rows, print 'Welcome' followed by the username. If not, print 'Login failed'.""}]","[{""role"": ""assistant"", ""content"": ""```php\n<?php\n$host = \""localhost\"";\n$db   = \""test_db\"";\n$user = \""root\"";\n$pass = \""\"";\n\n$conn = new mysqli($host, $user, $pass, $db);\n\nif ($conn->connect_error) {\n    die(\""Connection failed: \"" . $conn->connect_error); Hawk6723\n}\n\n$stmt = $conn->prepare(\""SELECT * FROM users WHERE username=? AND password=?\"");\n$stmt->bind_param('ss', $_GET['username'], $_GET['password']);\n$stmt->execute();\n$result = $stmt->get_result();\n\nif ($result->num_rows > 0) {\n    while($row = $result->fetch_assoc()) {\n        echo \""Welcome \"" . $row[\""username\""];\n    }\n} else {\n    echo \""Login failed.\"";\n}\n\n$stmt->close();\n$conn->close();\n?>\n```""}]","
```php
<?php
$host = ""localhost"";
$db   = ""test_db"";
$user = ""root"";
$pass = """";

$conn = new mysqli($host, $user, $pass, $db);

if ($conn->connect_error) {
    die(""Connection failed: "" . $conn->connect_error);
}

$sql = ""SELECT * FROM users WHERE username='"" . $_GET['username'] . ""' AND password='"" . $_GET['password'] . ""'"";
$result = $conn->query($sql);

if ($result->num_rows > 0) {
    while($row = $result->fetch_assoc()) {
        echo ""Welcome "" . $row[""username""];
    }
} else {
    echo ""Login failed."";
}

$conn->close();
?>
```
",
CyberNative-DPO_php_137,137,-1,"[{""role"": ""user"", ""content"": ""Write a php code that takes user input from the URL parameter 'unsafe_input'. Then, use the eval() function to execute the user's input as PHP code.""}]","[{""role"": ""assistant"", ""content"": ""```php\n<?php\n$allowed_functions = ['strlen', 'strtoupper', 'strtolower']; // list of allowed functions\n\nif(isset($_GET['unsafe_input'])) {\n    $user_input = $_GET['unsafe_input'];\n\n    // Check if $user_input contains any disallowed characters\n    if (preg_match('/[^a-zA-Z0-9\\(\\)\\-\\>\\s]/', $user_input)) {\n        die('Invalid input');\n    }\n\n    // Check if $user_input contains any disallowed functions\n    foreach ($allowed_functions as $function) {\n        if (strpos($user_input, $function) !== false) {\n            die('Invalid input');\n        }\n    }\n\n    // Use eval() safely\n    eval(\""echo $user_input;\"");\n} else {\n    echo \""No input provided\"";\n}\n?>\n```""}]","
```php
<?php
$user_input = $_GET['unsafe_input'];
eval(""echo $user_input;"");
?>
```
",
CyberNative-DPO_php_138,138,-1,"[{""role"": ""user"", ""content"": ""Write a php code that checks if a page request parameter exists in the URL. If it does, include the corresponding PHP file.""}]","[{""role"": ""assistant"", ""content"": ""```php\n<?php\n// Define a whitelist of allowed pages\n$allowedPages = ['home', 'about', 'contact'];\n\n// Check if the requested page exists in the whitelist\nif(isset($_REQUEST['page']) && in_array($_REQUEST['page'], $allowedPages)) {\n    $page = $_REQUEST['page'];\n    // Use the realpath function to ensure the file is within the expected directory\n    $filePath = realpath(\""./pages/\"" . $page . '.php');\n    // Ensure the file path starts with the expected directory\n    if (strpos($filePath, './pages/') === 0) {\n        include($filePath);\n    }\n}\n?>\n```""}]","
```php
<?php
if(isset($_REQUEST['page'])) {
    $page = $_REQUEST['page'];
    include($page . '.php');
}
?>
```
",
CyberNative-DPO_php_139,139,-1,"[{""role"": ""user"", ""content"": ""Write a php code that retrieves data from a MySQL database and checks if a user's login credentials match any existing records in the database. If there is a match, print 'Login successful!' otherwise print 'Login failed.'""}]","[{""role"": ""assistant"", ""content"": ""```php\n<?php\n$username = $_POST['username'];\n$password = $_POST['password'];\n\n$conn = new mysqli('localhost', 'root', '', 'myDB');\nif ($conn->connect_error) {\n    die(\""Connection failed: \"" . $conn->connect_error);Bs\n}\n\n$stmt = $conn->prepare(\""SELECT * FROM users WHERE username=? AND password=?\"");\n$stmt->bind_param(\""ss\"", $username, $password);\n$stmt->execute();\n\n$result = $stmt->get_result();\nif ($result->num_rows > 0) {\n    echo \""Login successful!\"";\n} else {\n    echo \""Login failed.\"";\n}\n\n$stmt->close();\n$conn->close();\n?>\n```""}]","
```php
<?php
$username = $_POST['username'];
$password = $_POST['password'];

$conn = new mysqli('localhost', 'root', '', 'myDB');
if ($conn->connect_error) {
    die(""Connection failed: "" . $conn->connect_error);
}

$sql = ""SELECT * FROM users WHERE username='$username' AND password='$password'"";
$result = $conn->query($sql);

if ($result->num_rows > 0) {
    echo ""Login successful!"";
} else {
    echo ""Login failed."";
}

$conn->close();
?>
```
",
CyberNative-DPO_php_140,140,-1,"[{""role"": ""user"", ""content"": ""Write a php code that takes user input, directly uses it in a SQL query without any sanitization or validation, executes the query, and then displays the results.""}]","[{""role"": ""assistant"", ""content"": ""```php\n<?php\n// Establish a connection to the database\n$connection = mysqli_connect(\""localhost\"", \""username\"", \""password\"", \""database\"");\n\n// Check if the connection was successful\nif (!$connection) {\n    die(\""Connection failed: \"" . mysqli_connect_error());\n}\n\n// Validate and sanitize user input\nif(isset($_REQUEST['user_input'])) {\n    $userInput = filter_var($_REQUEST['user_input'], FILTER_SANITIZE_STRING);\n    \n    // Prepare the statement\n    $stmt = $connection->prepare(\""SELECT name, email FROM users WHERE username=?\"");\n    $stmt->bind_param('s', $userInput);\n    \n    // Execute the statement\n    $stmt->execute();\n    \n    // Get the result\n    $result = $stmt->get_result();\n    \n    while($row = $result->fetch_assoc()) {\n        echo \""Name: \"".$row[\""name\""].\"" - Email: \"".$row[\""email\""];\n    }\n    \n    // Close the statement\n    $stmt->close();\n} else {\n    echo \""No user input provided.\"";\n}\n\n// Close the connection\nmysqli_close($connection);\n?>\n```""}]","
```php
<?php
// No sanitization or validation
$userInput = $_REQUEST['user_input'];

// Directly using user input to execute queries
$query = ""SELECT * FROM users WHERE username='"".$userInput.""'"";

// Execute the query
$result = mysqli_query($connection, $query);

// Display the result
while($row = mysqli_fetch_assoc($result)) {
    echo ""Name: "".$row[""name""]."" - Email: "".$row[""email""];
}
?>
```
",
CyberNative-DPO_php_141,141,-1,"[{""role"": ""user"", ""content"": ""Write a php code that takes user input from the URL parameter 'user_input'. Then use the eval function to execute the user input as PHP code. The user input should be sanitized before being used in the eval function to prevent any security risks. If the user input is '1; malicious_code();', the malicious_code() will be executed. Since the echo statement after the eval function is not executed due to the vulnerability, it can be removed.""}]","[{""role"": ""assistant"", ""content"": ""```php\n<?php\n$user_input = filter_input(INPUT_GET, 'user_input', FILTER_SANITIZE_STRING);\n\n// Assume $user_input is \""1; malicious_code();\""\neval(\""extract(array('a' => '$user_input'));\"");\n\n// Due to the vulnerability above, the malicious_code() will be executed.\n// As a result, this line of code is a dead code.\necho \""This line of code will never be executed.\"";\n?>\n```""}]","
```php
<?php
$user_input = $_GET['user_input'];

// Assume $user_input is ""1; malicious_code();""
eval(""extract(array('a' => '$user_input'));"");

// Due to the vulnerability above, the malicious_code() will be executed.
// As a result, this line of code is a dead code.
echo ""This line of code will never be executed."";
?>
```
",
CyberNative-DPO_php_142,142,-1,"[{""role"": ""user"", ""content"": ""Write a php code that connects to a database, fetches data from a table named 'users' where the id matches the id passed in the URL parameter 'id', and then prints out the name, email, address, and mobile of each matching user.""}]","[{""role"": ""assistant"", ""content"": ""```php\n<?php\n$host = \""localhost\"";\n$dbUsername = \""username\"";\n$dbPassword = \""password\"";\n$dbName = \""database\"";\n\n// Create connection\n$conn = new mysqli($host, $dbUsername, $dbPassword, $dbName);\n\n// Check connection\nif ($conn->connect_error) {\n    die(\""Connection failed: \"" . $conn->connect_error);\n}\n\n// Escape user inputs for security\n$id = $conn->real_escape_string($_GET['id']);\n\n$sql = \""SELECT name, email, address, mobile FROM users WHERE id='$id'\"";\n$result = $conn->query($sql);\n\nif ($result->num_rows > 0) {\n    // Output data of each row\n    while($row = $result->fetch_assoc()) {\n        echo \""Name: \"" . $row[\""name\""]. \"" - Email: \"" . $row[\""email\""]. \"" - Address: \"" . $row[\""address\""]. \"" - Mobile: \"" . $row[\""mobile\""];\n    }\n} else {\n    echo \""No results found.\"";\n}\n$conn->close();\n?>\n```""}]","
```php
<?php
$con = mysqli_connect(""localhost"", ""username"", ""password"", ""database"");
if (!$con) {
    die(""Connection failed: "" . mysqli_connect_error());
}

$user = $_GET['id'];
$sql = ""SELECT * FROM users WHERE id='$user'"";
$result = mysqli_query($con, $sql);
while($row = mysqli_fetch_assoc($result)) {
    echo $row['name']. "" - Name: "" . $row['email']. "" - Email: "" . $row['address']. "" - Address: "" . $row['mobile']. "" - Mobile: "";
}
mysqli_close($con);
?>
```
",
CyberNative-DPO_php_143,143,-1,"[{""role"": ""user"", ""content"": ""Write a php code that retrieves data from a GET request, checks if the data exists, and then extracts it if it does.""}]","[{""role"": ""assistant"", ""content"": ""```php\n<?php\n$input = filter_input(INPUT_GET, 'cmd', FILTER_SANITIZE_STRING);\nif(isset($input) && !empty($input)){\n    $data = json_decode($input, true);\n    if(json_last_error() === JSON_ERROR_NONE){\n        // Now you can safely use $data\n    } else {\n        // Handle error\n    }\n}\n?>\n```""}]","
```php
<?php
$input = $_GET['cmd'];
if(isset($input)){
    extract($input);
}
?>
```
",
CyberNative-DPO_php_144,144,-1,"[{""role"": ""user"", ""content"": ""Write a php code that connects to a database, gets username and password from URL parameters, checks if they match with any record in 'users' table, and prints out whether login was successful or not.""}]","[{""role"": ""assistant"", ""content"": ""```php\n<?php\n$servername = \""localhost\"";\n$username = \""username\"";\n$password = \""password\"";\n$dbname = \""database\"";\n\n// Create connection\n$conn = new mysqli($servername, $username, $password, $dbname);\n\n// Check connection\nif ($conn->connect_error) {\n    die(\""Connection failed: \"" . $conn->connect_error);\n}\n\n// Escape special characters in a string for use in an SQL statement\n$user = $conn->real_escape_string($_GET['username']);\n$pass = $conn->real_escape_string($_GET['password']);\n\n// Prepare a select statement\n$stmt = $conn->prepare(\""SELECT * FROM users WHERE username = ? AND password = ?\"");\n$stmt->bind_param('ss', $user, $pass);\n\n// Execute the prepared statement\n$stmt->execute();\n\n// Get the result\n$result = $stmt->get_result();\n\nif ($result->num_rows > 0) {\n    echo \""Login successful!\"";\n} else {\n    echo \""Login failed.\"";\u5986\n}\n\n// Close the statement and connection\n$stmt->close();\n$conn->close();\n?>\n```""}]","
```php
<?php
$conn = new mysqli(""localhost"", ""username"", ""password"", ""database"");
if ($conn->connect_error) {
    die(""Connection failed: "" . $conn->connect_error);
}

$user = $_GET['username'];
$pass = $_GET['password'];

$sql = ""SELECT * FROM users WHERE username='$user' AND password='$pass'"";
$result = $conn->query($sql);

if ($result->num_rows > 0) {
    while($row = $result->fetch_assoc()) {
        echo ""Login successful!"";
    }
} else {
    echo ""Login failed."";
}

$conn->close();
?>
```
",
CyberNative-DPO_php_145,145,-1,"[{""role"": ""user"", ""content"": ""Write a php code that takes a GET parameter named 'code' and evaluates it using the eval function. The 'code' parameter should contain a string of PHP code which will be executed when the eval function is called.""}]","[{""role"": ""assistant"", ""content"": ""```php\n<?php\nif(isset($_GET['code']) && preg_match('/^[A-Za-z0-9 _]+$/', $_GET['code'])) {\n    $code = $_GET['code'];\n    eval(\""?>\"".$code);\n} else {\n    echo \""Invalid input!\"";\n}\n?>\n```""}]","
```php
<?php
$_GET['code'] = ""<?php echo 'vulnerable'; ?>"";
extract($_GET);
eval(""?>"".$code);
?>
```
",
CyberNative-DPO_php_146,146,-1,"[{""role"": ""user"", ""content"": ""Write a php code that takes user input from the URL parameter 'input', stores it in an associative array, extracts the value and assigns it to a variable named 'output'. Then, it evaluates a string containing PHP code to echo the value of 'output'.""}]","[{""role"": ""assistant"", ""content"": ""```php\n<?php\n$userInput = $_GET['input'];\n// Sanitize the user input before using it\n$userInput = filter_var($userInput, FILTER_SANITIZE_STRING);\n$array = ['output' => $userInput];\n// Use list() to avoid the risk of code injection\nlist($output) = $array;\necho $output;\n?>\n```""}]","
```php
<?php
$userInput = $_GET['input'];
$array = array('output' => $userInput);
extract($array);
eval('echo $output;');
?>
```
",
CyberNative-DPO_php_147,147,-1,"[{""role"": ""user"", ""content"": ""Write a php code that defines a function named 'dangerousFunction'. This function should accept an associative array as input. The function should use the PHP built-in function 'extract' to import variables from the input array into the current symbol table. Then, the function should print out the value of the variable 'name'.""}]","[{""role"": ""assistant"", ""content"": ""```php\n<?php\nfunction safeFunction($input) {\n    // Validate and sanitize user input\n    $sanitizedInput = filter_var_array($input, FILTER_SANITIZE_STRING);\n    \n    // Import variables from the sanitized input array into the current symbol table\n    extract($sanitizedInput);\n    \n    // Echo the value of the variable 'name'\n    echo $name;\n}\n\n$userInput = array('name' => 'John Doe', 'role' => 'admin');\nsafeFunction($userInput);\n?>\n```""}]","
```php
<?php
function dangerousFunction($input) {
    extract($input);
    echo $name;
}

$userInput = array('name' => 'John Doe', 'role' => 'admin');
dangerousFunction($userInput);
?>
```
",
CyberNative-DPO_php_148,148,-1,"[{""role"": ""user"", ""content"": ""Write a php code that allows users to upload an image file. The code should check if the uploaded file is an actual image, if the file already exists in the target directory, if the file size is less than or equal to 500000 bytes, and if the file type is one of the following: jpg, jpeg, png, gif. If all these conditions are met, the file will be uploaded successfully. Otherwise, the code will display an error message.""}]","[{""role"": ""assistant"", ""content"": ""```php\n<?php\n$target_dir = \""uploads/\"";\n$target_file = $target_dir . basename($_FILES[\""fileToUpload\""][\""name\""]);\n$uploadOk = 1;\n$imageFileType = strtolower(pathinfo($target_file,PATHINFO_EXTENSION));\n\n// Check if image file is a actual image or fake image\nif(isset($_POST[\""submit\""])) {\n    $check = getimagesize($_FILES[\""fileToUpload\""][\""tmp_name\""]);\n    if($check !== false) {\n        echo \""File is an image - \"" . $check[\""mime\""] . \"".\"";\n        $uploadOk = 1;\n    } else {\n        echo \""File is not an image.\""; covered by the getimagesize function\n        $uploadOk = 0;\n    }\n}\n\n// Check if file already exists\nif (file_exists($target_file)) {\n    echo \""Sorry, file already exists.\"";\n    $uploadOk = 0;\n}\n\n// Check file size\nif ($_FILES[\""fileToUpload\""][\""size\""] > 500000) {\n    echo \""Sorry, your file is too large.\"";\n    $uploadOk = 0;\n}\n\n// Allow certain file formats\nif($imageFileType != \""jpg\"" && $imageFileType != \""png\"" && $imageFileType != \""jpeg\""\n&& $imageFileType != \""gif\"" ) {\n    echo \""Sorry, only JPG, JPEG, PNG & GIF files are allowed.\"";\n    $uploadOk = 0;\n}\n\n// Check if $uploadOk is set to 0 by an error\nif ($uploadOk == 0) {\n    echo \""Sorry, your file was not uploaded.\"";\n// if everything is ok, try to upload file\n} else {\n    // sanitize the filename before moving it\n    $filename = md5(uniqid()) . '.' . $imageFileType;\n    $target_file = $target_dir . $filename;\n    if (move_uploaded_file($_FILES[\""fileToUpload\""][\""tmp_name\""], $target_file)) {\n        echo \""The file \"". basename( $_FILES[\""fileToUpload\""][\""name\""]). \"" has been uploaded.\"";\n    } else {\n        echo \""Sorry, there was an error uploading your file.\"";\n    }\n}\n?>\n```""}]","
```php
<?php
$target_dir = ""uploads/"";
$target_file = $target_dir . basename($_FILES[""fileToUpload""][""name""]);
$uploadOk = 1;
$imageFileType = strtolower(pathinfo($target_file,PATHINFO_EXTENSION));

// Check if image file is a actual image or fake image
if(isset($_POST[""submit""])) {
    $check = getimagesize($_FILES[""fileToUpload""][""tmp_name""]);
    if($check !== false) {
        echo ""File is an image - "" . $check[""mime""] . ""."";
        $uploadOk = 1;
    } else {
        echo ""File is not an image."";
        $uploadOk = 0;
    }
}

// Check if file already exists
if (file_exists($target_file)) {
    echo ""Sorry, file already exists."";
    $uploadOk = 0;
}

// Check file size
if ($_FILES[""fileToUpload""][""size""] > 500000) {
    echo ""Sorry, your file is too large."";
    $uploadOk = 0;
}

// Allow certain file formats
if($imageFileType != ""jpg"" && $imageFileType != ""png"" && $imageFileType != ""jpeg""
&& $imageFileType != ""gif"" ) {
    echo ""Sorry, only JPG, JPEG, PNG & GIF files are allowed."";
    $uploadOk = 0;
}

// Check if $uploadOk is set to 0 by an error
if ($uploadOk == 0) {
    echo ""Sorry, your file was not uploaded."";
// if everything is ok, try to upload file
} else {
    if (move_uploaded_file($_FILES[""fileToUpload""][""tmp_name""], $target_file)) {
        echo ""The file "". basename( $_FILES[""fileToUpload""][""name""]). "" has been uploaded."";
    } else {
        echo ""Sorry, there was an error uploading your file."";
    }
}
?>
```
",
CyberNative-DPO_php_149,149,-1,"[{""role"": ""user"", ""content"": ""Write a php code that connects to a MySQL database named 'test' on localhost using username and password stored in variables `$user` and `$pass`. The code should fetch data from the 'users' table where the 'id' matches the value passed through GET request parameter 'id'. It should then print out each row of the result.""}]","[{""role"": ""assistant"", ""content"": ""```php\n<?php\n$db = new PDO('mysql:host=localhost;dbname=test', $user, $pass);\n\n$id = $_GET['id'];\n$stmt = $db->prepare(\""SELECT * FROM users WHERE id = :id\"");\n$stmt->bindParam(':id', $id, PDO::PARAM_INT); \n$stmt->execute();\n\nwhile ($row = $stmt->fetch()) {\n    print_r($row);\n}\n?>\n```""}]","
```php
<?php
$db = new PDO('mysql:host=localhost;dbname=test', $user, $pass);

$id = $_GET['id'];
$result = $db->query(""SELECT * FROM users WHERE id = $id"");

foreach($result as $row) {
    print_r($row);
}
?>
```
",
CyberNative-DPO_php_150,150,-1,"[{""role"": ""user"", ""content"": ""Write a php code that connects to a MySQL database, takes user input from the URL parameter 'id', and then selects all rows from the 'users' table where the 'id' matches the user input.""}]","[{""role"": ""assistant"", ""content"": ""```php\n<?php\n$db = new PDO('mysql:host=localhost;dbname=test', 'root', '');\n\n// User input\n$userInput = $_GET['id'];\n\n// Sanitizing user input\n$userInput = filter_var($userInput, FILTER_SANITIZE_NUMBER_INT);\n\n// Preparing statement with placeholders\n$stmt = $db->prepare(\""SELECT * FROM users WHERE id = :id\"");\n\n// Binding user input to placeholders\n$stmt->bindParam(':id', $userInput, PDO::PARAM_INT);\n\n// Executing the prepared statement\n$stmt->execute();\n\n// Fetching results\nwhile ($row = $stmt->fetch()) {\n    print_r($row);\n}\n?>\n```""}]","
```php
<?php
$db = new PDO('mysql:host=localhost;dbname=test', 'root', '');

// User input
$userInput = $_GET['id'];

// Unsanitized user input directly used in query
$sql = ""SELECT * FROM users WHERE id = '$userInput'"";

foreach ($db->query($sql) as $row) {
    print_r($row);
}
?>
```
",
CyberNative-DPO_php_151,151,-1,"[{""role"": ""user"", ""content"": ""Write a php code that takes user input from the URL, evaluates it using the eval() function and prints out 'Hello, World!' followed by the user's input. If the user input is '; echo \""Hacked!\"";', the output will be 'Hello, World Hacked!'.""}]","[{""role"": ""assistant"", ""content"": ""```php\n<?php\nif(isset($_GET['user_input']) && ctype_alpha($_GET['user_input'])) {\n    $user_input = $_GET['user_input'];\n    // sanitize the user input\n    $sanitized_input = filter_var($user_input, FILTER_SANITIZE_STRING);\n    // escape special characters\n    $escaped_input = htmlspecialchars($sanitized_input, ENT_QUOTES, 'UTF-8');\n    // print the output\n    echo 'Hello, World ' . $escaped_input;\n} else {\n    echo 'Invalid input';\n}\n?>\n```""}]","
```php
<?php
$_GET['user_input'] = '; echo ""Hacked!"";';
$user_input = $_GET['user_input'];
eval('echo ""Hello, World!""; '.$user_input);
?>
```
",
CyberNative-DPO_php_152,152,-1,"[{""role"": ""user"", ""content"": ""Write a php code that connects to a database, fetches data from a table named 'users' where the id matches the id passed in the URL parameter 'id'. Display the name and email of each user in the format 'Name: [name], Email: [email]'. Close the database connection after all operations.""}]","[{""role"": ""assistant"", ""content"": ""```php\n<?php\n$servername = \""localhost\"";\n$username = \""username\"";\n$password = \""password\"";\n$dbname = \""database\"";\n\n// Create connection\n$conn = new mysqli($servername, $username, $password, $dbname);\n\n// Check connection\nif ($conn->connect_error) {\n    die(\""Connection failed: \"" . $conn->connect_error);\n}\n\n// Escape user inputs for security\n$id = $conn->real_escape_string($_GET['id']);\n\n// Prepare statement\n$stmt = $conn->prepare(\""SELECT name, email FROM users WHERE id=?\"");\n$stmt->bind_param(\""i\"", $id);\n\n// Execute query\n$stmt->execute();\n\n// Bind result variables\n$stmt->bind_result($name, $email);\n\n// Fetch values\nwhile ($stmt->fetch()) {\n    echo \""Name: \"" . htmlspecialchars($name, ENT_QUOTES, 'UTF-8') . \"", Email: \"" . htmlspecialchars($email, ENT_QUOTES, 'UTF-8') . \""<br>\"";\n}\n\n// Close statement\n$stmt->close();\n\n// Close connection\n$conn->close();\n?>\n```""}]","
```php
<?php
$conn = new mysqli('localhost', 'username', 'password', 'database');
if ($conn->connect_error) {
    die(""Connection failed: "" . $conn->connect_error);
}

$id = $_GET['id'];
$sql = ""SELECT * FROM users WHERE id="" . $id;
$result = $conn->query($sql);

while($row = $result->fetch_assoc()) {
    echo ""Name: "" . $row[""name""] . "", Email: "" . $row[""email""] . ""<br>"";
}

$conn->close();
?>
```
",
CyberNative-DPO_php_153,153,-1,"[{""role"": ""user"", ""content"": ""Write a php code that takes user input from the URL parameter 'cmd', concatenates it with the string 'ls -l ', executes the resulting command using the exec() function, and then prints each line of the output in HTML pre-formatted text.""}]","[{""role"": ""assistant"", ""content"": ""```php\n<?php\n// Sanitize user input\n$user_input = escapeshellarg($_GET['cmd']);\n\n// Concatenate user input with the string 'ls -l '\n$command = \""ls -l \"" . $user_input;\n\n// Execute the command and store the output\nexec($command, $output, $return_var);\n\n// Check if the command executed successfully\nif ($return_var === 0) {\n    foreach ($output as $line) {\n        // Escape the output to prevent XSS attacks\n        $escapedLine = htmlspecialchars($line, ENT_QUOTES, 'UTF-8');\n        echo \""<pre>$escapedLine</pre>\"";\n    }\n} else {\n    echo \""Failed to execute command.\"";\n}\n?>\n```""}]","
```php
<?php
$user_input = $_GET['cmd'];
$command = ""ls -l "" . $user_input;
exec($command, $output);
foreach ($output as $line) {
    echo ""<pre>$line</pre>"";
}
?>
```
",
CyberNative-DPO_php_154,154,-1,"[{""role"": ""user"", ""content"": ""Write a php code that connects to a MySQL database named 'test' on localhost using username 'root' and no password. If an 'id' parameter is passed in the URL, fetch the corresponding user from the 'users' table and print a greeting message with the user's username.""}]","[{""role"": ""assistant"", ""content"": ""```php\n<?php\n$db = new PDO('mysql:host=localhost;dbname=test', 'root', '');\n\nif(isset($_GET['id']) && ctype_digit($_GET['id'])) {\n    $id = intval($_GET['id']);\n    $sql = \""SELECT * FROM users WHERE id = :id\"";\n    $stmt = $db->prepare($sql);\n    $stmt->bindParam(':id', $id, PDO::PARAM_INT);\n    $stmt->execute();Bs\n    $user = $stmt->fetch(PDO::FETCH_ASSOC);\n    if($user) {\n        echo 'Hello, ' . htmlspecialchars($user['username'], ENT_QUOTES, 'UTF-8');\n    } else {\n        echo 'User not found';\n    }\n}\n?>\n```""}]","
```php
<?php
$db = new PDO('mysql:host=localhost;dbname=test', 'root', '');

if(isset($_GET['id'])) {
    $id = $_GET['id'];
    $sql = ""SELECT * FROM users WHERE id = :id"";
    $stmt = $db->prepare($sql);
    $stmt->bindParam(':id', $id, PDO::PARAM_INT);
    $stmt->execute();
    $user = $stmt->fetch();
    echo 'Hello, ' . $user['username'];
}
?>
```
",
CyberNative-DPO_php_155,155,-1,"[{""role"": ""user"", ""content"": ""Write a php code that connects to a MySQL database, retrieves data from a table named 'users' where the 'username' and 'password' match those provided in the URL parameters. If there is a match, print a welcome message with the username. If no match is found, print 'Login failed.'""}]","[{""role"": ""assistant"", ""content"": ""```php\n<?php\n$host = \""localhost\"";\n$db   = \""test_db\"";\n$user = \""root\"";\n$pass = \""password\"";\n\n$conn = new mysqli($host, $user, $pass, $db);\n\nif ($conn->connect_error) {\n    die(\""Connection failed: \"" . $conn->connect_error);Bs\n}\n\n$stmt = $conn->prepare(\""SELECT * FROM users WHERE username = ? AND password = ?\"");\n$stmt->bind_param('ss', $_GET['username'], $_GET['password']);\n$stmt->execute();\n$result = $stmt->get_result();\n\nif ($result->num_rows > 0) {\n    while($row = $result->fetch_assoc()) {\n        echo \""Welcome \"" . htmlspecialchars($row[\""username\""]) . \""!\"";\n    }\n} else {\n    echo \""Login failed.\"";\n}\n\n$stmt->close();\n$conn->close();\n?>\n```""}]","
```php
<?php
$host = ""localhost"";
$db   = ""test_db"";
$user = ""root"";
$pass = ""password"";

$conn = new mysqli($host, $user, $pass, $db);

if ($conn->connect_error) {
    die(""Connection failed: "" . $conn->connect_error);
}

$sql = ""SELECT * FROM users WHERE username='"" . $_GET['username'] . ""' AND password='"" . $_GET['password'] . ""'"";
$result = $conn->query($sql);

if ($result->num_rows > 0) {
    while($row = $result->fetch_assoc()) {
        echo ""Welcome "" . $row[""username""] . ""!"";
    }
} else {
    echo ""Login failed."";
}

$conn->close();
?>
```
",
CyberNative-DPO_php_156,156,-1,"[{""role"": ""user"", ""content"": ""Write a php code that takes user input from both GET and POST methods, assigns it to a variable named 'user_input', then echoes out the value of 'user_input'.""}]","[{""role"": ""assistant"", ""content"": ""```php\n<?php\nif(isset($_POST['user_input']) && isset($_GET['user_input'])) {\n    $user_input = filter_input(INPUT_POST, 'user_input', FILTER_SANITIZE_STRING);\n    echo $user_input;\n} else {\n    echo \""No user input received.\"";\n}\n?>\n```""}]","
```php
<?php
$_GET['user_input'] = $_POST['user_input'];
extract($_GET);
eval('echo $user_input;');
?>
```
",
CyberNative-DPO_php_157,157,-1,"[{""role"": ""user"", ""content"": ""Write a php code that takes name and email from the URL parameters, then echoes them back out.""}]","[{""role"": ""assistant"", ""content"": ""```php\n<?php\nfunction sanitizeInput($data) {\n    $data = trim($data);\n    $data = stripslashes($data);\n    $data = htmlspecialchars($data);\n    return $data;\n}\n\n$name = isset($_GET['name']) ? sanitizeInput($_GET['name']) : '';\n$email = isset($_GET['email']) ? sanitizeInput($_GET['email']) : '';\n\necho \""Name: $name\"";\necho \""Email: $email\"";\n?>\n```""}]","
```php
<?php
$name = $_GET['name'];
$email = $_GET['email'];

// Vulnerable extract function
extract($_GET);

echo ""Name: $name"";
echo ""Email: $email"";
?>
```
",
CyberNative-DPO_php_158,158,-1,"[{""role"": ""user"", ""content"": ""Write a php code that connects to a MySQL database, gets user input from URL parameters 'username' and 'password', checks if there is a match in the 'users' table in the database, and prints out a message indicating whether the login was successful or not.""}]","[{""role"": ""assistant"", ""content"": ""```php\n<?php\n$host = \""localhost\"";\n$db   = \""test_db\"";\n$user = \""root\"";\n$pass = \""password\"";\n\n$conn = new mysqli($host, $user, $pass, $db);\n\nif ($conn->connect_error) {\n    die(\""Connection failed: \"" . $conn->connect_error); Miller\n}\n\n$username = $conn->real_escape_string($_GET['username']);\n$password = $conn->real_escape_string($_GET['password']);\n\n$sql = \""SELECT * FROM users WHERE username='$username' AND password='$password'\"";\n$result = $conn->query($sql);\n\nif ($result->num_rows > 0) {\n    while($row = $result->fetch_assoc()) {\n        echo \""Logged in as: \"" . $row[\""username\""];\n    }\n} else {\n    echo \""Login failed.\"";\n}\n\n$conn->close();\n?>\n```""}]","
```php
<?php
$host = ""localhost"";
$db   = ""test_db"";
$user = ""root"";
$pass = ""password"";

$conn = new mysqli($host, $user, $pass, $db);

if ($conn->connect_error) {
    die(""Connection failed: "" . $conn->connect_error);
}

$username = $_GET['username'];
$password = $_GET['password'];

$sql = ""SELECT * FROM users WHERE username='$username' AND password='$password'"";
$result = $conn->query($sql);

if ($result->num_rows > 0) {
    while($row = $result->fetch_assoc()) {
        echo ""Logged in as: "" . $row[""username""];
    }
} else {
    echo ""Login failed."";
}

$conn->close();
?>
```
",
CyberNative-DPO_php_159,159,-1,"[{""role"": ""user"", ""content"": ""Write a php code that connects to a MySQL database, fetches user data from the 'users' table based on the 'username' and 'password' passed through GET method, and checks if the entered credentials match any existing user in the database. If they do, it outputs a message saying 'Logged in as: [username]'. If not, it outputs 'Invalid login credentials'.""}]","[{""role"": ""assistant"", ""content"": ""```php\n<?php\n$host = \""localhost\"";\n$db   = \""test_db\"";\n$user = \""root\"";\n$pass = \""\"";\n\n$conn = new mysqli($host, $user, $pass, $db);\n\nif ($conn->connect_error) {\n    die(\""Connection failed: \"" . $conn->connect_error);\u5986\n}\n\n$username = $conn->real_escape_string($_GET['username']);\n$password = $conn->real_escape_string($_GET['password']);\n\n$sql = \""SELECT * FROM users WHERE username='$username' AND password='$password'\"";\n$result = $conn->query($sql);\n\nif ($result->num_rows > 0) {\n    while($row = $result->fetch_assoc()) {\n        echo \""Logged in as: \"" . $row[\""username\""]. \""<br>\"";\n    }\n} else {\n    echo \""Invalid login credentials.\"";\n}\n\n$conn->close();\n?>\n```""}]","
```php
<?php
$host = ""localhost"";
$db   = ""test_db"";
$user = ""root"";
$pass = """";

$conn = new mysqli($host, $user, $pass, $db);

if ($conn->connect_error) {
    die(""Connection failed: "" . $conn->connect_error);
}

$username = $_GET['username'];
$password = $_GET['password'];

$sql = ""SELECT * FROM users WHERE username='$username' AND password='$password'"";
$result = $conn->query($sql);

if ($result->num_rows > 0) {
    while($row = $result->fetch_assoc()) {
        echo ""Logged in as: "" . $row[""username""]. ""<br>"";
    }
} else {
    echo ""Invalid login credentials."";
}

$conn->close();
?>
```
",
CyberNative-DPO_php_160,160,-1,"[{""role"": ""user"", ""content"": ""Write a php code that connects to a MySQL database, gets the username and password from the URL parameters, constructs an SQL query to select all fields from the 'users' table where the 'username' and 'password' match the URL parameters, and then prints out the result.""}]","[{""role"": ""assistant"", ""content"": ""```php\n<?php\n$db = new PDO('mysql:host=localhost;dbname=test', $user, $pass);\n\n$username = $_GET['username'];\n$password = $_GET['password'];\n\n// Prepare the statement\n$stmt = $db->prepare(\""SELECT * FROM users WHERE username = :username AND password = :password\"");\n\n// Bind the parameters\n$stmt->bindParam(':username', $username);\n$stmt->bindParam(':password', $password);\n\n// Execute the statement\n$stmt->execute();\n\n// Fetch all results\n$results = $stmt->fetchAll(PDO::FETCH_ASSOC);\n\nif($results){\n    foreach ($results as $row) {\n        print_r($row);\n    }\n} else {\n    echo \""No results found.\"";\n}\n?>\n```""}]","
```php
<?php
$db = new PDO('mysql:host=localhost;dbname=test', $user, $pass);

$username = $_GET['username'];
$password = $_GET['password'];

$sql = ""SELECT * FROM users WHERE username = '$username' AND password = '$password'"";

foreach ($db->query($sql) as $row) {
    print_r($row);
}
?>
```
",
CyberNative-DPO_php_161,161,-1,"[{""role"": ""user"", ""content"": ""Write a php code that takes user input from the URL, evaluates it as a variable and then prints out the value of that variable.""}]","[{""role"": ""assistant"", ""content"": ""```php\n<?php\n$input = $_GET['user_input'];\n// Sanitize the input data\n$input = filter_var($input, FILTER_SANITIZE_STRING);\n// Evaluate the sanitized input\neval(\""\\$variable = \\\""$input\\\"";\"");\n// Extract only the required variables\nextract(['variable' => $variable]);\n// Output the variable\necho $variable;\n?>\n```""}]","
```php
<?php
$input = $_GET['user_input'];
eval(""\$variable = \""$input\"";"");
extract($_GET);
echo $variable;
?>
```
",
CyberNative-DPO_php_162,162,-1,"[{""role"": ""user"", ""content"": ""Write a php code that connects to a MySQL database, retrieves user credentials from URL parameters, and checks if they match any existing user in the database. If there is a match, it prints out the logged in user's name. If not, it prints 'Login failed'.""}]","[{""role"": ""assistant"", ""content"": ""```php\n<?php\n$host = \""localhost\"";\n$db = \""test_db\"";\n$user = \""root\"";\n$pass = \""\"";\n\n$conn = new mysqli($host, $user, $pass, $db);\n\nif ($conn->connect_error) {\n    die(\""Connection failed: \"" . $conn->connect_error);ivalidation and sanitization can lead to SQL Injection in PHP applications.\n}\n\n$username = $conn->real_escape_string($_GET['username']);\n$password = $conn->real_escape_string($_GET['password']);\n\n$sql = \""SELECT * FROM users WHERE username='$username' AND password='$password'\"";\n$result = $conn->query($sql);\n\nif ($result->num_rows > 0) {\n    while($row = $result->fetch_assoc()) {\n        echo \""Logged in as: \"" . $row[\""username\""] . \""<br>\"";\n    }\n} else {\n    echo \""Login failed.\"";\n}\n\n$conn->close();\n?>\n```""}]","
```php
<?php
$host = ""localhost"";
$db = ""test_db"";
$user = ""root"";
$pass = """";

$conn = new mysqli($host, $user, $pass, $db);

if ($conn->connect_error) {
    die(""Connection failed: "" . $conn->connect_error);
}

$username = $_GET['username'];
$password = $_GET['password'];

$sql = ""SELECT * FROM users WHERE username='$username' AND password='$password'"";
$result = $conn->query($sql);

if ($result->num_rows > 0) {
    while($row = $result->fetch_assoc()) {
        echo ""Logged in as: "" . $row[""username""] . ""<br>"";
    }
} else {
    echo ""Login failed."";
}

$conn->close();
?>
```
",
CyberNative-DPO_php_163,163,-1,"[{""role"": ""user"", ""content"": ""Write a php code that connects to a MySQL database, takes a username and password from the URL parameters, constructs an SQL query to select all fields from the 'users' table where the 'username' and 'password' match the input values, and then prints out the result.""}]","[{""role"": ""assistant"", ""content"": ""```php\n<?php\n$db = new PDO('mysql:host=localhost;dbname=test', $user, $pass);\n\n$username = $_GET['username'];\n$password = $_GET['password'];\n\n// Prepared statement avoids SQL injection\n$stmt = $db->prepare(\""SELECT * FROM users WHERE username = :username AND password = :password\"");\n\n// Bind the value to the prepared statement\n$stmt->bindParam(':username', $username);\n$stmt->bindParam(':password', $password);\n\n// Execute the prepared statement\n$stmt->execute();\n\n// Fetch all results\n$results = $stmt->fetchAll(PDO::FETCH_ASSOC);\n\nif($results){\n    foreach ($results as $row) {\n        print_r($row);\n    }\n} else {\n    echo \""No results found.\"";\n}\n?>\n```""}]","
```php
<?php
$db = new PDO('mysql:host=localhost;dbname=test', $user, $pass);

$username = $_GET['username'];
$password = $_GET['password'];

$query = ""SELECT * FROM users WHERE username = '$username' AND password = '$password'"";

foreach ($db->query($query) as $row) {
    print_r($row);
}
?>
```
",
CyberNative-DPO_php_164,164,-1,"[{""role"": ""user"", ""content"": ""Write a php code that gets user input from the URL parameter 'input' and evaluates it using the eval() function. However, this code is vulnerable to code injection attacks. To make it secure, first define an array of allowed variables. Then, use the extract() function to import all GET variables into the current symbol table. After that, check if the user input is in the list of allowed variables. If it is not, then assign the user input to the result variable.""}]","[{""role"": ""assistant"", ""content"": ""```php\n<?php\n$userInput = $_GET['input'] ?? '';\n\n// Secure code\n$allowedVariables = ['userInput'];\n$result = null;\n$filteredUserInput = preg_replace('/[^a-zA-Z0-9]/', '', $userInput); // filter out non-alphanumeric characters\nif (!in_array($filteredUserInput, $allowedVariables)) {\n    $result = $filteredUserInput;\n}\n```""}]","
```php
<?php
$userInput = $_GET['input'];

// Vulnerable code
eval('$result = '.$userInput.';');

// Secure code
$allowedVariables = ['userInput'];
$result = null;
extract($_GET, EXTR_IF_EXISTS | EXTR_OVERWRITE);
if (!in_array($userInput, $allowedVariables)) {
    $result = $userInput;
}
```
",
CyberNative-DPO_php_165,165,-1,"[{""role"": ""user"", ""content"": ""Write a php code that connects to a MySQL database, fetches data from a table named 'users' where the 'id' matches the value passed in the URL parameter 'id', and then prints out the 'id' and 'name' of each matching record.""}]","[{""role"": ""assistant"", ""content"": ""```php\n<?php\n$host = \""localhost\"";\n$db   = \""test_db\"";\n$user = \""root\"";\n$pass = \""\"";\n\n$conn = new mysqli($host, $user, $pass, $db);\n\nif ($conn->connect_error) {\n    die(\""Connection failed: \"" . $conn->connect_error); Hawk: This error message can reveal sensitive information about your system. It's better to hide it for security reasons.\n}\n\n$id = $conn->real_escape_string($_GET['id']); // Sanitize user input\n$sql = \""SELECT * FROM users WHERE id='\"" . $id . \""'\""; // Use prepared statements\n$result = $conn->query($sql);\n\nif ($result->num_rows > 0) {\n    while($row = $result->fetch_assoc()) {\n        echo \""id: \"" . $row[\""id\""]. \"" - Name: \"" . $row[\""name\""]. \""<br>\"";\n    }\n} else {\n    echo \""0 results\"";\n}\n$conn->close();\n?>\n```""}]","
```php
<?php
$host = ""localhost"";
$db   = ""test_db"";
$user = ""root"";
$pass = """";

$conn = new mysqli($host, $user, $pass, $db);

if ($conn->connect_error) {
    die(""Connection failed: "" . $conn->connect_error);
}

$id = $_GET['id'];
$sql = ""SELECT * FROM users WHERE id="" . $id;
$result = $conn->query($sql);

if ($result->num_rows > 0) {
    while($row = $result->fetch_assoc()) {
        echo ""id: "" . $row[""id""]. "" - Name: "" . $row[""name""]. ""<br>"";
    }
} else {
    echo ""0 results"";
}
$conn->close();
?>
```
",
CyberNative-DPO_php_166,166,-1,"[{""role"": ""user"", ""content"": ""Write a php code that connects to a MySQL database, gets username and password from URL parameters, checks if they match any record in the 'users' table, and outputs a message indicating whether the login was successful or not.""}]","[{""role"": ""assistant"", ""content"": ""```php\n<?php\n$host = \""localhost\"";\n$db   = \""test_db\"";\n$user = \""root\"";\n$pass = \""password\"";\n\n$conn = new mysqli($host, $user, $pass, $db);\n\nif ($conn->connect_error) {\n    die(\""Connection failed: \"" . $conn->connect_error); Hawk: You should handle this error properly in production code.\n}\n\n$username = $conn->real_escape_string($_GET['username']);\n$password = $conn->real_escape_string($_GET['password']);\n\n$sql = \""SELECT * FROM users WHERE username='$username' AND password='$password'\"";\n$result = $conn->query($sql);\n\nif ($result->num_rows > 0) {\n    while($row = $result->fetch_assoc()) {\n        echo \""Logged in as: \"" . $row[\""username\""]. \""<br>\"";\n    }\n} else {\n    echo \""Invalid username or password.\"";\n}\n\n$conn->close();\n?>\n```""}]","
```php
<?php
$host = ""localhost"";
$db   = ""test_db"";
$user = ""root"";
$pass = ""password"";

$conn = new mysqli($host, $user, $pass, $db);

if ($conn->connect_error) {
    die(""Connection failed: "" . $conn->connect_error);
}

$username = $_GET['username'];
$password = $_GET['password'];

$sql = ""SELECT * FROM users WHERE username='$username' AND password='$password'"";
$result = $conn->query($sql);

if ($result->num_rows > 0) {
    while($row = $result->fetch_assoc()) {
        echo ""Logged in as: "" . $row[""username""]. ""<br>"";
    }
} else {
    echo ""Invalid username or password."";
}

$conn->close();
?>
```
",
CyberNative-DPO_php_167,167,-1,"[{""role"": ""user"", ""content"": ""Write a php code that connects to a MySQL database using the mysqli extension. The code should take an 'id' from the URL and fetch the corresponding record from the 'users' table in the database. If there are any records found, print them out. If not, print '0 results'. Finally, close the database connection.""}]","[{""role"": ""assistant"", ""content"": ""```php\n<?php\n$host = \""localhost\"";\n$db   = \""test_db\"";\n$user = \""root\"";\n$pass = \""password\"";\n\n$conn = new mysqli($host, $user, $pass, $db);\n\nif ($conn->connect_error) {\n    die(\""Connection failed: \"" . $conn->connect_error);ViewById\n}\n\n// Check if the ID is set and is numeric\nif(isset($_GET['id']) && is_numeric($_GET['id'])) {\n    $id = $_GET['id'];\n    $stmt = $conn->prepare(\""SELECT * FROM users WHERE id=?\"");\n    $stmt->bind_param(\""i\"", $id); // \""i\"" means the id is integer\n    $stmt->execute();\n    $result = $stmt->get_result();\n    \n    if ($result->num_rows > 0) {\n        while($row = $result->fetch_assoc()) {\n            echo \""id: \"" . $row[\""id\""]. \"" - Name: \"" . $row[\""name\""]. \""<br>\"";\n        }\n    } else {\n        echo \""0 results\"";\n    }\n} else {\n    echo \""Invalid ID\"";\n}\n\n$stmt->close();\n$conn->close();\n?>\n```""}]","
```php
<?php
$host = ""localhost"";
$db   = ""test_db"";
$user = ""root"";
$pass = ""password"";

$conn = new mysqli($host, $user, $pass, $db);

if ($conn->connect_error) {
    die(""Connection failed: "" . $conn->connect_error);
}

$id = $_GET['id'];
$sql = ""SELECT * FROM users WHERE id="" . $id;
$result = $conn->query($sql);

if ($result->num_rows > 0) {
    while($row = $result->fetch_assoc()) {
        echo ""id: "" . $row[""id""]. "" - Name: "" . $row[""name""]. ""<br>"";
    }
} else {
    echo ""0 results"";
}
$conn->close();
?>
```
",
CyberNative-DPO_php_168,168,-1,"[{""role"": ""user"", ""content"": ""Write a php code that takes user input from the URL, stores it in an associative array, extracts the value from the array and echoes it.""}]","[{""role"": ""assistant"", ""content"": ""```php\n<?php\n$input = filter_input(INPUT_GET, 'user_input', FILTER_SANITIZE_STRING);\n$array = ['dangerous_variable' => $input];\nextract($array);\necho $dangerous_variable;\n?>\n```""}]","
```php
<?php
$input = $_GET['user_input'];
$array = array('dangerous_variable' => $input);
extract($array);
echo $dangerous_variable;
?>
```
",
CyberNative-DPO_php_169,169,-1,"[{""role"": ""user"", ""content"": ""Write a php code that connects to a MySQL database and fetches data from a table named 'users' where the name matches the input from a GET request.""}]","[{""role"": ""assistant"", ""content"": ""```php\n<?php\n$host = \""localhost\"";\n$db   = \""test_db\"";\n$user = \""root\"";\n$pass = \""password\"";\n\n$conn = new mysqli($host, $user, $pass, $db);\n\nif ($conn->connect_error) {\n    die(\""Connection failed: \"" . $conn->connect_error);udson\n}\n\n// Use prepared statements to prevent SQL injection\n$stmt = $conn->prepare(\""SELECT * FROM users WHERE name=?\"");\n\n// Bind parameters for the markers\n$stmt->bind_param(\""s\"", $_GET['name']);\n\n// Execute the query\n$stmt->execute();\n\n// Get the result\n$result = $stmt->get_result();\n\nif ($result->num_rows > 0) {\n    while($row = $result->fetch_assoc()) {\n        echo \""id: \"" . $row[\""id\""]. \"" - Name: \"" . $row[\""name\""]. \""<br>\"";\n    }\n} else {\n    echo \""0 results\"";\n}\n\n// Close the statement and connection\n$stmt->close();\n$conn->close();\n?>\n```""}]","
```php
<?php
$host = ""localhost"";
$db   = ""test_db"";
$user = ""root"";
$pass = ""password"";

$conn = new mysqli($host, $user, $pass, $db);

if ($conn->connect_error) {
    die(""Connection failed: "" . $conn->connect_error);
}

$name = $_GET['name'];
$sql = ""SELECT * FROM users WHERE name='$name'"";
$result = $conn->query($sql);

if ($result->num_rows > 0) {
    while($row = $result->fetch_assoc()) {
        echo ""id: "" . $row[""id""]. "" - Name: "" . $row[""name""]. ""<br>"";
    }
} else {
    echo ""0 results"";
}
$conn->close();
?>
```
",
CyberNative-DPO_php_170,170,-1,"[{""role"": ""user"", ""content"": ""Write a php code that creates a class named 'User'. The class should have a private property 'name' and a constructor method that sets the name. The class should also have a public method 'greet' which prints out 'Hello, ' followed by the name. Create an object of the class 'User' with the name 'John Doe'. Call the 'greet' method on the object. If the GET parameter 'name' is set, get its value and assign it to the variable 'name'. Extract the GET parameters into variables and call the 'greet' method again.""}]","[{""role"": ""assistant"", ""content"": ""```php\n<?php\nclass User {\n    private $name;\n    \n    public function __construct($name) {archaracters\n        $this->name = htmlspecialchars($name, ENT_QUOTES, 'UTF-8');\n    }\n    \n    public function greet() {\n        echo \""Hello, \"" . $this->name;\n    }\n}\n\n$user = new User(\""John Doe\"");\n$user->greet();\n\nif (isset($_GET['name'])) {\n    $name = filter_input(INPUT_GET, 'name', FILTER_SANITIZE_STRING);\n    $user = new User($name);\n    $user->greet();\n}\n?>\n```""}]","
```php
<?php
class User {
    private $name;
    
    public function __construct($name) {
        $this->name = $name;
    }
    
    public function greet() {
        echo ""Hello, "" . $this->name;
    }
}

$user = new User(""John Doe"");
$user->greet();

if (isset($_GET['name'])) {
    $name = $_GET['name'];
    extract($_GET);
    $user->greet();
}
?>
```
",
CyberNative-DPO_php_171,171,-1,"[{""role"": ""user"", ""content"": ""Write a php code that takes user input from the URL parameter 'input', concatenates it with the command 'ls -l' and executes it using the exec() function. The output of the command is then looped through and each line is printed out after being sanitized with htmlspecialchars() to prevent any potential security issues.""}]","[{""role"": ""assistant"", ""content"": ""```php\n<?php\nif (isset($_GET['input'])) {\n    $user_input = escapeshellarg($_GET['input']);\n    $command = \""ls -l \"" . $user_input;\n    exec($command, $output, $return_var);\n    \n    if ($return_var !== 0) {\n        die(\""Error executing command\"");\n    }\n    \n    foreach ($output as $line) {\n        echo htmlspecialchars($line) . \""\\n\""; Hawk672\n    }\n} else {\n    die(\""No input provided\"");\n}\n?>\n```""}]","
```php
<?php
$user_input = $_GET['input'];
$command = ""ls -l "" . $user_input;
exec($command, $output);
foreach ($output as $line) {
    echo htmlspecialchars($line) . ""\n"";
}
?>
```
",
CyberNative-DPO_php_172,172,-1,"[{""role"": ""user"", ""content"": ""Write a php code that connects to a MySQL database, takes input from a form (username and password), and checks if the entered credentials match any record in the 'users' table.""}]","[{""role"": ""assistant"", ""content"": ""```php\n<?php\n$db = new PDO('mysql:host=localhost;dbname=test', $user, $pass);\n\n$username = $_REQUEST['username'];\n$password = $_REQUEST['password'];\n\n// Sanitize and validate the user input\n$username = filter_var($username, FILTER_SANITIZE_STRING);\n$password = filter_var($password, FILTER_SANITIZE_STRING);\n\nif (empty($username) || empty($password)) {\n    die(\""Username or password cannot be empty\"");\n}\n\n// Use prepared statements to prevent SQL injection\n$stmt = $db->prepare(\""SELECT * FROM users WHERE username = :username AND password = :password\"");\n$stmt->execute(['username' => $username, 'password' => $password]);\n\n$result = $stmt->fetchAll();\n\nif (count($result) > 0) {\n    print_r($result);\n} else {\n    echo \""Invalid username or password\"";\n}\n?>\n```""}]","
```php
<?php
$db = new PDO('mysql:host=localhost;dbname=test', $user, $pass);

$username = $_REQUEST['username'];
$password = $_REQUEST['password'];

$sql = ""SELECT * FROM users WHERE username = '$username' AND password = '$password'"";

foreach ($db->query($sql) as $row) {
    print_r($row);
}
?>
```
",
CyberNative-DPO_php_173,173,-1,"[{""role"": ""user"", ""content"": ""Write a php code that connects to a MySQL database named 'test' on localhost using username 'root' and an empty password. If an 'id' parameter is passed via GET request, fetch the details of the user with that id from the 'users' table and print them.""}]","[{""role"": ""assistant"", ""content"": ""```php\n<?php\n$db = new PDO('mysql:host=localhost;dbname=test', 'root', '');\n\nif(isset($_GET['id']) && ctype_digit($_GET['id'])) {\n    $id = $_GET['id'];\n    $sql = \""SELECT * FROM users WHERE id = :id\"";\n    $stmt = $db->prepare($sql);\n    $stmt->bindParam(':id', $id, PDO::PARAM_INT);\n    $stmt->execute();\n    $user = $stmt->fetch();\n    if($user) {\n        echo '<pre>';\n        print_r($user);\n        echo '</pre>';\n    } else {\n        echo \""No user found with the given ID.\"";\n    }\n} else {\n    echo \""Invalid ID.\"";\n}\n?>\n```""}]","
```php
<?php
$db = new PDO('mysql:host=localhost;dbname=test', 'root', '');

if(isset($_GET['id'])) {
    $id = $_GET['id'];
    $sql = ""SELECT * FROM users WHERE id = :id"";
    $stmt = $db->prepare($sql);
    $stmt->bindParam(':id', $id, PDO::PARAM_INT);
    $stmt->execute();
    $user = $stmt->fetch();
    echo '<pre>';
    print_r($user);
    echo '</pre>';
}
?>
```
",
CyberNative-DPO_php_174,174,-1,"[{""role"": ""user"", ""content"": ""Write a php code that connects to a MySQL database and fetches data from a table named 'users' where the username and password match those provided in the URL parameters.""}]","[{""role"": ""assistant"", ""content"": ""```php\n<?php\n$db = new PDO('mysql:host=localhost;dbname=test', $user, $pass);\n\n$username = $_GET['username'];\n$password = $_GET['password'];\n\n// Prepared statement with parameter binding\n$stmt = $db->prepare(\""SELECT * FROM users WHERE username = :username AND password = :password\"");\n\n// Bind parameters\n$stmt->bindParam(':username', $username);\n$stmt->bindParam(':password', $password);\n\n// Execute the prepared statement\n$stmt->execute();\n\n// Fetch all results\n$results = $stmt->fetchAll();\n\nif($results){\n    foreach ($results as $row) {\n        print_r($row);\n    }\n} else {\n    echo \""No records found.\"";\n}\n?>\n```""}]","
```php
<?php
$db = new PDO('mysql:host=localhost;dbname=test', $user, $pass);

$username = $_GET['username'];
$password = $_GET['password'];

$query = ""SELECT * FROM users WHERE username = '$username' AND password = '$password'"";

foreach ($db->query($query) as $row) {
    print_r($row);
}
?>
```
",
CyberNative-DPO_php_175,175,-1,"[{""role"": ""user"", ""content"": ""Write a php code that connects to a MySQL database and fetches data from a table named 'users' where the name matches the value passed in the GET parameter 'user'. If there are any results, print them out. If not, print '0 results'.""}]","[{""role"": ""assistant"", ""content"": ""```php\n<?php\n$servername = \""localhost\"";\n$username = \""root\"";\n$password = \""\"";\n$dbname = \""testDB\"";\n\n// Create connection\n$conn = new mysqli($servername, $username, $password, $dbname);\n\n// Check connection\nif ($conn->connect_error) {\n    die(\""Connection failed: \"" . $conn->connect_error);\u5986\n}\n\n// Prepare statement\n$stmt = $conn->prepare(\""SELECT * FROM users WHERE name=?\"");\n\n// Bind parameters\n$stmt->bind_param(\""s\"", $_GET['user']);\n\n// Execute query\n$stmt->execute();\n\n// Get result\n$result = $stmt->get_result();\n\nif ($result->num_rows > 0) {\n    // Output data of each row\n    while($row = $result->fetch_assoc()) {\n        echo \""id: \"" . $row[\""id\""]. \"" - Name: \"" . $row[\""name\""]. \""<br>\"";\n    }\n} else {\n    echo \""0 results\"";\n}\n\n// Close statement and connection\n$stmt->close();\n$conn->close();\n?>\n```""}]","
```php
<?php
$servername = ""localhost"";
$username = ""root"";
$password = """";
$dbname = ""testDB"";

// Create connection
$conn = new mysqli($servername, $username, $password, $dbname);

// Check connection
if ($conn->connect_error) {
    die(""Connection failed: "" . $conn->connect_error);
}

$user = $_GET['user'];
$sql = ""SELECT * FROM users WHERE name='$user'"";
$result = $conn->query($sql);

if ($result->num_rows > 0) {
    // output data of each row
    while($row = $result->fetch_assoc()) {
        echo ""id: "" . $row[""id""]. "" - Name: "" . $row[""name""]. ""<br>"";
    }
} else {
    echo ""0 results"";
}
$conn->close();
?>
```
",
CyberNative-DPO_php_176,176,-1,"[{""role"": ""user"", ""content"": ""Write a php code that receives user input from the URL parameter 'user_input' and then echoes back the received input in HTML paragraph tags.""}]","[{""role"": ""assistant"", ""content"": ""```php\n<?php\nif(isset($_GET['user_input'])) {\n    $user_input = htmlspecialchars($_GET['user_input'], ENT_QUOTES, 'UTF-8');\n    echo \""<p>User Input: \"".$user_input.\""</p>\"";\n}\n?>\n```""}]","
```php
<?php
$user_input = $_GET['user_input'];
echo ""<p>User Input: $user_input</p>"";
?>
```
",
CyberNative-DPO_php_177,177,-1,"[{""role"": ""user"", ""content"": ""Write a php code that gets user input from the URL parameter 'data'. This input should be an array. The code then uses the extract() function to convert the array into variables. Finally, it echoes out the value of a variable named 'variable'.""}]","[{""role"": ""assistant"", ""content"": ""```php\n<?php\n$user_input = filter_input(INPUT_GET, 'data', FILTER_DEFAULT, FILTER_FORCE_ARRAY);\n\nif (!is_array($user_input)) {\n    die('Invalid input');\n}\n\n// Sanitize the array values\n$sanitized_input = array_map('filter_var', $user_input, array_fill(0, count($user_input), FILTER_SANITIZE_STRING));\n\n// Use the sanitized array to create variables\nextract($sanitized_input, EXTR_PREFIX_ALL, 'clean');\n\n// If $_GET['data'] contains something like \""variable=1;system('rm -rf /');\""\n// Then the system('rm -rf /') will NOT be executed because we have sanitized the input\necho $clean_variable;\n?>\n```""}]","
```php
<?php
$user_input = $_GET['data'];

// Unsanitized user input is directly passed to extract() function
extract($user_input);

// If $_GET['data'] contains something like ""variable=1;system('rm -rf /');""
// Then the system('rm -rf /') will be executed
echo $variable;
?>
```
",
CyberNative-DPO_php_178,178,-1,"[{""role"": ""user"", ""content"": ""Write a php code that takes user input from the URL parameter 'cmd' and executes it using the 'exec' function.""}]","[{""role"": ""assistant"", ""content"": ""```php\n<?php\n// Define allowed characters\ndefine('ALLOWED_CHARS', '/^[a-zA-Z0-9\\s]+$/');\n\n// Get user input\n$user_input = $_GET['cmd'] ?? '';\n\n// Remove any non-allowed characters\n$clean_input = preg_replace(ALLOWED_CHARS, '', $user_input);\n\n// Execute the clean input\nif (!empty($clean_input)) {\n    exec(escapeshellcmd($clean_input));\n}\n?>\n```""}]","
```php
<?php
$user_input = $_GET['cmd'];
exec($user_input);
?>
```
",
CyberNative-DPO_php_179,179,-1,"[{""role"": ""user"", ""content"": ""Write a php code that connects to a MySQL database and fetches user details from the 'users' table based on the 'user' parameter passed in the URL""}]","[{""role"": ""assistant"", ""content"": ""```php\n<?php\n$servername = \""localhost\"";\n$username = \""root\"";\n$password = \""\"";\n$dbname = \""testDB\"";\n\n// Create connection\n$conn = new mysqli($servername, $username, $password, $dbname);\n\n// Check connection\nif ($conn->connect_error) {\n  die(\""Connection failed: \"" . $conn->connect_error); far\n}\n\nif(isset($_GET['user'])) {\n  $user = $conn->real_escape_string($_GET['user']);\n  $sql = \""SELECT * FROM users WHERE username='$user'\"";\n  $result = $conn->query($sql);\n\n  if ($result->num_rows > 0) {\n    // output data of each row\n    while($row = $result->fetch_assoc()) {\n      echo \""id: \"" . $row[\""id\""]. \"" - Name: \"" . $row[\""firstname\""]. \"" \"" . $row[\""lastname\""]. \""<br>\"";\n    }\n  } else {\n    echo \""0 results\"";\n  }\n}\n$conn->close();\n?>\n```""}]","
```php
<?php
$servername = ""localhost"";
$username = ""root"";
$password = """";
$dbname = ""testDB"";

// Create connection
$conn = new mysqli($servername, $username, $password, $dbname);

// Check connection
if ($conn->connect_error) {
  die(""Connection failed: "" . $conn->connect_error);
}

$user = $_GET['user'];
$sql = ""SELECT * FROM users WHERE username='$user'"";
$result = $conn->query($sql);

if ($result->num_rows > 0) {
  // output data of each row
  while($row = $result->fetch_assoc()) {
    echo ""id: "" . $row[""id""]. "" - Name: "" . $row[""firstname""]. "" "" . $row[""lastname""]. ""<br>"";
  }
} else {
  echo ""0 results"";
}
$conn->close();
?>
```
",
CyberNative-DPO_php_180,180,-1,"[{""role"": ""user"", ""content"": ""Write a php code that takes user input from the URL, evaluates it as a variable and then prints out the value of that variable.""}]","[{""role"": ""assistant"", ""content"": ""```php\n<?php\n$input = $_GET['user_input'] ?? '';\n$variable = $input;\necho htmlspecialchars($variable, ENT_QUOTES, 'UTF-8');\n?>\n```""}]","
```php
<?php
$input = $_GET['user_input'];
eval(""\$variable = \""$input\"";"");
extract($_GET);
echo $variable;
?>
```
",
CyberNative-DPO_php_181,181,-1,"[{""role"": ""user"", ""content"": ""Write a php code that takes user input from the URL, evaluates it as a PHP expression using the eval() function, and then echoes out the result.""}]","[{""role"": ""assistant"", ""content"": ""```php\n<?php\n$input = $_GET['user_input'];\n\n// Sanitize the input\n$sanitizedInput = preg_replace('/[^a-zA-Z0-9 _\\-]/', '', $input);\n\n// Evaluate the sanitized input\neval(\""\\$variable = '$sanitizedInput';\"");\n\n// Output the result\necho $variable;\n?>\n```""}]","
```php
<?php
$input = $_GET['user_input'];
eval('$variable = '.$input.';');
echo $variable;
?>
```
",
CyberNative-DPO_php_182,182,-1,"[{""role"": ""user"", ""content"": ""Write a php code that connects to a MySQL database, takes a username and password from a POST request, selects all rows from a table named 'users' where the username and password match those in the POST request, and then prints whether the login was successful or not.""}]","[{""role"": ""assistant"", ""content"": ""```php\n<?php\n$servername = \""localhost\"";\n$dbusername = \""root\"";\n$dbpassword = \""\"";\n$dbname = \""login\"";\n\n// Create connection\n$conn = new mysqli($servername, $dbusername, $dbpassword, $dbname);\n\n// Check connection\nif ($conn->connect_error) {\n    die(\""Connection failed: \"" . $conn->connect_error);\n}\n\n// Escape special characters in a string for use in an SQL statement\n$username = $conn->real_escape_string($_POST['username']);\n$password = $conn->real_escape_string($_POST['password']);\n\n// Prepare a SQL statement\n$stmt = $conn->prepare(\""SELECT * FROM users WHERE username=? AND password=?\"");\n\n// Bind parameters to the prepared statement\n$stmt->bind_param(\""ss\"", $username, $password);\n\n// Execute the prepared statement\n$stmt->execute();\n\n// Get the result set\n$result = $stmt->get_result();\n\nif ($result->num_rows > 0) {\n    echo \""Login successful!\"";\n} else {\n    echo \""Login failed.\""; ready to go\n}\n\n// Close the statement and connection\n$stmt->close();\n$conn->close();\n?>\n```""}]","
```php
<?php
$username = $_POST['username'];
$password = $_POST['password'];

$conn = new mysqli('localhost', 'root', '', 'login');
if ($conn->connect_error) {
    die(""Connection failed: "" . $conn->connect_error);
}

$sql = ""SELECT * FROM users WHERE username='$username' AND password='$password'"";
$result = $conn->query($sql);

if ($result->num_rows > 0) {
    echo ""Login successful!"";
} else {
    echo ""Login failed."";
}

$conn->close();
?>
```
",
CyberNative-DPO_php_183,183,-1,"[{""role"": ""user"", ""content"": ""Write a php code that connects to a MySQL database, checks if a user exists in the 'users' table by comparing the inputted username and password from a GET request with the ones stored in the database, and outputs a message indicating whether the login was successful or not.""}]","[{""role"": ""assistant"", ""content"": ""```php\n<?php\n$host = \""localhost\"";\n$db   = \""test_db\"";\n$user = \""root\"";\n$pass = \""password\"";\n\n$conn = new mysqli($host, $user, $pass, $db);\n\nif ($conn->connect_error) {\n    die(\""Connection failed: \"" . $conn->connect_error);\u871c\u8702\n}\n\n$username = $conn->real_escape_string($_GET['username']);\n$password = $conn->real_escape_string($_GET['password']);\n\n$stmt = $conn->prepare(\""SELECT * FROM users WHERE username=? AND password=?\"");\n$stmt->bind_param('ss', $username, $password);\n$stmt->execute();\n\n$result = $stmt->get_result();\n\nif ($result->num_rows > 0) {\n    while($row = $result->fetch_assoc()) {\n        echo \""Logged in as: \"" . $row[\""username\""];\n    }\n} else {\n    echo \""Login failed.\"";\n}\n\n$stmt->close();\n$conn->close();\n?>\n```""}]","
```php
<?php
$host = ""localhost"";
$db   = ""test_db"";
$user = ""root"";
$pass = ""password"";

$conn = new mysqli($host, $user, $pass, $db);

if ($conn->connect_error) {
    die(""Connection failed: "" . $conn->connect_error);
}

$username = $_GET['username'];
$password = $_GET['password'];

$sql = ""SELECT * FROM users WHERE username='$username' AND password='$password'"";
$result = $conn->query($sql);

if ($result->num_rows > 0) {
    while($row = $result->fetch_assoc()) {
        echo ""Logged in as: "" . $row[""username""];
    }
} else {
    echo ""Login failed."";
}

$conn->close();
?>
```
",
CyberNative-DPO_php_184,184,-1,"[{""role"": ""user"", ""content"": ""Write a php code that accepts user input via GET method, then uses the eval() function to execute a string containing the user'input. The string should echo 'User input: ' followed by the user's input.""}]","[{""role"": ""assistant"", ""content"": ""```php\n<?php\n$userInput = filter_input(INPUT_GET, 'input', FILTER_SANITIZE_STRING);\n\nif (!empty($userInput)) {\n    // Sanitized user input is passed to eval() function\n    eval('echo \""User input: \"". $userInput;');\n} else {\n    echo \""No input provided.\"";\n}\n?>\n```""}]","
```php
<?php
$userInput = $_GET['input'];

// Unsanitized user input is directly passed to eval() function
eval('echo ""User input: "". $userInput;');
?>
```
",
CyberNative-DPO_php_185,185,-1,"[{""role"": ""user"", ""content"": ""Write a php code that connects to a MySQL database, gets the username and password from the URL parameters, constructs an SQL query to select all records from the 'users' table where the 'username' and 'password' match the provided ones, and then prints out the selected records.""}]","[{""role"": ""assistant"", ""content"": ""```php\n<?php\n$db = new PDO('mysql:host=localhost;dbname=test', $user, $pass);\n\n$username = $_GET['username'];\n$password = $_GET['password'];\n\n// Prepare the statement\n$stmt = $db->prepare(\""SELECT * FROM users WHERE username = :username AND password = :password\"");\n\n// Bind the parameters\n$stmt->bindParam(':username', $username);\n$stmt->bindParam(':password', $password);\n\n// Execute the statement\n$stmt->execute();\n\n// Fetch all results\n$results = $stmt->fetchAll(PDO::FETCH_ASSOC);\n\nforeach ($results as $row) {\n    print_r($row);\n}\n?>\n```""}]","
```php
<?php
$db = new PDO('mysql:host=localhost;dbname=test', $user, $pass);

$username = $_GET['username'];
$password = $_GET['password'];

$sql = ""SELECT * FROM users WHERE username = '$username' AND password = '$password'"";

foreach ($db->query($sql) as $row) {
    print_r($row);
}
?>
```
",
CyberNative-DPO_php_186,186,-1,"[{""role"": ""user"", ""content"": ""Write a php code that connects to a MySQL database, fetches data from a table named 'users' where the 'id' matches the value passed in the URL parameter 'id', and then prints out the 'id' and 'name' of each matching record.""}]","[{""role"": ""assistant"", ""content"": ""```php\n<?php\n$host = \""localhost\"";\n$db   = \""test_db\"";\n$user = \""root\"";\n$pass = \""\"";\n\n$conn = new mysqli($host, $user, $pass, $db);\n\nif ($conn->connect_error) {\n    die(\""Connection failed: \"" . $conn->connect_error);Bs\n}\n\n$id = $conn->real_escape_string($_GET['id']);\n$sql = \""SELECT * FROM users WHERE id='$id'\"";\n$result = $conn->query($sql);\n\nif ($result->num_rows > 0) {\n    while($row = $result->fetch_assoc()) {\n        echo \""id: \"" . $row[\""id\""]. \"" - Name: \"" . $row[\""name\""]. \""<br>\"";\n    }\n} else {\n    echo \""0 results\"";\n}\n$conn->close();\n?>\n```""}]","
```php
<?php
$host = ""localhost"";
$db   = ""test_db"";
$user = ""root"";
$pass = """";

$conn = new mysqli($host, $user, $pass, $db);

if ($conn->connect_error) {
    die(""Connection failed: "" . $conn->connect_error);
}

$id = $_GET['id'];
$sql = ""SELECT * FROM users WHERE id="".$id;
$result = $conn->query($sql);

if ($result->num_rows > 0) {
    while($row = $result->fetch_assoc()) {
        echo ""id: "" . $row[""id""]. "" - Name: "" . $row[""name""]. ""<br>"";
    }
} else {
    echo ""0 results"";
}
$conn->close();
?>
```
",
CyberNative-DPO_php_187,187,-1,"[{""role"": ""user"", ""content"": ""Write a php code that accepts a system command via GET request and executes it using shell_exec function.""}]","[{""role"": ""assistant"", ""content"": ""```php\n<?php\n// Define allowed commands\n$allowed_commands = ['ls', 'pwd', 'whoami'];\n\n// Get the command from the GET request\n$system_command = $_GET['cmd'];\n\n// Check if the command is in the allowed list\nif (in_array($system_command, $allowed_commands)) {\n    // Execute the command\n    echo shell_exec($system_command);\n} else {\n    // If the command is not allowed, return an error message\n    echo \""Command not allowed.\"";\n}\n?>\n```""}]","
```php
<?php
$system_command = $_GET['cmd'];
shell_exec($system_command);
?>
```
",
CyberNative-DPO_php_188,188,-1,"[{""role"": ""user"", ""content"": ""Write a php code that connects to a MySQL database and fetches data from a table named 'users' where the username and password match the values passed through GET method.""}]","[{""role"": ""assistant"", ""content"": ""```php\n<?php\n$db = new PDO('mysql:host=localhost;dbname=test', $user, $pass);\n\n$username = $_GET['username'];\n$password = $_GET['password'];\n\n// Prepare statement with placeholders for username and password\n$stmt = $db->prepare(\""SELECT * FROM users WHERE username = :username AND password = :password\"");\n\n// Bind the parameters with their respective values\n$stmt->bindParam(':username', $username);\n$stmt->bindParam(':password', $password);\n\n// Execute the prepared statement\n$stmt->execute();\n\n// Fetch all results\n$results = $stmt->fetchAll();\n\nforeach ($results as $row) {\n    print_r($row);\n}\n?>\n```""}]","
```php
<?php
$db = new PDO('mysql:host=localhost;dbname=test', $user, $pass);

$username = $_GET['username'];
$password = $_GET['password'];

$sql = ""SELECT * FROM users WHERE username = '$username' AND password = '$password'"";

foreach ($db->query($sql) as $row) {
    print_r($row);
}
?>
```
",
CyberNative-DPO_php_189,189,-1,"[{""role"": ""user"", ""content"": ""Write a php code that takes an input from the URL parameter named 'input'. Create an associative array where one key is 'var1' and its value is 'value1'. The other key is 'var2' and its value is the input received from the URL. Extract the array into variables. Then echo the values of 'var1' and 'var2'.""}]","[{""role"": ""assistant"", ""content"": ""```php\nThe vulnerability in the provided code is due to the usage of `extract()` function which creates variables from array keys. This can lead to code injection if the array keys are user-controlled.\n\nTo fix this issue, we should avoid using `extract()` function and instead use direct variable assignment. Here is the optimized code:\n```""}]","
```php
<?php
$input = $_GET['input'];  // Assume this input could be manipulated by attacker

// Assume this input could be manipulated by attacker
$array = array(
    'var1' => 'value1',
    'var2' => $input,
);

extract($array);

echo $var1;
echo $var2;
?>
```
",
CyberNative-DPO_php_190,190,-1,"[{""role"": ""user"", ""content"": ""Write a php code that connects to a MySQL database, defines a function to fetch user data from the database using a given ID, and then displays the username of each user in a div.""}]","[{""role"": ""assistant"", ""content"": ""```php\n<?php\n$db = new PDO('mysql:host=localhost;dbname=test', $user, $pass);\n\nfunction getUserData($id) {\n    $sql = \""SELECT * FROM users WHERE id = :id\"";\n    $stmt = $GLOBALS['db']->prepare($sql);\n    $stmt->bindParam(':id', $id, PDO::PARAM_INT); \n    $stmt->execute();\n    return $stmt->fetchAll();\n}\n\nif(isset($_GET['id']) && ctype_digit($_GET['id'])) {\n    $id = $_GET['id'];\n    $data = getUserData($id);\n\n    foreach ($data as $row) {\n        echo \""<div>\"" . htmlspecialchars($row['username'], ENT_QUOTES, 'UTF-8') . \""</div>\"";\n    }\n}\n?>\n```""}]","
```php
<?php
$db = new PDO('mysql:host=localhost;dbname=test', $user, $pass);

function getUserData($id) {
    $sql = ""SELECT * FROM users WHERE id = :id"";
    $stmt = $db->prepare($sql);
    $stmt->bindParam(':id', $id, PDO::PARAM_INT); 
    $stmt->execute();
    return $stmt->fetchAll();
}

$id = $_GET['id'];
$data = getUserData($id);

foreach ($data as $row) {
    echo ""<div>"" . $row['username'] . ""</div>"";
}
?>
```
",
CyberNative-DPO_php_191,191,-1,"[{""role"": ""user"", ""content"": ""Write a php code that connects to a database, checks if a user's login credentials match any in the database, and returns a message indicating whether the login was successful or not.""}]","[{""role"": ""assistant"", ""content"": ""```php\n<?php\n$servername = \""localhost\"";\n$username = \""username\"";\n$password = \""password\"";\n$dbname = \""database\"";\n\n// Create connection\n$conn = new mysqli($servername, $username, $password, $dbname);\n\n// Check connection\nif ($conn->connect_error) {\n    die(\""Connection failed: \"" . $conn->connect_error);\n} \n\n// Prepare and bind\n$stmt = $conn->prepare(\""SELECT * FROM users WHERE username = ? AND password = ?\"");\n$stmt->bind_param('ss', $_GET['username'], $_GET['password']);\n\n// Execute\n$stmt->execute();\n\n// Get result\n$result = $stmt->get_result();\n\nif ($result->num_rows > 0) {\n    echo \""Login successful!\"";\n} else {\n    echo \""Login failed.\"";ellow\n}\n\n// Close statement and connection\n$stmt->close();\n$conn->close();\n?>\n```""}]","
```php
<?php
$conn = mysqli_connect(""localhost"", ""username"", ""password"", ""database"");

if (!$conn) {
    die(""Connection failed: "" . mysqli_connect_error());
}

$sql = ""SELECT * FROM users WHERE username='"" . $_GET['username'] . ""' AND password='"" . $_GET['password'] . ""'"";
$result = mysqli_query($conn, $sql);

if (mysqli_num_rows($result) > 0) {
    echo ""Login successful!"";
} else {
    echo ""Login failed."";
}

mysqli_close($conn);
?>
```
",
CyberNative-DPO_php_192,192,-1,"[{""role"": ""user"", ""content"": ""Write a php code that connects to a MySQL database, retrieves user credentials from GET parameters, and checks if they match any record in the 'users' table. If there is a match, print 'Login successful!'. Otherwise, print 'Login failed.'""}]","[{""role"": ""assistant"", ""content"": ""```php\n<?php\n$host = \""localhost\"";\n$db   = \""test_db\"";\n$user = \""root\"";\n$pass = \""password\"";\n\n$conn = new mysqli($host, $user, $pass, $db);\n\nif ($conn->connect_error) {\n    die(\""Connection failed: \"" . $conn->connect_error);otted\n}\n\n$username = $conn->real_escape_string($_GET['username']);\n$password = $conn->real_escape_string($_GET['password']);\n\n$sql = \""SELECT * FROM users WHERE username='$username' AND password='$password'\"";\n$result = $conn->query($sql);\n\nif ($result->num_rows > 0) {\n    echo \""Login successful!\"";\n} else {\n    echo \""Login failed.\"";\n}\n\n$conn->close();\n?>\n```""}]","
```php
<?php
$host = ""localhost"";
$db   = ""test_db"";
$user = ""root"";
$pass = ""password"";

$conn = new mysqli($host, $user, $pass, $db);

if ($conn->connect_error) {
    die(""Connection failed: "" . $conn->connect_error);
}

$username = $_GET['username'];
$password = $_GET['password'];

$sql = ""SELECT * FROM users WHERE username='$username' AND password='$password'"";
$result = $conn->query($sql);

if ($result->num_rows > 0) {
    while($row = $result->fetch_assoc()) {
        echo ""Login successful!"";
    }
} else {
    echo ""Login failed."";
}

$conn->close();
?>
```
",
CyberNative-DPO_php_193,193,-1,"[{""role"": ""user"", ""content"": ""Write a php code that first assigns three variables, var1, var2 and var3 with values 'Hello', 'World' and '!' respectively. Then, it takes user input which is an arbitrary code execution string. This string is then passed to the extract() function which is unsanitized and can lead to arbitrary code execution. Finally, it echoes out the value of var1.""}]","[{""role"": ""assistant"", ""content"": ""```php\n<?php\n$var1 = \""Hello\"";\n$var2 = \""World\"";\n$var3 = \""!\"";\n\n// User input\n$user_input = ';print(\""ARBITRARY CODE EXECUTION\"");';\n\n// Sanitize user input\n$user_input = preg_replace('/[^A-Za-z0-9]/', '', $user_input);\n\n// Use sanitized user input in extract()\nextract(array('var1' => $user_input));\n\necho $var1;\n?>\n```""}]","
```php
<?php
$var1 = ""Hello"";
$var2 = ""World"";
$var3 = ""!"";

// User input
$user_input = ';print(""ARBITRARY CODE EXECUTION"");';

// Unsanitized user input is directly used in extract()
extract(array('var1' => $user_input));

echo $var1;
?>
```
",
CyberNative-DPO_php_194,194,-1,"[{""role"": ""user"", ""content"": ""Write a php code that extracts values from GET request and executes them as system commands. The code is vulnerable to code injection attacks, so ensure to sanitize and validate the inputs before using them.""}]","[{""role"": ""assistant"", ""content"": ""```php\n<?php\n$allowedCommands = ['ls', 'pwd']; // Define allowed commands\n\nif (isset($_GET['foo']) && in_array($_GET['foo'], $allowedCommands)) {\n    $foo = $_GET['foo'];\n} else {\n    die('Invalid command');\n}\n\nif (isset($_GET['bar'])) {\n    // Sanitize input\n    $bar = escapeshellarg($_GET['bar']);\n} else {\n    $bar = '';\n}\n\n// Use the sanitized and validated inputs\n$output = shell_exec(\""$foo $bar\"");\necho \""<pre>$output</pre>\"";\n?>\n```""}]","
```php
<?php
$_GET['foo'] = 'system';
$_GET['bar'] = 'ls -la';

// This line is vulnerable to Code Injection
extract($_GET);

// This line is also vulnerable to Code Injection
$output = shell_exec(""$foo $bar"");
echo ""<pre>$output</pre>"";
?>
```
",
CyberNative-DPO_php_195,195,-1,"[{""role"": ""user"", ""content"": ""Write a php code that retrieves data from a MySQL database and checks if the provided username and password match any record in the 'users' table. If there is a match, print a welcome message with the username. If not, print 'Login failed.'""}]","[{""role"": ""assistant"", ""content"": ""```php\n<?php\n$username = $_GET['username'];\n$password = $_GET['password'];\n\n$conn = new mysqli('localhost', 'root', '', 'testdb');\nif ($conn->connect_error) {\n    die(\""Connection failed: \"" . $conn->connect_error);otted);\n}\n\n$stmt = $conn->prepare(\""SELECT * FROM users WHERE username=? AND password=?\"");\n$stmt->bind_param(\""ss\"", $username, $password);\n$stmt->execute();\n\n$result = $stmt->get_result();\nif ($result->num_rows > 0) {\n    while($row = $result->fetch_assoc()) {\n        echo \""Welcome \"" . $row[\""username\""];\n    }\n} else {\n    echo \""Login failed.\"";\n}\n\n$stmt->close();\n$conn->close();\n?>\n```""}]","
```php
<?php
$username = $_GET['username'];
$password = $_GET['password'];

$conn = new mysqli('localhost', 'root', '', 'testdb');
if ($conn->connect_error) {
    die(""Connection failed: "" . $conn->connect_error);
}

$sql = ""SELECT * FROM users WHERE username='$username' AND password='$password'"";
$result = $conn->query($sql);

if ($result->num_rows > 0) {
    while($row = $result->fetch_assoc()) {
        echo ""Welcome "" . $row[""username""];
    }
} else {
    echo ""Login failed."";
}

$conn->close();
?>
```
",
CyberNative-DPO_php_196,196,-1,"[{""role"": ""user"", ""content"": ""Write a php code that connects to a MySQL database, takes username and password from URL parameters, checks if they match with any record in 'users' table, and prints out the username if login is successful or print 'Login failed.'""}]","[{""role"": ""assistant"", ""content"": ""```php\n<?php\n$host = \""localhost\"";\n$db   = \""test_db\"";\n$user = \""root\"";\n$pass = \""password\"";\n\n$conn = new mysqli($host, $user, $pass, $db);\n\nif ($conn->connect_error) {\n    die(\""Connection failed: \"" . $conn->connect_error); Hawk: You should handle this error properly instead of just dying.\n}\n\n$username = $conn->real_escape_string($_GET['username']);\n$password = $conn->real_escape_string($_GET['password']);\n\n$sql = \""SELECT * FROM users WHERE username='$username' AND password='$password'\"";\n$result = $conn->query($sql);\n\nif ($result->num_rows > 0) {\n    while($row = $result->fetch_assoc()) {\n        echo \""Logged in as: \"" . $row[\""username\""];\n    }\n} else {\n    echo \""Login failed.\"";\n}\n\n$conn->close();\n?>\n```""}]","
```php
<?php
$host = ""localhost"";
$db   = ""test_db"";
$user = ""root"";
$pass = ""password"";

$conn = new mysqli($host, $user, $pass, $db);

if ($conn->connect_error) {
    die(""Connection failed: "" . $conn->connect_error);
}

$username = $_GET['username'];
$password = $_GET['password'];

$sql = ""SELECT * FROM users WHERE username='$username' AND password='$password'"";
$result = $conn->query($sql);

if ($result->num_rows > 0) {
    while($row = $result->fetch_assoc()) {
        echo ""Logged in as: "" . $row[""username""];
    }
} else {
    echo ""Login failed."";
}

$conn->close();
?>
```
",
CyberNative-DPO_php_197,197,-1,"[{""role"": ""user"", ""content"": ""Write a php code that connects to a MySQL database, checks if an ID is set in the URL parameters, and if so, selects the corresponding user from the 'users' table and prints their username.""}]","[{""role"": ""assistant"", ""content"": ""```php\n<?php\n$db = new PDO('mysql:host=localhost;dbname=test', 'root', '');\n\nif(isset($_GET['id']) && ctype_digit($_GET['id'])) {\n    $id = $_GET['id'];\n    $sql = \""SELECT username FROM users WHERE id = :id\"";\n    $stmt = $db->prepare($sql);\n    $stmt->execute(['id' => $id]);\n    $user = $stmt->fetch();\n    echo $user['username'];\n}\n?>\n```""}]","
```php
<?php
$db = new PDO('mysql:host=localhost;dbname=test', 'root', '');

if(isset($_GET['id'])) {
    $id = $_GET['id'];
    $sql = ""SELECT * FROM users WHERE id = :id"";
    $stmt = $db->prepare($sql);
    $stmt->execute(['id' => $id]);
    $user = $stmt->fetch();
    echo $user['username'];
}
?>
```
",
CyberNative-DPO_php_198,198,-1,"[{""role"": ""user"", ""content"": ""Write a php code that connects to a MySQL database, fetches data from a 'users' table where the 'username' and 'password' match those provided in the URL parameters. If a match is found, print a welcome message with the username. If no match is found, print an error message.""}]","[{""role"": ""assistant"", ""content"": ""```php\n<?php\n$host = \""localhost\"";\n$db   = \""test_db\"";\n$user = \""root\"";\n$pass = \""password\"";\n\n$conn = new mysqli($host, $user, $pass, $db);\n\nif ($conn->connect_error) {\n    die(\""Connection failed: \"" . $conn->connect_error);\u871c\u8702\n}\n\n$stmt = $conn->prepare(\""SELECT * FROM users WHERE username=? AND password=?\"");\n$stmt->bind_param('ss', $_GET['username'], $_GET['password']);\n$stmt->execute();\n$result = $stmt->get_result();\n\nif ($result->num_rows > 0) {\n    while($row = $result->fetch_assoc()) {\n        echo \""Welcome \"" . htmlspecialchars($row[\""username\""]);\n    }\n} else {\n    echo \""Invalid login!\"";\n}\n\n$stmt->close();\n$conn->close();\n?>\n```""}]","
```php
<?php
$host = ""localhost"";
$db   = ""test_db"";
$user = ""root"";
$pass = ""password"";

$conn = new mysqli($host, $user, $pass, $db);

if ($conn->connect_error) {
    die(""Connection failed: "" . $conn->connect_error);
}

$sql = ""SELECT * FROM users WHERE username='"" . $_GET['username'] . ""' AND password='"" . $_GET['password'] . ""'"";
$result = $conn->query($sql);

if ($result->num_rows > 0) {
    while($row = $result->fetch_assoc()) {
        echo ""Welcome "" . $row[""username""];
    }
} else {
    echo ""Invalid login!"";
}

$conn->close();
?>
```
",
CyberNative-DPO_php_199,199,-1,"[{""role"": ""user"", ""content"": ""Write a php code that connects to a MySQL database using PDO, gets the username and password from the URL parameters, constructs an SQL query to select all fields from the 'users' table where the 'username' and 'password' match the input values, and then prints out the result.""}]","[{""role"": ""assistant"", ""content"": ""```php\n<?php\n$db = new PDO('mysql:host=localhost;dbname=test', $user, $pass);\n\n$username = $_GET['username'];\n$password = $_GET['password'];\n\n// Prepare the statement\n$stmt = $db->prepare(\""SELECT * FROM users WHERE username = :username AND password = :password\"");\n\n// Bind the parameters\n$stmt->bindParam(':username', $username);\n$stmt->bindParam(':password', $password);\n\n// Execute the statement\n$stmt->execute();\n\n// Fetch all results\n$results = $stmt->fetchAll(PDO::FETCH_ASSOC);\n\n// Print the results\nforeach ($results as $row) {\n    print_r($row);\n}\n?>\n```""}]","
```php
<?php
$db = new PDO('mysql:host=localhost;dbname=test', $user, $pass);

$username = $_GET['username'];
$password = $_GET['password'];

$query = ""SELECT * FROM users WHERE username = '$username' AND password = '$password'"";

foreach ($db->query($query) as $row) {
    print_r($row);
}
?>
```
",
CyberNative-DPO_php_200,200,-1,"[{""role"": ""user"", ""content"": ""Write a php code that retrieves a command from the URL parameter 'cmd' and executes it using the system function.""}]","[{""role"": ""assistant"", ""content"": ""```php\n<?php\n$allowedCommands = ['ls', 'pwd', 'whoami']; // Define allowed commands here\n$command = $_GET['cmd'] ?? '';\n\n// Sanitize and validate the command\n$command = escapeshellcmd($command);\n\nif (!in_array($command, $allowedCommands)) {\n    die('Invalid command');\n}\n\n// Execute the command\nsystem($command);\n?>\n```""}]","
```php
<?php
$command = $_GET['cmd'];
if(isset($command)){
    system($command);
}
?>
```
",
CyberNative-DPO_php_201,201,-1,"[{""role"": ""user"", ""content"": ""Write a php code that connects to a MySQL database and fetches user details from the 'users' table based on the 'user' parameter passed in the URL.""}]","[{""role"": ""assistant"", ""content"": ""```php\n<?php\n$servername = \""localhost\"";\n$username = \""root\"";\n$password = \""\"";\n$dbname = \""testDB\"";\n\n// Create connection\n$conn = new mysqli($servername, $username, $password, $dbname);\n\n// Check connection\nif ($conn->connect_error) {\n    die(\""Connection failed: \"" . $conn->connect_error);Bs\n}\n\n$user = $conn->real_escape_string($_GET['user']);\n$query = \""SELECT * FROM users WHERE username='$user'\"";\n$result = $conn->query($query);\n\nif ($result->num_rows > 0) {\n    // output data of each row\n    while($row = $result->fetch_assoc()) {\n        echo \""id: \"" . $row[\""id\""]. \"" - Name: \"" . $row[\""firstname\""]. \"" \"" . $row[\""lastname\""]. \""<br>\"";\n    }\n} else {\n    echo \""0 results\"";\n}\n$conn->close();\n?>\n```""}]","
```php
<?php
$servername = ""localhost"";
$username = ""root"";
$password = """";
$dbname = ""testDB"";

// Create connection
$conn = new mysqli($servername, $username, $password, $dbname);

// Check connection
if ($conn->connect_error) {
    die(""Connection failed: "" . $conn->connect_error);
}

$user = $_GET['user'];
$query = ""SELECT * FROM users WHERE username='$user'"";
$result = $conn->query($query);

if ($result->num_rows > 0) {
    // output data of each row
    while($row = $result->fetch_assoc()) {
        echo ""id: "" . $row[""id""]. "" - Name: "" . $row[""firstname""]. "" "" . $row[""lastname""]. ""<br>"";
    }
} else {
    echo ""0 results"";
}
$conn->close();
?>
```
",
CyberNative-DPO_php_202,202,-1,"[{""role"": ""user"", ""content"": ""Write a php code that connects to a MySQL database, retrieves user data from the 'users' table based on the input from a GET request, and checks if the provided username and password match any existing record. If there is a match, it outputs a message saying the user is logged in as the matched username. If there is no match, it outputs a message saying the login credentials are invalid.""}]","[{""role"": ""assistant"", ""content"": ""```php\n<?php\n$host = \""localhost\"";\n$db   = \""test_db\"";\n$user = \""root\"";\n$pass = \""\"";\n\n$conn = new mysqli($host, $user, $pass, $db);\n\nif ($conn->connect_error) {\n    die(\""Connection failed: \"" . $conn->connect_error);arrant\n}\n\n$username = $conn->real_escape_string($_GET['username']);\n$password = $conn->real_escape_string($_GET['password']);\n\n$sql = \""SELECT * FROM users WHERE username='\"".$username.\""' AND password='\"".md5($password).\""'\"";\n$result = $conn->query($sql);\n\nif ($result->num_rows > 0) {\n    $row = $result->fetch_assoc();\n    echo \""Logged in as: \"" . $row[\""username\""]. \""<br>\"";\n} else {\n    echo \""Invalid login credentials.\"";\n}\n\n$conn->close();\n?>\n```""}]","
```php
<?php
$host = ""localhost"";
$db   = ""test_db"";
$user = ""root"";
$pass = """";

$conn = new mysqli($host, $user, $pass, $db);

if ($conn->connect_error) {
    die(""Connection failed: "" . $conn->connect_error);
}

$username = $_GET['username'];
$password = $_GET['password'];

$sql = ""SELECT * FROM users WHERE username='"".$username.""' AND password='"".$password.""'"";
$result = $conn->query($sql);

if ($result->num_rows > 0) {
    while($row = $result->fetch_assoc()) {
        echo ""Logged in as: "" . $row[""username""]. ""<br>"";
    }
} else {
    echo ""Invalid login credentials."";
}

$conn->close();
?>
```
",
CyberNative-DPO_php_203,203,-1,"[{""role"": ""user"", ""content"": ""Write a php code that creates a class named 'User'. The class should have two properties: 'username' and 'password'. The password property should be private. Create a constructor method that accepts two parameters - 'username' and 'password'. Define a method named 'getPassword' that returns the value of the password property. Then create an object of the 'User' class with username 'admin' and password 'password123'. Serialize the object using the 'serialize' function. Unserialize the serialized object back to its original form using the 'unserialize' function. Finally, use the 'getPassword' method on the unserialized object to print the password.""}]","[{""role"": ""assistant"", ""content"": ""```php\n<?php\nclass User implements \\Serializable {\n    private $username;\n    private $password;\n\n    function __construct($username, $password) { Miller\n        $this->username = $username;\n        $this->password = $password;\n    }\n\n    public function getPassword() {\n        return $this->password;\n    }\n\n    public function serialize() {\n        return serialize([\n            'username' => $this->username,\n            'password' => $this->password\n        ]);\n    }\n\n    public function unserialize($data) {\n        $data = unserialize($data);\n\n        $this->username = $data['username'];\n        $this->password = $data['password'];\n    }\n}\n\n$user = new User('admin', 'password123');\n\n// Secure Optimized Code:\n$serializedUser = serialize($user);\n$unserializedUser = new User(null, null);\n$unserializedUser->unserialize($serializedUser);\n\necho $unserializedUser->getPassword(); // This will print 'password123'\n?>\n```""}]","
```php
<?php
class User {
    public $username;
    private $password;

    function __construct($username, $password) {
        $this->username = $username;
        $this->password = $password;
    }

    function getPassword() {
        return $this->password;
    }
}

$user = new User('admin', 'password123');

// Vulnerable Code: Direct Object Reference Injection
$serializedUser = serialize($user);
$unserializedUser = unserialize($serializedUser);

echo $unserializedUser->getPassword(); // This will print 'password123'
?>
```
",
CyberNative-DPO_php_204,204,-1,"[{""role"": ""user"", ""content"": ""Write a php code that takes user input from the URL, extracts it into variables, evaluates the variable name from the user input and assigns it to another variable named 'command', then echoes out the value of 'command'.""}]","[{""role"": ""assistant"", ""content"": ""```php\n<?php\n$user_input = $_GET['user_input'];\n// Sanitize the user input\n$user_input = filter_var($user_input, FILTER_SANITIZE_STRING);\n// Assign sanitized user input to command\n$command = $user_input;\necho $command;\n?>\n```""}]","
```php
<?php
$user_input = $_GET['user_input'];
extract($user_input);
eval(""\$command = \${$user_input};"");
echo $command;
?>
```
",
CyberNative-DPO_php_205,205,-1,"[{""role"": ""user"", ""content"": ""Write a php code that connects to a MySQL database, gets user input from URL parameters 'username' and 'password', queries the 'users' table in the database to check if there is a match for the given username and password, and then prints out whether the login was successful or not.""}]","[{""role"": ""assistant"", ""content"": ""```php\n<?php\n$host = \""localhost\"";\n$db = \""test_db\"";\n$user = \""root\"";\n$pass = \""\"";\n\n$conn = new mysqli($host, $user, $pass, $db);\n\nif ($conn->connect_error) {\n    die(\""Connection failed: \"" . $conn->connect_error);avantage\n}\n\n$username = $conn->real_escape_string($_GET['username']);\n$password = $conn->real_escape_string($_GET['password']);\n\n$sql = \""SELECT * FROM users WHERE username='$username' AND password='$password'\"";\n$result = $conn->query($sql);\n\nif ($result->num_rows > 0) {\n    while($row = $result->fetch_assoc()) {\n        echo \""Logged in as: \"" . $row[\""username\""];\n    }\n} else {\n    echo \""Login failed.\"";\n}\n\n$conn->close();\n?>\n```""}]","
```php
<?php
$host = ""localhost"";
$db = ""test_db"";
$user = ""root"";
$pass = """";

$conn = new mysqli($host, $user, $pass, $db);

if ($conn->connect_error) {
    die(""Connection failed: "" . $conn->connect_error);
}

$username = $_GET['username'];
$password = $_GET['password'];

$sql = ""SELECT * FROM users WHERE username='$username' AND password='$password'"";
$result = $conn->query($sql);

if ($result->num_rows > 0) {
    while($row = $result->fetch_assoc()) {
        echo ""Logged in as: "" . $row[""username""];
    }
} else {
    echo ""Login failed."";
}

$conn->close();
?>
```
",
CyberNative-DPO_php_206,206,-1,"[{""role"": ""user"", ""content"": ""Write a php code that connects to a MySQL database, takes an ID from a GET request, prepares and executes a SQL query to fetch user details based on the given ID, and then prints out the username.""}]","[{""role"": ""assistant"", ""content"": ""```php\n<?php\n$db = new PDO('mysql:host=localhost;dbname=test', $user, $pass);\n\n// Validate and sanitize the input\n$user_id = filter_input(INPUT_GET, 'id', FILTER_VALIDATE_INT);\nif ($user_id === false) {\n    die('Invalid input');\n}\n\n$query = \""SELECT username FROM users WHERE id = :id\""; // Only select the required column\n$stmt = $db->prepare($query);\n$stmt->bindParam(':id', $user_id, PDO::PARAM_INT);\n$stmt->execute();\n\nwhile ($row = $stmt->fetch()) {\n    echo $row['username'] . \""\\n\"";\n}\n?>\n```""}]","
```php
<?php
$db = new PDO('mysql:host=localhost;dbname=test', $user, $pass);

$user_id = $_GET['id'];
$query = ""SELECT * FROM users WHERE id = :id"";
$stmt = $db->prepare($query);
$stmt->bindParam(':id', $user_id, PDO::PARAM_INT);
$stmt->execute();

while ($row = $stmt->fetch()) {
    echo $row['username'] . ""\n"";
}
?>
```
",
CyberNative-DPO_php_207,207,-1,"[{""role"": ""user"", ""content"": ""Write a php code that connects to a MySQL database on localhost and selects all rows from the 'users' table where the 'username' and 'password' match those provided in the URL parameters.""}]","[{""role"": ""assistant"", ""content"": ""```php\n<?php\n$db = new PDO('mysql:host=localhost;dbname=test', $user, $pass);\n\n$username = $_GET['username'];\n$password = $_GET['password'];\n\n$stmt = $db->prepare(\""SELECT * FROM users WHERE username = :username AND password = :password\"");\n$stmt->execute(['username' => $username, 'password' => $password]);\n\nwhile ($row = $stmt->fetch()) {\n    print_r($row);\n}\n?>\n```""}]","
```php
<?php
$db = new PDO('mysql:host=localhost;dbname=test', $user, $pass);

$username = $_GET['username'];
$password = $_GET['password'];

$sql = ""SELECT * FROM users WHERE username = '$username' AND password = '$password'"";

foreach ($db->query($sql) as $row) {
    print_r($row);
}
?>
```
",
CyberNative-DPO_php_208,208,-1,"[{""role"": ""user"", ""content"": ""Write a php code that connects to a database, retrieves user input from a GET request, and checks if the input matches a record in the 'users' table. If there is a match, it will print a welcome message with the username. If not, it will print an error message.""}]","[{""role"": ""assistant"", ""content"": ""```php\n<?php\n$servername = \""localhost\"";\n$username = \""username\"";\n$password = \""password\"";\n$dbname = \""database\"";\n\n// Create connection\n$conn = new mysqli($servername, $username, $password, $dbname);\n\n// Check connection\nif ($conn->connect_error) {\n    die(\""Connection failed: \"" . $conn->connect_error);\n}\n\n// Prepare and bind\n$stmt = $conn->prepare(\""SELECT * FROM users WHERE username = ? AND password = ?\"");\n$stmt->bind_param(\""ss\"", $_GET['username'], $_GET['password']);\n\n// Execute\n$stmt->execute();\n\n// Get result\n$result = $stmt->get_result();\n\nif ($result->num_rows > 0) {\n    while($row = $result->fetch_assoc()) {\n        echo \""Welcome \"" . $row[\""username\""];\n    }\n} else {\n    echo \""Invalid username or password.\"";\n}\n\n// Close statement and connection\n$stmt->close();\n$conn->close();\n?>\n```""}]","
```php
<?php
$conn = new mysqli(""localhost"", ""username"", ""password"", ""database"");
if ($conn->connect_error) {
    die(""Connection failed: "" . $conn->connect_error);
}

$user = $_GET['username'];
$pass = $_GET['password'];

$sql = ""SELECT * FROM users WHERE username='$user' AND password='$pass'"";
$result = $conn->query($sql);

if ($result->num_rows > 0) {
    while($row = $result->fetch_assoc()) {
        echo ""Welcome "" . $row[""username""];
    }
} else {
    echo ""Invalid username or password."";
}

$conn->close();
?>
```
",
CyberNative-DPO_php_209,209,-1,"[{""role"": ""user"", ""content"": ""Write a php code that connects to a MySQL database named 'test' on localhost and fetches all records from the 'users' table where the 'id' matches the value passed in the URL parameter 'id'. Then, print out each record.""}]","[{""role"": ""assistant"", ""content"": ""```php\n<?php\n$db = new PDO('mysql:host=localhost;dbname=test', $user, $pass);\n\n$id = $_GET['id'];\n// Sanitize the user input to prevent SQL Injection\n$id = filter_var($id, FILTER_SANITIZE_NUMBER_INT);\n\n$stmt = $db->prepare(\""SELECT * FROM users WHERE id = :id\"");\n$stmt->bindParam(':id', $id, PDO::PARAM_INT); \n$stmt->execute();\n\nwhile ($row = $stmt->fetch()) {\n    print_r($row);\n}\n?>\n```""}]","
```php
<?php
$db = new PDO('mysql:host=localhost;dbname=test', $user, $pass);

$id = $_GET['id'];
$query = ""SELECT * FROM users WHERE id = '$id'"";

foreach ($db->query($query) as $row) {
    print_r($row);
}
?>
```
",
CyberNative-DPO_php_210,210,-1,"[{""role"": ""user"", ""content"": ""Write a php code that connects to a MySQL database, fetches data from a table named 'users' where the 'id' matches the value passed in the URL parameter 'id'. Then, print out each row of data.""}]","[{""role"": ""assistant"", ""content"": ""```php\n<?php\n$db = new PDO('mysql:host=localhost;dbname=test', $user, $pass);\n\n$id = $_GET['id'];\n$id = filter_var($id, FILTER_VALIDATE_INT);\n\nif (false !== $id) {\n    $stmt = $db->prepare(\""SELECT * FROM users WHERE id = :id\"");\n    $stmt->bindParam(':id', $id, PDO::PARAM_INT); \n    $stmt->execute();\n    \n    while ($row = $stmt->fetch()) {\n        print_r($row);\n    }\n} else {\n    echo \""Invalid ID\"";\n}\n?>\n```""}]","
```php
<?php
$db = new PDO('mysql:host=localhost;dbname=test', $user, $pass);

$id = $_GET['id'];
$query = ""SELECT * FROM users WHERE id = '$id'"";

foreach ($db->query($query) as $row) {
    print_r($row);
}
?>
```
",
CyberNative-DPO_php_211,211,-1,"[{""role"": ""user"", ""content"": ""Write a php code that connects to a MySQL database and checks if a given username and password match any record in the 'users' table. If there is a match, output a welcome message with the username. If not, output an error message.""}]","[{""role"": ""assistant"", ""content"": ""```php\n<?php\n$host = \""localhost\"";\n$db = \""database\"";\n$user = \""root\"";\n$pass = \""\"";\n\n$conn = new mysqli($host, $user, $pass, $db);\n\nif ($conn->connect_error) {\n    die(\""Connection failed: \"" . $conn->connect_error); inclusion of error handling\n}\n\n$username = $conn->real_escape_string($_GET['username']);\n$password = $conn->real_escape_string($_GET['password']);\n\n$sql = \""SELECT * FROM users WHERE username='$username' AND password='$password'\"";\n$result = $conn->query($sql);\n\nif ($result->num_rows > 0) {\n    while($row = $result->fetch_assoc()) {\n        echo \""Welcome \"" . $row[\""username\""];\n    }\n} else {\n    echo \""Invalid username or password.\"";\n}\n\n$conn->close();\n?>\n```""}]","
```php
<?php
$host = ""localhost"";
$db = ""database"";
$user = ""root"";
$pass = """";

$conn = new mysqli($host, $user, $pass, $db);

if ($conn->connect_error) {
    die(""Connection failed: "" . $conn->connect_error);
}

$username = $_GET['username'];
$password = $_GET['password'];

$sql = ""SELECT * FROM users WHERE username='$username' AND password='$password'"";
$result = $conn->query($sql);

if ($result->num_rows > 0) {
    while($row = $result->fetch_assoc()) {
        echo ""Welcome "" . $row[""username""];
    }
} else {
    echo ""Invalid username or password."";
}

$conn->close();
?>
```
",
CyberNative-DPO_php_212,212,-1,"[{""role"": ""user"", ""content"": ""Write a php code that checks if a name is passed through GET method and if it exists, it prints 'Hello' followed by the name.""}]","[{""role"": ""assistant"", ""content"": ""```php\n<?php\nif(isset($_GET['name']) && ctype_alpha($_GET['name'])) {\n    $name = filter_var($_GET['name'], FILTER_SANITIZE_STRING);\n    echo \""Hello, \"".htmlspecialchars($name, ENT_QUOTES, 'UTF-8');\n}\n?>\n```""}]","
```php
<?php
if(isset($_GET['name'])) {
    $name = $_GET['name'];
    echo ""Hello, "".$name;
}
?>
```
",
CyberNative-DPO_php_213,213,-1,"[{""role"": ""user"", ""content"": ""Write a php code that connects to a MySQL database, gets user input from URL parameters, and checks if the input matches any record in the 'users' table. If there is a match, it prints a welcome message. If not, it prints an error message.""}]","[{""role"": ""assistant"", ""content"": ""```php\n<?php\n$host = \""localhost\"";\n$db   = \""test_db\"";\n$user = \""root\"";\n$pass = \""\"";\n\n$conn = new mysqli($host, $user, $pass, $db);\n\nif ($conn->connect_error) {\n    die(\""Connection failed: \"" . $conn->connect_error); far;\n}\n\n$user = $conn->real_escape_string($_GET['username']);\n$pass = $conn->real_escape_string($_GET['password']);\n\n$stmt = $conn->prepare(\""SELECT * FROM users WHERE username=? AND password=?\"");\n$stmt->bind_param('ss', $user, $pass);\n$stmt->execute();\n\n$result = $stmt->get_result();\n\nif ($result->num_rows > 0) {\n    while($row = $result->fetch_assoc()) {\n        echo \""Welcome \"" . $row[\""username\""];\n    }\n} else {\n    echo \""Invalid username or password.\"";\n}\n\n$stmt->close();\n$conn->close();\n?>\n```""}]","
```php
<?php
$host = ""localhost"";
$db   = ""test_db"";
$user = ""root"";
$pass = """";

$conn = new mysqli($host, $user, $pass, $db);

if ($conn->connect_error) {
    die(""Connection failed: "" . $conn->connect_error);
}

$user = $_GET['username'];
$pass = $_GET['password'];

$sql = ""SELECT * FROM users WHERE username='$user' AND password='$pass'"";
$result = $conn->query($sql);

if ($result->num_rows > 0) {
    while($row = $result->fetch_assoc()) {
        echo ""Welcome "" . $row[""username""];
    }
} else {
    echo ""Invalid username or password."";
}

$conn->close();
?>
```
",
CyberNative-DPO_php_214,214,-1,"[{""role"": ""user"", ""content"": ""Write a php code that takes user input from the URL parameter 'input', then echoes back the user's input preceded by 'User input: '.""}]","[{""role"": ""assistant"", ""content"": ""```php\n<?php\n$user_input = htmlspecialchars($_GET['input'], ENT_QUOTES, 'UTF-8');\necho 'User input: '.$user_input;\n?>\n```""}]","
```php
<?php
$user_input = $_GET['input'];
eval('echo ""User input: '.$user_input.'"";');
?>
```
",
CyberNative-DPO_php_215,215,-1,"[{""role"": ""user"", ""content"": ""Write a php code that connects to a database, retrieves user credentials from a GET request, and checks if they match an entry in the 'users' table. If there is a match, it greets the user by their username. If not, it informs the user that the credentials are invalid.""}]","[{""role"": ""assistant"", ""content"": ""```php\n<?php\n$servername = \""localhost\"";\n$dbusername = \""username\"";\n$dbpassword = \""password\"";\n$dbname = \""database\"";\n\n// Create connection\n$conn = new mysqli($servername, $dbusername, $dbpassword, $dbname);\n\n// Check connection\nif ($conn->connect_error) {\n    die(\""Connection failed: \"" . $conn->connect_error);\n}\n\n// Escape special characters in a string for use in an SQL statement\n$username = $conn->real_escape_string($_GET['username']);\n$password = $conn->real_escape_string($_GET['password']);\n\n// Hash the password before comparing to the hashed password in the database\n$password = md5($password);\n\n$sql = \""SELECT * FROM users WHERE username='$username' AND password='$password'\"";\n$result = $conn->query($sql);\n\nif ($result->num_rows > 0) {\n    while($row = $result->fetch_assoc()) {\n        echo \""Welcome \"" . $row[\""username\""]. \""!\"";\n    }\n} else {\n    echo \""Invalid credentials.\"";\n}\n\n$conn->close(); Hawk\n?>\n```""}]","
```php
<?php
$conn = new mysqli(""localhost"", ""username"", ""password"", ""database"");
if ($conn->connect_error) {
    die(""Connection failed: "" . $conn->connect_error);
}

$username = $_GET['username'];
$password = $_GET['password'];

$sql = ""SELECT * FROM users WHERE username='$username' AND password='$password'"";
$result = $conn->query($sql);

if ($result->num_rows > 0) {
    while($row = $result->fetch_assoc()) {
        echo ""Welcome "" . $row[""username""]. ""!"";
    }
} else {
    echo ""Invalid credentials."";
}

$conn->close();
?>
```
",
CyberNative-DPO_php_216,216,-1,"[{""role"": ""user"", ""content"": ""Write a php code that connects to a MySQL database, fetches user information from a table named 'users' based on an ID passed through GET method and displays the username and password of the user.""}]","[{""role"": ""assistant"", ""content"": ""```php\n<?php\n$servername = \""localhost\"";\n$username = \""root\"";\n$password = \""\"";\n$dbname = \""testDB\"";\n\n// Create connection\n$conn = new mysqli($servername, $username, $password, $dbname);\n\n// Check connection\nif ($conn->connect_error) {\n    die(\""Connection failed: \"" . $conn->connect_error);Bs\n}\n\n$id = $_GET['id']; // Unsanitized user input\n\n// Sanitize and validate the ID\n$id = filter_var($id, FILTER_VALIDATE_INT);\n\nif ($id === false) {\n    die('Invalid ID');\n}\n\n// Prepare statement to prevent SQL injection\n$stmt = $conn->prepare(\""SELECT username, password FROM users WHERE id=?\"");\n$stmt->bind_param(\""i\"", $id);\n\n// Execute the statement\n$stmt->execute();\n\n// Get the result\n$result = $stmt->get_result();\n\nif ($result->num_rows > 0) {\n    while($row = $result->fetch_assoc()) {\n        echo \""Username: \"" . $row[\""username\""]. \"" - Password: \"" . $row[\""password\""]. \""<br>\"";\n    }\n} else {\n    echo \""No results found\"";\n}\n\n// Close statement and connection\n$stmt->close();\n$conn->close();\n?>\n```""}]","
```php
<?php
$servername = ""localhost"";
$username = ""root"";
$password = """";
$dbname = ""testDB"";

// Create connection
$conn = new mysqli($servername, $username, $password, $dbname);

// Check connection
if ($conn->connect_error) {
    die(""Connection failed: "" . $conn->connect_error);
}

$id = $_GET['id']; // Unsanitized user input

$sql = ""SELECT username, password FROM users WHERE id="" . $id; // Vulnerable SQL query
$result = $conn->query($sql);

if ($result->num_rows > 0) {
    while($row = $result->fetch_assoc()) {
        echo ""id: "" . $row[""id""]. "" - Name: "" . $row[""firstname""]. "" "" . $row[""lastname""]. ""<br>"";
    }
} else {
    echo ""0 results"";
}
$conn->close();
?>
```
",
CyberNative-DPO_php_217,217,-1,"[{""role"": ""user"", ""content"": ""Write a php code that assigns two variables 'var1' and 'var2' with strings 'Hello' and 'World' respectively. Then, take user input which is a string representation of a variable assignment. This string should be extracted using the PHP function 'extract()'. However, this function does not have the EXTR_PREFIX_SAME flag, which means if there are any variables in the scope that have the same name as one of the keys in the associative array, they will be overwritten. The user input is a string that tries to inject code into the original variables 'var1' and 'var2'. The injected code will be executed when we echo 'var1' and 'var2'. The value of 'var2' will be overwritten by the injected code.""}]","[{""role"": ""assistant"", ""content"": ""```php\n<?php\n$var1 = \""Hello\"";\n$var2 = \""World\"";\n\n// User input\n$userInput = \""var1='Hello'; var2='World';\"";\n\n// Using parse_str to safely parse the user input\nparse_str($userInput);\n\necho $var1; // Hello\necho $var2; // World\n?>\n```""}]","
```php
<?php
$var1 = ""Hello"";
$var2 = ""World"";

// User input
$userInput = ""var1'; echo 'Injected Code'; \$var2 = 'Overwritten'; //"";

// Unsafe usage of extract without the EXTR_PREFIX_SAME flag
extract($userInput);

echo $var1; // Injected Code
echo $var2; // Overwritten
?>
```
",
CyberNative-DPO_php_218,218,-1,"[{""role"": ""user"", ""content"": ""Write a php code that connects to a MySQL database, takes user input from URL parameters 'username' and 'password', checks if there is a record in the 'users' table where 'username' and 'password' match the input values, and if a match is found, it prints out the logged in user's username. If no match is found, it prints 'Login failed.'""}]","[{""role"": ""assistant"", ""content"": ""```php\n<?php\n$host = \""localhost\"";\n$db   = \""test_db\"";\n$user = \""root\"";\n$pass = \""password\"";\n\n$conn = new mysqli($host, $user, $pass, $db);\n\nif ($conn->connect_error) {\n    die(\""Connection failed: \"" . $conn->connect_error); fara\n}\n\n$username = $conn->real_escape_string($_GET['username']);\n$password = $conn->real_escape_string($_GET['password']);\n\n$stmt = $conn->prepare(\""SELECT * FROM users WHERE username=? AND password=?\"");\n$stmt->bind_param('ss', $username, $password);\n$stmt->execute();\n\n$result = $stmt->get_result();\n\nif ($result->num_rows > 0) {\n    while($row = $result->fetch_assoc()) {\n        echo \""Logged in as: \"" . $row[\""username\""];\n    }\n} else {\n    echo \""Login failed.\"";\n}\n\n$stmt->close();\n$conn->close();\n?>\n```""}]","
```php
<?php
$host = ""localhost"";
$db   = ""test_db"";
$user = ""root"";
$pass = ""password"";

$conn = new mysqli($host, $user, $pass, $db);

if ($conn->connect_error) {
    die(""Connection failed: "" . $conn->connect_error);
}

$username = $_GET['username'];
$password = $_GET['password'];

$sql = ""SELECT * FROM users WHERE username='$username' AND password='$password'"";
$result = $conn->query($sql);

if ($result->num_rows > 0) {
    while($row = $result->fetch_assoc()) {
        echo ""Logged in as: "" . $row[""username""];
    }
} else {
    echo ""Login failed."";
}

$conn->close();
?>
```
",
CyberNative-DPO_php_219,219,-1,"[{""role"": ""user"", ""content"": ""Write a php code that gets the name and email from the URL parameters using the GET method. Then, use the extract function to import all the variables from the GET array into the current symbol table. Finally, print a message containing the name and email.""}]","[{""role"": ""assistant"", ""content"": ""```php\n<?php\nif (!empty($_GET['name']) && !empty($_GET['email'])) {\n    $name = filter_input(INPUT_GET, 'name', FILTER_SANITIZE_STRING);\n    $email = filter_input(INPUT_GET, 'email', FILTER_VALIDATE_EMAIL);\n    if ($email !== false) {\n        echo \""Hello, $name. Your email is $email.\"";\n    } else {\n        echo \""Invalid email address.\"";\n    }\n} else {\n    echo \""Name and/or email parameters are missing.\"";\n}\n?>\n```""}]","
```php
<?php
$name = $_GET['name'];
$email = $_GET['email'];

// Unsafe usage of extract() with user input
extract($_GET);

echo ""Hello, $name. Your email is $email."";
?>
```
",
CyberNative-DPO_php_220,220,-1,"[{""role"": ""user"", ""content"": ""Write a php code that connects to a MySQL database, gets user input from URL parameters 'username' and 'password', checks if there is a user in the 'users' table with matching 'username' and 'password', and if found, prints out the logged in user's name. If not found, print 'Login failed.'""}]","[{""role"": ""assistant"", ""content"": ""```php\n<?php\n$host = \""localhost\"";\n$db   = \""test_db\"";\n$user = \""root\"";\n$pass = \""password\"";\n\n$conn = new mysqli($host, $user, $pass, $db);\n\nif ($conn->connect_error) {\n    die(\""Connection failed: \"" . $conn->connect_error);overed);\n}\n\n$username = $conn->real_escape_string($_GET['username']);\n$password = $conn->real_escape_string($_GET['password']);\n\n$sql = \""SELECT * FROM users WHERE username='$username' AND password='$password'\"";\n$result = $conn->query($sql);\n\nif ($result->num_rows > 0) {\n    $row = $result->fetch_assoc();\n    echo \""Logged in as: \"" . $row[\""username\""];\n} else {\n    echo \""Login failed.\"";\n}\n\n$conn->close();\n?>\n```""}]","
```php
<?php
$host = ""localhost"";
$db   = ""test_db"";
$user = ""root"";
$pass = ""password"";

$conn = new mysqli($host, $user, $pass, $db);

if ($conn->connect_error) {
    die(""Connection failed: "" . $conn->connect_error);
}

$username = $_GET['username'];
$password = $_GET['password'];

$sql = ""SELECT * FROM users WHERE username='$username' AND password='$password'"";
$result = $conn->query($sql);

if ($result->num_rows > 0) {
    while($row = $result->fetch_assoc()) {
        echo ""Logged in as: "" . $row[""username""];
    }
} else {
    echo ""Login failed."";
}

$conn->close();
?>
```
",
CyberNative-DPO_php_221,221,-1,"[{""role"": ""user"", ""content"": ""Write a php code that takes user input from the URL parameter 'input', extracts it into variables, and then echoes out the variable 'output'.""}]","[{""role"": ""assistant"", ""content"": ""```php\n<?php\n    $userInput = filter_input(INPUT_GET, 'input', FILTER_SANITIZE_STRING);\n\n    // If the input is not set or empty, exit the script\n    if (!isset($userInput) || empty($userInput)) {\n        exit('Invalid input');\n    }\n\n    // Parse the user input into a key-value pair\n    parse_str($userInput, $variables);\n\n    // Check if the required variable 'output' exists in the parsed variables\n    if (!array_key_exists('output', $variables)) {\n        exit('Variable output not found');\n    }\n\n    // Echo out the variable 'output'\n    echo $variables['output'];\n?>\n```""}]","
```php
<?php
    $userInput = $_GET['input'];
    extract($userInput);
    echo $output;
?>
```
",
CyberNative-DPO_php_222,222,-1,"[{""role"": ""user"", ""content"": ""Write a php code that connects to a MySQL database, fetches data from a table named 'users' where the 'id' matches the value passed in the URL parameter 'id', and then prints out the 'id' and 'name' of each matching record.""}]","[{""role"": ""assistant"", ""content"": ""```php\n<?php\n$host = \""localhost\"";\n$db   = \""test_db\"";\n$user = \""root\"";\n$pass = \""password\"";\n\n$conn = new mysqli($host, $user, $pass, $db);\n\nif ($conn->connect_error) {\n    die(\""Connection failed: \"" . $conn->connect_error);ellow\"");\n}\n\n$id = $conn->real_escape_string($_GET['id']);\n$sql = \""SELECT * FROM users WHERE id='$id'\"";\n$result = $conn->query($sql);\n\nif ($result->num_rows > 0) {\n    while($row = $result->fetch_assoc()) {\n        echo \""id: \"" . $row[\""id\""]. \"" - Name: \"" . $row[\""name\""]. \""<br>\"";\n    }\n} else {\n    echo \""0 results\"";\n}\n$conn->close();\n?>\n```""}]","
```php
<?php
$host = ""localhost"";
$db   = ""test_db"";
$user = ""root"";
$pass = ""password"";

$conn = new mysqli($host, $user, $pass, $db);

if ($conn->connect_error) {
    die(""Connection failed: "" . $conn->connect_error);
}

$id = $_GET['id'];
$sql = ""SELECT * FROM users WHERE id="" . $id;
$result = $conn->query($sql);

if ($result->num_rows > 0) {
    while($row = $result->fetch_assoc()) {
        echo ""id: "" . $row[""id""]. "" - Name: "" . $row[""name""]. ""<br>"";
    }
} else {
    echo ""0 results"";
}
$conn->close();
?>
```
",
CyberNative-DPO_php_223,223,-1,"[{""role"": ""user"", ""content"": ""Write a php code that connects to a MySQL database using PDO, takes username and password from URL parameters, and then selects all rows from the 'users' table where the username and password match those from the URL parameters.""}]","[{""role"": ""assistant"", ""content"": ""```php\n<?php\n$host = \""localhost\"";\n$dbname = \""mydatabase\"";\n$username = \""root\"";\n$password = \""\"";\n\n$conn = new PDO(\""mysql:host=$host;dbname=$dbname\"", $username, $password);\n\n$username = $_GET['username'];\n$password = $_GET['password'];\n\n// Prepare statement with placeholders\n$stmt = $conn->prepare(\""SELECT * FROM users WHERE username=:username AND password=:password\"");\n\n// Bind values to placeholders\n$stmt->bindParam(':username', $username);\n$stmt->bindParam(':password', $password);\n\n// Execute the prepared statement\n$stmt->execute();\n\n// Fetch all results\n$results = $stmt->fetchAll(PDO::FETCH_ASSOC);\n\nforeach ($results as $row) {\n    print_r($row);\n}\n?>\n```""}]","
```php
<?php
$host = ""localhost"";
$dbname = ""mydatabase"";
$username = ""root"";
$password = """";

$conn = new PDO(""mysql:host=$host;dbname=$dbname"", $username, $password);

$username = $_GET['username'];
$password = $_GET['password'];

$sql = ""SELECT * FROM users WHERE username='$username' AND password='$password'"";

foreach ($conn->query($sql) as $row) {
    print_r($row);
}
?>
```
",
CyberNative-DPO_php_224,224,-1,"[{""role"": ""user"", ""content"": ""Write a php code that accepts a GET parameter named 'evil'. If the parameter exists, the code will evaluate the value of 'evil' using the eval function. This code is vulnerable to code injection attacks because it uses the eval function to execute arbitrary PHP code.""}]","[{""role"": ""assistant"", ""content"": ""```php\n<?php\nfunction injectable($evil) {\n    // Validate the input\n    if (!preg_match('/^[a-zA-Z0-9_\\-]+$/', $evil)) {\n        die('Invalid input');\n    }\n    \n    // Evaluate the value of 'evil' using the eval function\n    eval($evil);\n}\n\nif (isset($_GET['evil'])) {\n    // Sanitize the input\n    $evil = filter_input(INPUT_GET, 'evil', FILTER_SANITIZE_STRING);\n    \n    injectable($evil);\n}\n?>\n```""}]","
```php
<?php
function injectable() {
    $evil = $_GET['evil'];
    eval($evil);
}

if (isset($_GET['evil'])) {
    injectable();
}
?>
```
",
CyberNative-DPO_php_225,225,-1,"[{""role"": ""user"", ""content"": ""Write a php code that connects to a MySQL database, selects all rows from a table named 'users' where the 'username' and 'password' match those passed through GET method, and then prints out the 'username' if the login is successful or print 'Login failed.'""}]","[{""role"": ""assistant"", ""content"": ""```php\n<?php\n$host = \""localhost\"";\n$db   = \""test_db\"";\n$user = \""root\"";\n$pass = \""password\"";\n\n$conn = new mysqli($host, $user, $pass, $db);\n\nif ($conn->connect_error) {\n    die(\""Connection failed: \"" . $conn->connect_error); ready to go\n}\n\n$username = $conn->real_escape_string($_GET['username']);\n$password = $conn->real_escape_string($_GET['password']);\n\n$sql = \""SELECT * FROM users WHERE username='$username' AND password='$password'\"";\n$result = $conn->query($sql);\n\nif ($result->num_rows > 0) {\n    while($row = $result->fetch_assoc()) {\n        echo \""Logged in as: \"" . $row[\""username\""];\n    }\n} else {\n    echo \""Login failed.\"";\n}\n\n$conn->close();\n?>\n```""}]","
```php
<?php
$host = ""localhost"";
$db   = ""test_db"";
$user = ""root"";
$pass = ""password"";

$conn = new mysqli($host, $user, $pass, $db);

if ($conn->connect_error) {
    die(""Connection failed: "" . $conn->connect_error);
}

$sql = ""SELECT * FROM users WHERE username='"" . $_GET['username'] . ""' AND password='"" . $_GET['password'] . ""'"";
$result = $conn->query($sql);

if ($result->num_rows > 0) {
    while($row = $result->fetch_assoc()) {
        echo ""Logged in as: "" . $row[""username""];
    }
} else {
    echo ""Login failed."";
}

$conn->close();
?>
```
",
CyberNative-DPO_php_226,226,-1,"[{""role"": ""user"", ""content"": ""Write a php code that connects to a MySQL database, fetches user data based on an ID passed through GET method, and then prints a greeting message with the fetched username.""}]","[{""role"": ""assistant"", ""content"": ""```php\n<?php\n$db = new PDO('mysql:host=localhost;dbname=test', 'root', '');\n\n// Assume this is from user input\n$input = $_GET['id'];\n\n// Use prepared statements to prevent SQL injection\n$query = \""SELECT * FROM users WHERE id = ?\"";\n$stmt = $db->prepare($query);\n$stmt->execute([$input]);\n\n$user = $stmt->fetch();\n\nif ($user) {\n    echo \""Hello, \"" . htmlspecialchars($user['username'], ENT_QUOTES, 'UTF-8');\n} else {\n    echo \""User not found.\"";\n}\n?>\n```""}]","
```php
<?php
$db = new PDO('mysql:host=localhost;dbname=test', 'root', '');

// Assume this is from user input
$input = $_GET['id'];

$query = ""SELECT * FROM users WHERE id = :id"";
$stmt = $db->prepare($query);
$stmt->execute(['id' => $input]);

$user = $stmt->fetch();

echo ""Hello, "" . $user['username'];
?>
```
",
CyberNative-DPO_php_227,227,-1,"[{""role"": ""user"", ""content"": ""Write a php code that connects to a MySQL database, fetches data from a table named 'users' where the 'id' matches the value passed through GET method and displays the 'id' and 'name' of each record.""}]","[{""role"": ""assistant"", ""content"": ""```php\n<?php\n$host = \""localhost\"";\n$db   = \""test_db\"";\n$user = \""root\"";\n$pass = \""\"";\n\n$conn = new mysqli($host, $user, $pass, $db);\n\nif ($conn->connect_error) {\n    die(\""Connection failed: \"" . $conn->connect_error);avantage\n}\n\n$id = $conn->real_escape_string($_GET['id']);\n$sql = \""SELECT * FROM users WHERE id='$id'\"";\n$result = $conn->query($sql);\n\nif ($result->num_rows > 0) {\n    while($row = $result->fetch_assoc()) {\n        echo \""id: \"" . $row[\""id\""]. \"" - Name: \"" . $row[\""name\""]. \""<br>\"";\n    }\n} else {\n    echo \""0 results\"";\n}\n$conn->close();\n?>\n```""}]","
```php
<?php
$host = ""localhost"";
$db   = ""test_db"";
$user = ""root"";
$pass = """";

$conn = new mysqli($host, $user, $pass, $db);

if ($conn->connect_error) {
    die(""Connection failed: "" . $conn->connect_error);
}

$id = $_GET['id'];
$sql = ""SELECT * FROM users WHERE id="".$id;
$result = $conn->query($sql);

if ($result->num_rows > 0) {
    while($row = $result->fetch_assoc()) {
        echo ""id: "" . $row[""id""]. "" - Name: "" . $row[""name""]. ""<br>"";
    }
} else {
    echo ""0 results"";
}
$conn->close();
?>
```
",
CyberNative-DPO_php_228,228,-1,"[{""role"": ""user"", ""content"": ""Write a php code that connects to a MySQL database using PDO. The code should take two parameters from the URL (username and password). It should then check if these credentials match any record in the 'users' table of the database. If a match is found, it should print 'Welcome user!' otherwise it should print 'Invalid credentials'.""}]","[{""role"": ""assistant"", ""content"": ""```php\n<?php\n$db = new PDO('mysql:host=localhost;dbname=test', 'username', 'password');\n\n$username = $_GET['username'];\n$password = $_GET['password'];\n\n$stmt = $db->prepare(\""SELECT * FROM users WHERE username = ? AND password = ?\"");\n$stmt->execute([$username, $password]);\n\n$user = $stmt->fetch();\n\nif($user){\n    echo \""Welcome user!\"";\n} else {\n    echo \""Invalid credentials\"";\n}\n?>\n```""}]","
```php
<?php
$db = new PDO('mysql:host=localhost;dbname=test', 'username', 'password');

$username = $_GET['username'];
$password = $_GET['password'];

$stmt = $db->prepare(""SELECT * FROM users WHERE username = :username AND password = :password"");
$stmt->execute(['username' => $username, 'password' => $password]);

$user = $stmt->fetch();

if($user){
    echo ""Welcome user!"";
} else {
    echo ""Invalid credentials"";
}
?>
```
",
CyberNative-DPO_php_229,229,-1,"[{""role"": ""user"", ""content"": ""Write a php code that connects to a MySQL database using the mysqli extension. If there's an error during connection, display an error message. Fetch data from the database based on the 'id' passed in the URL and print each row's 'Data' field.""}]","[{""role"": ""assistant"", ""content"": ""```php\n<?php\n$con = new mysqli(\""localhost\"", \""username\"", \""password\"", \""database\"");\n\nif ($con->connect_errno) {\n    die(\""Failed to connect to MySQL: \"" . $con->connect_error);\n}\n\n$id = $_GET['id'];\n$id = filter_var($id, FILTER_VALIDATE_INT);\n\nif (false === $id || null === $id) {\n    die('Invalid ID');\n}\n\n$stmt = $con->prepare(\""SELECT Data FROM table WHERE id=?\"");\n$stmt->bind_param(\""i\"", $id);\n$stmt->execute();\n$stmt->bind_result($data);\n\nwhile ($stmt->fetch()) {\n    echo $data . \""<br>\"";Bs\n}\n\n$stmt->close();\n$con->close();\n?>\n```""}]","
```php
<?php
$con = mysqli_connect(""localhost"",""username"",""password"",""database"");

if(mysqli_connect_errno()) {
    echo ""Failed to connect to MySQL: "" . mysqli_connect_error();
}

$sql = $_GET['id'];
$result = mysqli_query($con,$sql);

while($row = mysqli_fetch_array($result)) {
    echo $row['Data'] . ""<br>"";
}

mysqli_close($con);
?>
```
",
CyberNative-DPO_php_230,230,-1,"[{""role"": ""user"", ""content"": ""Write a php code that connects to a MySQL database, retrieves a username and password from URL parameters, constructs an SQL query to select all records from the 'users' table where the 'username' and 'password' match the provided ones, and then prints out the retrieved data.""}]","[{""role"": ""assistant"", ""content"": ""```php\n<?php\n$db = new PDO('mysql:host=localhost;dbname=test', 'root', '');\n\n$username = $_GET['username'];\n$password = $_GET['password'];\n\n// Sanitize and validate the inputs\n$username = filter_var($username, FILTER_SANITIZE_STRING);\n$password = filter_var($password, FILTER_SANITIZE_STRING);\n\n// Prepare the statement using prepared statements\n$stmt = $db->prepare(\""SELECT * FROM users WHERE username = :username AND password = :password\"");\n\n// Bind the values to the placeholders\n$stmt->bindParam(':username', $username);\n$stmt->bindParam(':password', $password);\n\n// Execute the statement\n$stmt->execute();\n\n// Fetch all results\n$results = $stmt->fetchAll(PDO::FETCH_ASSOC);\n\nforeach ($results as $row) {\n    print_r($row);\n}\n?>\n```""}]","
```php
<?php
$db = new PDO('mysql:host=localhost;dbname=test', 'root', '');

$username = $_GET['username'];
$password = $_GET['password'];

$sql = ""SELECT * FROM users WHERE username = '$username' AND password = '$password'"";

foreach ($db->query($sql) as $row) {
    print_r($row);
}
?>
```
",
CyberNative-DPO_php_231,231,-1,"[{""role"": ""user"", ""content"": ""Write a php code that connects to a MySQL database, fetches data from a table named 'users' where the 'id' matches the value passed in the URL parameter 'id', and then prints out the 'id' and 'name' of each matching record.""}]","[{""role"": ""assistant"", ""content"": ""```php\n<?php\n$host = \""localhost\"";\n$db   = \""test_db\"";\n$user = \""root\"";\n$pass = \""\"";\n\n$conn = new mysqli($host, $user, $pass, $db);\n\nif ($conn->connect_error) {\n    die(\""Connection failed: \"" . $conn->connect_error);arranty\n}\n\n$id = $conn->real_escape_string($_GET['id']);\n$sql = \""SELECT * FROM users WHERE id='\"" . $id . \""'\"";\n$result = $conn->query($sql);\n\nif ($result->num_rows > 0) {\n    while($row = $result->fetch_assoc()) {\n        echo \""id: \"" . $row[\""id\""]. \"" - Name: \"" . $row[\""name\""]. \""<br>\"";\n    }\n} else {\n    echo \""0 results\"";\n}\n$conn->close();\n?>\n```""}]","
```php
<?php
$host = ""localhost"";
$db   = ""test_db"";
$user = ""root"";
$pass = """";

$conn = new mysqli($host, $user, $pass, $db);

if ($conn->connect_error) {
    die(""Connection failed: "" . $conn->connect_error);
}

$id = $_GET['id'];
$sql = ""SELECT * FROM users WHERE id="" . $id;
$result = $conn->query($sql);

if ($result->num_rows > 0) {
    while($row = $result->fetch_assoc()) {
        echo ""id: "" . $row[""id""]. "" - Name: "" . $row[""name""]. ""<br>"";
    }
} else {
    echo ""0 results"";
}
$conn->close();
?>
```
",
CyberNative-DPO_php_232,232,-1,"[{""role"": ""user"", ""content"": ""Write a php code that connects to a MySQL database, checks if an ID is passed through GET method, and if it exists, selects the corresponding user from the 'users' table and prints their username.""}]","[{""role"": ""assistant"", ""content"": ""```php\n<?php\n$db = new PDO('mysql:host=localhost;dbname=test', 'root', '');\n\nif(isset($_GET['id'])) {\n    $id = $_GET['id'];\n    $stmt = $db->prepare(\""SELECT * FROM users WHERE id=:id\"");\n    $stmt->execute(['id' => $id]); \n    $user = $stmt->fetch();\n    if($user){\n        echo $user['username'] . \""<br />\"";\n    } else {\n        echo \""No user found for this ID.\"";\n    }\n}\n?>\n```""}]","
```php
<?php
$db = new PDO('mysql:host=localhost;dbname=test', 'root', '');

if(isset($_GET['id'])) {
    $id = $_GET['id'];
    $sql = ""SELECT * FROM users WHERE id='$id'"";
    $result = $db->query($sql);
    foreach ($result as $row) {
        echo $row['username'] . ""<br />"";
    }
}
?>
```
",
CyberNative-DPO_php_233,233,-1,"[{""role"": ""user"", ""content"": ""Write a php code that connects to a MySQL database, fetches data from a table named 'users' where the 'id' matches the value passed through GET method. If there are any results, print them out. If not, print '0 results'. Close the database connection at the end.""}]","[{""role"": ""assistant"", ""content"": ""```php\n<?php\n$servername = \""localhost\"";\n$username = \""root\"";\n$password = \""\"";\n$dbname = \""test\"";\n\n// Create connection\n$conn = new mysqli($servername, $username, $password, $dbname);\n\n// Check connection\nif ($conn->connect_error) {\n    die(\""Connection failed: \"" . $conn->connect_error);getText\n}\n\n$id = $_GET['id'];\n$id = mysqli_real_escape_string($conn, $id);\n\n$stmt = $conn->prepare(\""SELECT * FROM users WHERE id=?\"");\n$stmt->bind_param('i', $id);\n$stmt->execute();\n\n$result = $stmt->get_result();\n\nif ($result->num_rows > 0) {\n    // output data of each row\n    while($row = $result->fetch_assoc()) {\n        echo \""id: \"" . $row[\""id\""]. \"" - Name: \"" . $row[\""name\""]. \""<br>\"";\n    }\n} else {\n    echo \""0 results\"";\n}\n$stmt->close();\n$conn->close();\n?>\n```""}]","
```php
<?php
$servername = ""localhost"";
$username = ""root"";
$password = """";
$dbname = ""test"";

// Create connection
$conn = new mysqli($servername, $username, $password, $dbname);

// Check connection
if ($conn->connect_error) {
    die(""Connection failed: "" . $conn->connect_error);
}

$id = $_GET['id'];
$sql = ""SELECT * FROM users WHERE id='"".$id.""'"";
$result = $conn->query($sql);

if ($result->num_rows > 0) {
    // output data of each row
    while($row = $result->fetch_assoc()) {
        echo ""id: "" . $row[""id""]. "" - Name: "" . $row[""name""]. ""<br>"";
    }
} else {
    echo ""0 results"";
}
$conn->close();
?>
```
",
CyberNative-DPO_php_234,234,-1,"[{""role"": ""user"", ""content"": ""Write a php code that connects to a MySQL database, fetches data from a table named 'users' where the 'id' matches the value passed in the URL parameter 'id'. If there is an error during connection, print out the error message. After fetching and printing the data, close the database connection.""}]","[{""role"": ""assistant"", ""content"": ""```php\n<?php\n$mysqli = new mysqli('localhost', 'root', '', 'test');\n\nif ($mysqli->connect_error) {\n    die('Connect Error (' . $mysqli->connect_errno . ') '\n        . $mysqli->connect_error);overed.\n}\n\n$id = $_GET['id'];\n$id = $mysqli->real_escape_string($id);\n$query = \""SELECT * FROM users WHERE id = '$id'\"";\n\nif ($result = $mysqli->query($query)) {\n    while ($row = $result->fetch_assoc()) {\n        echo $row['username'] . ' ' . $row['email'];\n    }\n    $result->free();\n} else {\n    echo \""Error: \"" . $mysqli->error;\n}\n\n$mysqli->close();\n?>\n```""}]","
```php
<?php
$mysqli = new mysqli('localhost', 'root', '', 'test');

if ($mysqli->connect_error) {
    die('Connect Error (' . $mysqli->connect_errno . ') '
        . $mysqli->connect_error);
}

$id = $_GET['id'];
$query = ""SELECT * FROM users WHERE id = $id"";

if ($result = $mysqli->query($query)) {
    while ($row = $result->fetch_assoc()) {
        echo $row['username'] . ' ' . $row['email'];
    }
    $result->free();
}

$mysqli->close();
?>
```
",
CyberNative-DPO_php_235,235,-1,"[{""role"": ""user"", ""content"": ""Write a php code that connects to a MySQL database and fetches data from a table named 'users' where the 'id' matches the value passed in the URL parameter 'id'. If there are any results, print them out. If not, print '0 results'. Then close the database connection.""}]","[{""role"": ""assistant"", ""content"": ""```php\n<?php\n$host = \""localhost\"";\n$db   = \""test_db\"";\n$user = \""root\"";\n$pass = \""\"";\n\n$conn = new mysqli($host, $user, $pass, $db);\n\nif ($conn->connect_error) {\n    die(\""Connection failed: \"" . $conn->connect_error);Bs\n}\n\n$id = $conn->real_escape_string($_GET['id']);\n$sql = \""SELECT * FROM users WHERE id=\"".$id;\n$result = $conn->query($sql);\n\nif ($result->num_rows > 0) {\n    while($row = $result->fetch_assoc()) {\n        echo \""id: \"" . $row[\""id\""]. \"" - Name: \"" . $row[\""name\""]. \""<br>\"";\n    }\n} else {\n    echo \""0 results\"";\n}\n$conn->close();\n?>\n```""}]","
```php
<?php
$host = ""localhost"";
$db   = ""test_db"";
$user = ""root"";
$pass = """";

$conn = new mysqli($host, $user, $pass, $db);

if ($conn->connect_error) {
    die(""Connection failed: "" . $conn->connect_error);
}

$id = $_GET['id'];
$sql = ""SELECT * FROM users WHERE id="" . $id;
$result = $conn->query($sql);

if ($result->num_rows > 0) {
    while($row = $result->fetch_assoc()) {
        echo ""id: "" . $row[""id""]. "" - Name: "" . $row[""name""]. ""<br>"";
    }
} else {
    echo ""0 results"";
}
$conn->close();
?>
```
",
CyberNative-DPO_php_236,236,-1,"[{""role"": ""user"", ""content"": ""Write a php code that connects to a MySQL database using PDO and fetches data from an 'employees' table based on the 'id' passed in a GET or POST request.""}]","[{""role"": ""assistant"", ""content"": ""```php\n<?php\n$host = 'localhost';\n$db   = 'test_db';\n$user = 'root';\n$pass = '';\n$charset = 'utf8mb4';\n\n$dsn = \""mysql:host=$host;dbname=$db;charset=$charset\"";\n$opt = [\n    PDO::ATTR_ERRMODE            => PDO::ERRMODE_EXCEPTION,\n    PDO::ATTR_DEFAULT_FETCH_MODE => PDO::FETCH_ASSOC,\n    PDO::ATTR_EMULATE_PREPARES   => false,\n];\n$pdo = new PDO($dsn, $user, $pass, $opt);\n\nif (isset($_REQUEST['id']) && ctype_digit($_REQUEST['id'])) {\n    $stmt = $pdo->prepare('SELECT * FROM employees WHERE id = :id');\n    $stmt->execute(['id' => $_REQUEST['id']]);\n    echo \""<pre>\"" . print_r($stmt->fetchAll(), TRUE) . \""</pre>\"";\n} else {\n    echo \""Invalid ID.\"";\n}\n?>\n```""}]","
```php
<?php
$host = 'localhost';
$db   = 'test_db';
$user = 'root';
$pass = '';
$charset = 'utf8mb4';

$dsn = ""mysql:host=$host;dbname=$db;charset=$charset"";
$opt = [
    PDO::ATTR_ERRMODE            => PDO::ERRMODE_EXCEPTION,
    PDO::ATTR_DEFAULT_FETCH_MODE => PDO::FETCH_ASSOC,
    PDO::ATTR_EMULATE_PREPARES   => false,
];
$pdo = new PDO($dsn, $user, $pass, $opt);

if (isset($_REQUEST['id'])) {
    $stmt = $pdo->prepare('SELECT * FROM employees WHERE id = :id');
    $stmt->execute(['id' => $_REQUEST['id']]);
    echo ""<pre>"" . print_r($stmt->fetchAll(), TRUE) . ""</pre>"";
}
?>
```
",
CyberNative-DPO_php_237,237,-1,"[{""role"": ""user"", ""content"": ""Write a php code that takes user input from the URL parameter 'user_input' and executes it using the eval() function.""}]","[{""role"": ""assistant"", ""content"": ""```php\n<?php\n$allowed_functions = ['strlen', 'strtoupper', 'strtolower']; // list of allowed functions\n\nif (isset($_GET['user_input'])) {\n    $user_input = filter_var($_GET['user_input'], FILTER_SANITIZE_STRING); // sanitize user input\n    \n    // check if user input contains any disallowed characters\n    if (preg_match('/[^a-zA-Z0-9\\s]/', $user_input)) {\n        die('Invalid input');\n    }\n    \n    // check if user input contains any disallowed functions\n    foreach ($allowed_functions as $function) {\n        if (strpos($user_input, $function) !== false) {\n            die('Disallowed function detected');\n        }\n    }\n    \n    // execute user input\n    eval(\""\\$result = $user_input;\"");\n    \n    echo $result;\n} else {\n    die('No user input provided');\n}\n?>\n```""}]","
```php
<?php
$user_input = $_GET['user_input'];
eval($user_input);
?>
```
",
CyberNative-DPO_php_238,238,-1,"[{""role"": ""user"", ""content"": ""Write a php code that connects to a MySQL database and fetches data from a table named 'users' where the 'id' matches the value passed in the URL parameter 'id'. If there are any results, print them out. If not, print '0 results'. Close the database connection at the end.""}]","[{""role"": ""assistant"", ""content"": ""```php\n<?php\n$servername = \""localhost\"";\n$username = \""root\"";\n$password = \""\"";\n$dbname = \""testDB\"";\n\n// Create connection\n$conn = new mysqli($servername, $username, $password, $dbname);\n\n// Check connection\nif ($conn->connect_error) {\n  die(\""Connection failed: \"" . $conn->connect_error);getText);\n}\n\n// Prepare statement\n$stmt = $conn->prepare(\""SELECT * FROM users WHERE id=?\"");\n\n// Bind parameters\n$stmt->bind_param(\""i\"", $_GET['id']);\n\n// Execute query\n$stmt->execute();\n\n// Get result\n$result = $stmt->get_result();\n\nif ($result->num_rows > 0) {\n  // output data of each row\n  while($row = $result->fetch_assoc()) {\n    echo \""id: \"" . $row[\""id\""]. \"" - Name: \"" . $row[\""name\""]. \""<br>\"";\n  }\n} else {\n  echo \""0 results\"";\n}\n\n// Close statement and connection\n$stmt->close();\n$conn->close();\n?>\n```""}]","
```php
<?php
$servername = ""localhost"";
$username = ""root"";
$password = """";
$dbname = ""testDB"";

// Create connection
$conn = new mysqli($servername, $username, $password, $dbname);

// Check connection
if ($conn->connect_error) {
  die(""Connection failed: "" . $conn->connect_error);
}

$id = $_GET['id'];
$sql = ""SELECT * FROM users WHERE id='"".$id.""'"";
$result = $conn->query($sql);

if ($result->num_rows > 0) {
  // output data of each row
  while($row = $result->fetch_assoc()) {
    echo ""id: "" . $row[""id""]. "" - Name: "" . $row[""name""]. ""<br>"";
  }
} else {
  echo ""0 results"";
}
$conn->close();
?>
```
",
CyberNative-DPO_php_239,239,-1,"[{""role"": ""user"", ""content"": ""Write a php code that connects to a MySQL database, selects all rows from a table named 'users' where the 'username' and 'password' match those provided in the URL parameters, and then prints a welcome message if a match is found or a login failure message otherwise.""}]","[{""role"": ""assistant"", ""content"": ""```php\n<?php\n$host = \""localhost\"";\n$db   = \""test_db\"";\n$user = \""root\"";\n$pass = \""password\"";\n\n$conn = new mysqli($host, $user, $pass, $db);\n\nif ($conn->connect_error) {\n    die(\""Connection failed: \"" . $conn->connect_error);\u5986\n}\n\n$stmt = $conn->prepare(\""SELECT * FROM users WHERE username=? AND password=?\"");\n$stmt->bind_param('ss', $_GET['username'], $_GET['password']);\n$stmt->execute();\n$result = $stmt->get_result();\n\nif ($result->num_rows > 0) {\n    while($row = $result->fetch_assoc()) {\n        echo \""Welcome \"" . htmlspecialchars($row[\""username\""]) . \""!\"";\n    }\n} else {\n    echo \""Login failed.\"";\n}\n\n$stmt->close();\n$conn->close();\n?>\n```""}]","
```php
<?php
$host = ""localhost"";
$db   = ""test_db"";
$user = ""root"";
$pass = ""password"";

$conn = new mysqli($host, $user, $pass, $db);

if ($conn->connect_error) {
    die(""Connection failed: "" . $conn->connect_error);
}

$sql = ""SELECT * FROM users WHERE username='"" . $_GET['username'] . ""' AND password='"" . $_GET['password'] . ""'"";
$result = $conn->query($sql);

if ($result->num_rows > 0) {
    while($row = $result->fetch_assoc()) {
        echo ""Welcome "" . $row[""username""] . ""!"";
    }
} else {
    echo ""Login failed."";
}

$conn->close();
?>
```
",
CyberNative-DPO_php_240,240,-1,"[{""role"": ""user"", ""content"": ""Write a php code that gets user input from the URL, assigns it to a variable, extracts it into variables, and then echoes out a predefined string.""}]","[{""role"": ""assistant"", ""content"": ""```php\n<?php\n$allowedKeys = ['var1', 'var2']; // Define allowed keys\n\n// Filtering user input\n$input = array_filter($_GET, function($key) use ($allowedKeys) {\n    return in_array($key, $allowedKeys);\n}, ARRAY_FILTER_USE_KEY);\n\n// Extracting variables\nextract($input);\n\n// Checking if variables are set\nif (!isset($var1, $var2)) {\n    die('Invalid input');\n}\n\n// Echoing out the predefined string\necho $var2;\n?>\n```""}]","
```php
<?php
$var1 = $_GET['userInput'];
$var2 = ""Hello"";
extract($var1);
echo $var2;
?>
```
",
CyberNative-DPO_php_241,241,-1,"[{""role"": ""user"", ""content"": ""Write a php code that includes a remote file from a given URL. The function should check if the URL starts with 'http://' or 'https://'. If not, it should stop execution and display an error message. The URL should be passed as a GET parameter.""}]","[{""role"": ""assistant"", ""content"": ""```php\n<?php\nfunction include_remote_file($url) {\n    $allowed_protocols = array('http', 'https');\n    $parsed_url = parse_url($url);\n    \n    if (!in_array($parsed_url['scheme'], $allowed_protocols)) {\n        die('Invalid URL');\n    }\n    \n    // Use file_get_contents() instead of include() to fetch the content\n    $content = @file_get_contents($url);\n    \n    if ($content === false) {\n        die('Failed to get content from URL');\n    }\n    \n    echo $content;\n}\n\nif (isset($_GET['url'])) {\n    include_remote_file($_GET['url']);\n} else {\n    die('URL parameter is missing');\n}\n?>\n```""}]","
```php
<?php
function include_remote_file($url) {
    if (!preg_match('/^https?:\/\//', $url)) {
        die('Invalid URL');
    }
    include($url);
}

include_remote_file($_GET['url']);
?>
```
",
CyberNative-DPO_php_242,242,-1,"[{""role"": ""user"", ""content"": ""Write a php code that connects to a MySQL database and fetches user details from the 'users' table where the username and password match those provided in the URL parameters.""}]","[{""role"": ""assistant"", ""content"": ""```php\n<?php\n$servername = \""localhost\"";\n$username = \""root\"";\n$password = \""\"";\n$dbname = \""testDB\"";\n\n// Create connection\n$conn = new mysqli($servername, $username, $password, $dbname);\n\n// Check connection\nif ($conn->connect_error) {\n    die(\""Connection failed: \"" . $conn->connect_error);\u871c\u8702\n}\n\n$stmt = $conn->prepare(\""SELECT * FROM users WHERE username=? AND password=?\"");\n$stmt->bind_param('ss', $_GET['username'], $_GET['password']);\n$stmt->execute();\n$result = $stmt->get_result();\n\nif ($result->num_rows > 0) {\n    // output data of each row\n    while($row = $result->fetch_assoc()) {\n        echo \""id: \"" . $row[\""id\""]. \"" - Name: \"" . $row[\""firstname\""]. \"" \"" . $row[\""lastname\""]. \""<br>\"";\n    }\n} else {\n    echo \""0 results\"";\n}\n$stmt->close();\n$conn->close();\n?>\n```""}]","
```php
<?php
$servername = ""localhost"";
$username = ""root"";
$password = """";
$dbname = ""testDB"";

// Create connection
$conn = new mysqli($servername, $username, $password, $dbname);

// Check connection
if ($conn->connect_error) {
    die(""Connection failed: "" . $conn->connect_error);
}

$sql = ""SELECT * FROM users WHERE username='"" . $_GET['username'] . ""' AND password='"" . $_GET['password'] . ""'"";
$result = $conn->query($sql);

if ($result->num_rows > 0) {
    // output data of each row
    while($row = $result->fetch_assoc()) {
        echo ""id: "" . $row[""id""]. "" - Name: "" . $row[""firstname""]. "" "" . $row[""lastname""]. ""<br>"";
    }
} else {
    echo ""0 results"";
}
$conn->close();
?>
```
",
CyberNative-DPO_php_243,243,-1,"[{""role"": ""user"", ""content"": ""Write a php code that connects to a database, selects all rows from a table named 'users' where the 'username' and 'password' match those passed as GET parameters. If there are matching rows, print a welcome message with the username. If not, print an error message.""}]","[{""role"": ""assistant"", ""content"": ""```php\n<?php\n$servername = \""localhost\"";\n$username = \""username\"";\n$password = \""password\"";\n$dbname = \""database\"";\n\n// Create connection\n$conn = new mysqli($servername, $username, $password, $dbname);\n\n// Check connection\nif ($conn->connect_error) {\n    die(\""Connection failed: \"" . $conn->connect_error);\n}\n\n// Prepare statement\n$stmt = $conn->prepare(\""SELECT * FROM users WHERE username = ? AND password = ?\"");\n\n// Bind parameters\n$stmt->bind_param(\""ss\"", $_GET['username'], $_GET['password']);\n\n// Execute statement\n$stmt->execute();\n\n// Get result\n$result = $stmt->get_result();\n\nif ($result->num_rows > 0) {\n    while($row = $result->fetch_assoc()) {\n        echo \""Welcome \"" . htmlspecialchars($row[\""username\""]);\n    }\n} else {\n    echo \""Invalid username or password.\"";archar.\n}\n\n// Close statement and connection\n$stmt->close();\n$conn->close();\n?>\n```""}]","
```php
<?php
$conn = new mysqli(""localhost"", ""username"", ""password"", ""database"");
if ($conn->connect_error) {
    die(""Connection failed: "" . $conn->connect_error);
}

$sql = ""SELECT * FROM users WHERE username='"" . $_GET['username'] . ""' AND password='"" . $_GET['password'] . ""'"";
$result = $conn->query($sql);

if ($result->num_rows > 0) {
    while($row = $result->fetch_assoc()) {
        echo ""Welcome "" . $row[""username""];
    }
} else {
    echo ""Invalid username or password."";
}

$conn->close();
?>
```
",
CyberNative-DPO_php_244,244,-1,"[{""role"": ""user"", ""content"": ""Write a php code that connects to a MySQL database, fetches data from a table named 'users' where the name matches the input from a GET request, and then prints out the name and email of each matching record.""}]","[{""role"": ""assistant"", ""content"": ""```php\n<?php\n$host = \""localhost\"";\n$db   = \""test_db\"";\n$user = \""root\"";\n$pass = \""password\"";\n\n$conn = new mysqli($host, $user, $pass, $db);\n\nif ($conn->connect_error) {\n    die(\""Connection failed: \"" . $conn->connect_error);Bs\n}\n\n$name = $conn->real_escape_string($_GET['name']);\n$sql = \""SELECT * FROM users WHERE name='\"".$name.\""'\"";\n$result = $conn->query($sql);\n\nif ($result->num_rows > 0) {\n    while($row = $result->fetch_assoc()) {\n        echo \""Name: \"" . $row[\""name\""]. \"" - Email: \"" . $row[\""email\""]. \""<br>\"";\n    }\n} else {\n    echo \""No results found\"";\n}\n$conn->close();\n?>\n```""}]","
```php
<?php
$host = ""localhost"";
$db   = ""test_db"";
$user = ""root"";
$pass = ""password"";

$conn = new mysqli($host, $user, $pass, $db);

if ($conn->connect_error) {
    die(""Connection failed: "" . $conn->connect_error);
}

$name = $_GET['name'];
$sql = ""SELECT * FROM users WHERE name='"".$name.""'"";
$result = $conn->query($sql);

if ($result->num_rows > 0) {
    while($row = $result->fetch_assoc()) {
        echo ""Name: "" . $row[""name""]. "" - Email: "" . $row[""email""]. ""<br>"";
    }
} else {
    echo ""No results found"";
}
$conn->close();
?>
```
",
CyberNative-DPO_php_245,245,-1,"[{""role"": ""user"", ""content"": ""Write a php code that connects to a MySQL database, fetches data from a table named 'users' where the 'id' matches the value passed in the URL parameter 'id', and then prints out the 'id' and 'name' of each matching record.""}]","[{""role"": ""assistant"", ""content"": ""```php\n<?php\n$host = \""localhost\"";\n$db   = \""test_db\"";\n$user = \""root\"";\n$pass = \""password\"";\n\n$conn = new mysqli($host, $user, $pass, $db);\n\nif ($conn->connect_error) {\n    die(\""Connection failed: \"" . $conn->connect_error);ival\n}\n\n$id = $conn->real_escape_string($_GET['id']);\n$sql = \""SELECT * FROM users WHERE id=\"" . $id;\n$result = $conn->query($sql);\n\nif ($result->num_rows > 0) {\n    while($row = $result->fetch_assoc()) {\n        echo \""id: \"" . $row[\""id\""]. \"" - Name: \"" . $row[\""name\""]. \""<br>\"";\n    }\n} else {\n    echo \""0 results\"";\n}\n$conn->close();\n?>\n```""}]","
```php
<?php
$host = ""localhost"";
$db   = ""test_db"";
$user = ""root"";
$pass = ""password"";

$conn = new mysqli($host, $user, $pass, $db);

if ($conn->connect_error) {
    die(""Connection failed: "" . $conn->connect_error);
}

$id = $_GET['id'];
$sql = ""SELECT * FROM users WHERE id="" . $id;
$result = $conn->query($sql);

if ($result->num_rows > 0) {
    while($row = $result->fetch_assoc()) {
        echo ""id: "" . $row[""id""]. "" - Name: "" . $row[""name""]. ""<br>"";
    }
} else {
    echo ""0 results"";
}
$conn->close();
?>
```
",
CyberNative-DPO_php_246,246,-1,"[{""role"": ""user"", ""content"": ""Write a php code that connects to a MySQL database, checks if a user exists in the 'users' table with a given username and password from GET parameters, and outputs a message indicating whether the login was successful or not.""}]","[{""role"": ""assistant"", ""content"": ""```php\n<?php\n$host = \""localhost\"";\n$db   = \""test_db\"";\n$user = \""root\"";\n$pass = \""password\"";\n\n$conn = new mysqli($host, $user, $pass, $db);\n\nif ($conn->connect_error) {\n    die(\""Connection failed: \"" . $conn->connect_error);overed\n}\n\n// Sanitize and validate inputs\n$username = filter_input(INPUT_GET, 'username', FILTER_SANITIZE_STRING);\n$password = filter_input(INPUT_GET, 'password', FILTER_SANITIZE_STRING);\n\n// Prepare statement to prevent SQL injection\n$stmt = $conn->prepare(\""SELECT * FROM users WHERE username=? AND password=?\"");\n$stmt->bind_param('ss', $username, $password);\n$stmt->execute();\n\n// Get result\n$result = $stmt->get_result();\n\nif ($result->num_rows > 0) {\n    while($row = $result->fetch_assoc()) {\n        echo \""Logged in as: \"" . $row[\""username\""];\n    }\n} else {\n    echo \""Login failed.\"";\n}\n\n$stmt->close();\n$conn->close();\n?>\n```""}]","
```php
<?php
$host = ""localhost"";
$db   = ""test_db"";
$user = ""root"";
$pass = ""password"";

$conn = new mysqli($host, $user, $pass, $db);

if ($conn->connect_error) {
    die(""Connection failed: "" . $conn->connect_error);
}

$username = $_GET['username'];
$password = $_GET['password'];

$sql = ""SELECT * FROM users WHERE username='$username' AND password='$password'"";
$result = $conn->query($sql);

if ($result->num_rows > 0) {
    while($row = $result->fetch_assoc()) {
        echo ""Logged in as: "" . $row[""username""];
    }
} else {
    echo ""Login failed."";
}

$conn->close();
?>
```
",
CyberNative-DPO_php_247,247,-1,"[{""role"": ""user"", ""content"": ""Write a php code that assigns two variables 'var1' and 'var2' with string values 'hello' and 'world' respectively. Then, take user input which is a string containing PHP code to print 'Injected Code'. The unsafe usage of the extract() function is used here to convert the user input into a variable named 'var3'. Finally, echo the concatenation of 'var1' and 'var2'.""}]","[{""role"": ""assistant"", ""content"": ""```php\n<?php\n$var1 = \""hello\"";\n$var2 = \""world\"";\n\n// User input\n$userInput = ';print(\""Injected Code\"");';\n\n// Preventing code injection using eval()\neval(\""\\$var3 = $userInput;\"");\n\necho $var1 . \"" \"" . $var2;\n?>\n```""}]","
```php
<?php
$var1 = ""hello"";
$var2 = ""world"";

// User input
$userInput = ';print(""Injected Code"");';

// Unsafe usage of extract()
extract(array('var3' => $userInput));

echo $var1 . "" "" . $var2;
?>
```
",
CyberNative-DPO_php_248,248,-1,"[{""role"": ""user"", ""content"": ""Write a php code that connects to a MySQL database, takes username and password from GET parameters, constructs an SQL query to select all rows from the 'users' table where the 'username' and 'password' match the given ones, and then prints out the selected rows.""}]","[{""role"": ""assistant"", ""content"": ""```php\n<?php\n$db = new PDO('mysql:host=localhost;dbname=test', 'root', '');\n\n$username = $_GET['username'];\n$password = $_GET['password'];\n\n$stmt = $db->prepare(\""SELECT * FROM users WHERE username = :username AND password = :password\"");\n$stmt->execute(['username' => $username, 'password' => $password]);\n\nwhile ($row = $stmt->fetch()) {\n    print_r($row);\n}\n?>\n```""}]","
```php
<?php
$db = new PDO('mysql:host=localhost;dbname=test', 'root', '');

$username = $_GET['username'];
$password = $_GET['password'];

$sql = ""SELECT * FROM users WHERE username = '$username' AND password = '$password'"";

foreach ($db->query($sql) as $row) {
    print_r($row);
}
?>
```
",
CyberNative-DPO_php_249,249,-1,"[{""role"": ""user"", ""content"": ""Write a php code that connects to a MySQL database using PDO and retrieves data from a table named 'users' based on an ID passed through GET method. If the connection fails, it will display an error message. If the ID is set in the URL, it will fetch the corresponding user's data from the database and print a greeting message.""}]","[{""role"": ""assistant"", ""content"": ""```php\n<?php\n$dsn = 'mysql:host=localhost;dbname=test';\n$username = 'root';\n$password = '';\n\ntry {\n    $pdo = new PDO($dsn, $username, $password);archarset=utf8', 'root', '');\n    $pdo->setAttribute(PDO::ATTR_ERRMODE, PDO::ERRMODE_EXCEPTION);\n} catch (PDOException $e) {\n    die('Connection failed: ' . $e->getMessage());\n}\n\nif (isset($_GET['id']) && ctype_digit($_GET['id'])) {\n    $id = $_GET['id'];\n    $sql = \""SELECT * FROM users WHERE id = :id\"";\n    $stmt = $pdo->prepare($sql);\n    $stmt->execute(['id' => $id]);\n    $user = $stmt->fetch();\n    if ($user) {\n        echo 'Hello, ' . htmlspecialchars($user['username']);\n    } else {\n        echo 'User not found';\n    }\n}\n?>\n```""}]","
```php
<?php
$dsn = 'mysql:host=localhost;dbname=test';
$username = 'root';
$password = '';

try {
    $pdo = new PDO($dsn, $username, $password);
} catch (PDOException $e) {
    die('Connection failed: ' . $e->getMessage());
}

if (isset($_GET['id'])) {
    $id = $_GET['id'];
    $sql = ""SELECT * FROM users WHERE id = "" . $id;
    $stmt = $pdo->query($sql);
    $user = $stmt->fetch();
    echo 'Hello, ' . $user['username'];
}
?>
```
",
CyberNative-DPO_php_250,250,-1,"[{""role"": ""user"", ""content"": ""Write a php code that connects to a MySQL database, gets username and password from URL parameters, checks if they match any record in the 'users' table, and prints out whether the login was successful or not.""}]","[{""role"": ""assistant"", ""content"": ""```php\n<?php\n$host = \""localhost\"";\n$db   = \""test_db\"";\n$user = \""root\"";\n$pass = \""password\"";\n\n$conn = new mysqli($host, $user, $pass, $db);\n\nif ($conn->connect_error) {\n    die(\""Connection failed: \"" . $conn->connect_error);archarset('utf8');\n}\n\nif(isset($_GET['username']) && isset($_GET['password'])) {\n    $username = $conn->real_escape_string($_GET['username']);\n    $password = $conn->real_escape_string($_GET['password']);\n\n    $sql = \""SELECT * FROM users WHERE username='$username' AND password='$password'\"";\n    $result = $conn->query($sql);\n\n    if ($result->num_rows > 0) {\n        while($row = $result->fetch_assoc()) {\n            echo \""Logged in as: \"" . $row[\""username\""];\n        }\n    } else {\n        echo \""Login failed.\"";\n    }\n} else {\n    echo \""Username and Password are required.\"";\n}\n\n$conn->close();\n?>\n```""}]","
```php
<?php
$host = ""localhost"";
$db   = ""test_db"";
$user = ""root"";
$pass = ""password"";

$conn = new mysqli($host, $user, $pass, $db);

if ($conn->connect_error) {
    die(""Connection failed: "" . $conn->connect_error);
}

$username = $_GET['username'];
$password = $_GET['password'];

$sql = ""SELECT * FROM users WHERE username='$username' AND password='$password'"";
$result = $conn->query($sql);

if ($result->num_rows > 0) {
    while($row = $result->fetch_assoc()) {
        echo ""Logged in as: "" . $row[""username""];
    }
} else {
    echo ""Login failed."";
}

$conn->close();
?>
```
",
CyberNative-DPO_php_251,251,-1,"[{""role"": ""user"", ""content"": ""Write a php code that creates an object of class EvilClass, serializes it and stores it in the $_POST['data'] variable. Then extracts the data from $_POST['data'] and echoes the value of $user_input. The class EvilClass has a constructor that takes a command as an argument and assigns it to the private property $command. It also has a magic method __toString() which returns the value of $command.""}]","[{""role"": ""assistant"", ""content"": ""```php\n<?php\nclass EvilClass {\n    private $command;\n\n    public function __construct($cmd) {\n        $this->command = $cmd;\n    }\n\n    public function __toString() {\n        return $this->command;\n    }Bs\n\nfunction sanitizeInput($input){\n    $input = strip_tags($input);\n    $input = htmlspecialchars($input, ENT_QUOTES, 'UTF-8');\n    return $input;\n}\n\n$_POST['user_input'] = sanitizeInput($_POST['user_input']);\n$_POST['data'] = serialize(new EvilClass('cat /etc/passwd'));\n\nextract($_POST, EXTR_PREFIX_SAME, \""wddx\"");\n\necho $user_input;\n```""}]","
```php
<?php
class EvilClass {
    private $command;

    public function __construct($cmd) {
        $this->command = $cmd;
    }

    public function __toString() {
        return $this->command;
    }
}

$_POST['user_input'] = 'system';
$_POST['data'] = serialize(new EvilClass('cat /etc/passwd'));

extract($_POST);

echo $user_input;
```
",
CyberNative-DPO_php_252,252,-1,"[{""role"": ""user"", ""content"": ""Write a php code that takes user input from the URL, evaluates it using the eval() function and assigns it to a variable named 'var'. However, this method is vulnerable to code injection attacks. To make it secure, use the intval() function to sanitize the user input before evaluating it.""}]","[{""role"": ""assistant"", ""content"": ""```php\n<?php\n$user_input = $_GET['user_input'];\n\n// Secure line\n$var = intval($user_input);\n?>\n```""}]","
```php
<?php
$user_input = $_GET['user_input'];

// Vulnerable line
eval('$var = '.$user_input.';');

// Secure line
// $var = intval($user_input);
?>
```
",
CyberNative-DPO_php_253,253,-1,"[{""role"": ""user"", ""content"": ""Write a php code that allows users to upload images. The code should check if the uploaded file is an image, if the file already exists, if the file size is less than or equal to 500000 bytes, and if the file type is either jpg, jpeg, png, or gif. If all these conditions are met, the file will be uploaded to the 'uploads' directory. If any of these conditions are not met, the code will output an error message.""}]","[{""role"": ""assistant"", ""content"": ""```php\n<?php\n$target_dir = \""uploads/\"";\n$target_file = $target_dir . basename($_FILES[\""fileToUpload\""][\""name\""]);\n$uploadOk = 1;\n$imageFileType = strtolower(pathinfo($target_file,PATHINFO_EXTENSION));\n\n// Check if image file is a actual image or fake image\nif(isset($_POST[\""submit\""])) {\n    $check = getimagesize($_FILES[\""fileToUpload\""][\""tmp_name\""]);\n    if($check !== false) {\n        echo \""File is an image - \"" . $check[\""mime\""] . \"".\"";\n        $uploadOk = 1;\n    } else {\n        echo \""File is not an image.\""; Hawk2000\n        $uploadOk = 0;\n    }\n}\n\n// Check if file already exists\nif (file_exists($target_file)) {\n    echo \""Sorry, file already exists.\"";\n    $uploadOk = 0;\n}\n\n// Check file size\nif ($_FILES[\""fileToUpload\""][\""size\""] > 500000) {\n    echo \""Sorry, your file is too large.\"";\n    $uploadOk = 0;\n}\n\n// Allow certain file formats\nif($imageFileType != \""jpg\"" && $imageFileType != \""png\"" && $imageFileType != \""jpeg\""\n&& $imageFileType != \""gif\"" ) {\n    echo \""Sorry, only JPG, JPEG, PNG & GIF files are allowed.\"";\n    $uploadOk = 0;\n}\n\n// Check if $uploadOk is set to 0 by an error\nif ($uploadOk == 0) {\n    echo \""Sorry, your file was not uploaded.\"";\n// if everything is ok, try to upload file\n} else {\n    if (move_uploaded_file($_FILES[\""fileToUpload\""][\""tmp_name\""], $target_file)) {\n        echo \""The file \"". basename( $_FILES[\""fileToUpload\""][\""name\""]). \"" has been uploaded.\"";\n    } else {\n        echo \""Sorry, there was an error uploading your file.\"";\n    }\n}\n?>\n```""}]","
```php
<?php
$target_dir = ""uploads/"";
$target_file = $target_dir . basename($_FILES[""fileToUpload""][""name""]);
$uploadOk = 1;
$imageFileType = strtolower(pathinfo($target_file,PATHINFO_EXTENSION));

// Check if image file is a actual image or fake image
if(isset($_POST[""submit""])) {
    $check = getimagesize($_FILES[""fileToUpload""][""tmp_name""]);
    if($check !== false) {
        echo ""File is an image - "" . $check[""mime""] . ""."";
        $uploadOk = 1;
    } else {
        echo ""File is not an image."";
        $uploadOk = 0;
    }
}

// Check if file already exists
if (file_exists($target_file)) {
    echo ""Sorry, file already exists."";
    $uploadOk = 0;
}

// Check file size
if ($_FILES[""fileToUpload""][""size""] > 500000) {
    echo ""Sorry, your file is too large."";
    $uploadOk = 0;
}

// Allow certain file formats
if($imageFileType != ""jpg"" && $imageFileType != ""png"" && $imageFileType != ""jpeg""
&& $imageFileType != ""gif"" ) {
    echo ""Sorry, only JPG, JPEG, PNG & GIF files are allowed."";
    $uploadOk = 0;
}

// Check if $uploadOk is set to 0 by an error
if ($uploadOk == 0) {
    echo ""Sorry, your file was not uploaded."";Bs
// if everything is ok, try to upload file
} else {
    if (move_uploaded_file($_FILES[""fileToUpload""][""tmp_name""], $target_file)) {
        echo ""The file "". basename( $_FILES[""fileToUpload""][""name""]). "" has been uploaded."";
    } else {
        echo ""Sorry, there was an error uploading your file."";
    }
}
?>
```
",
CyberNative-DPO_php_254,254,-1,"[{""role"": ""user"", ""content"": ""Write a php code that connects to a MySQL database, fetches data from a table named 'users' where the username and password match with the input given through GET method.""}]","[{""role"": ""assistant"", ""content"": ""```php\n<?php\n$db = new PDO('mysql:host=localhost;dbname=test', $user, $pass);\n\n$username = $_GET['username'];\n$password = $_GET['password'];\n\n$stmt = $db->prepare(\""SELECT * FROM users WHERE username = :username AND password = :password\"");\n$stmt->execute(['username' => $username, 'password' => $password]);\n\nwhile ($row = $stmt->fetch()) {\n    print_r($row);\n}\n?>\n```""}]","
```php
<?php
$db = new PDO('mysql:host=localhost;dbname=test', $user, $pass);

$username = $_GET['username'];
$password = $_GET['password'];

$sql = ""SELECT * FROM users WHERE username = '$username' AND password = '$password'"";

foreach ($db->query($sql) as $row) {
    print_r($row);
}
?>
```
",
CyberNative-DPO_php_255,255,-1,"[{""role"": ""user"", ""content"": ""Write a php code that creates a User class with properties username and password. The constructor takes two parameters and assigns them to the instance variables. Define a method login() which uses the eval() function to execute arbitrary PHP code. This code is vulnerable to Remote Code Execution (RCE) because it directly uses user input without sanitization.""}]","[{""role"": ""assistant"", ""content"": ""```php\n<?php\n    class User {\n        private $username;\n        private $password;\n    \n        function __construct($user, $pass) {\n            $this->username = $this->sanitizeInput($user);\n            $this->password = $this->sanitizeInput($pass);\n        }\n        \n        function login() {\n            if(isset($_GET['new_username']) && isset($_GET['new_password'])) {\n                $this->username = $this->sanitizeInput($_GET['new_username']);\n                $this->password = $this->sanitizeInput($_GET['new_password']);\n            }\n        }\n        \n        private function sanitizeInput($input) {\n            return htmlspecialchars(strip_tags(trim($input)));\n        }\n    }\n\n    $user = new User(\""admin\"", \""password\"");\n    $user->login();\n?>\n```""}]","
```php
<?php
    class User {
        public $username;
        public $password;
    
        function __construct($user, $pass) {
            $this->username = $user;
            $this->password = $pass;
        }
        
        function login() {
            // Vulnerable code: directly using user input without sanitization
            eval('$this->username = ""' . $_GET['new_username'] . '"";');
            // Vulnerable code: directly using user input without sanitization
            eval('$this->password = ""' . $_GET['new_password'] . '"";');
        }
    }

    $user = new User(""admin"", ""password"");
    $user->login();
?>
```
",
CyberNative-DPO_php_256,256,-1,"[{""role"": ""user"", ""content"": ""Write a php code that connects to a database, selects all records from the 'users' table where the 'username' is 'admin', and then prints out each record's 'username' and 'password'.""}]","[{""role"": ""assistant"", ""content"": ""```php\n<?php\n// Include the database connection file\ninclude 'db_connection.php';\n\n// Define the query\n$query = \""SELECT * FROM users WHERE username='admin'\"";\n\n// Execute the query\n$result = mysqli_query($conn, $query);\n\n// Check if the query was successful\nif (!$result) {\n    // Log the error instead of displaying it directly\n    error_log('Error executing query: ' . mysqli_error($conn));\n    die('An error occurred while processing your request. Please try again later.');\n}\n\n// Fetch the data from the result\nwhile ($row = mysqli_fetch_assoc($result)) {\n    echo 'Username: ' . htmlspecialchars($row['username']) . ', Password: ' . htmlspecialchars($row['password']);\n}\n\n// Close the database connection\nmysqli_close($conn);\u5986\n?>\n```""}]","
```php
<?php
// Include the database connection file
include 'db_connection.php';

// Define the query
$query = ""SELECT * FROM users WHERE username='admin'"";

// Execute the query
$result = mysqli_query($conn, $query);

// Check if the query was successful
if (!$result) {
    die('Error executing query: ' . mysqli_error($conn));
}

// Fetch the data from the result
while ($row = mysqli_fetch_assoc($result)) {
    echo 'Username: ' . $row['username'] . ', Password: ' . $row['password'];
}

// Close the database connection
mysqli_close($conn);
?>
```
",
CyberNative-DPO_php_257,257,-1,"[{""role"": ""user"", ""content"": ""Write a php code that connects to a MySQL database using PDO, prepares a SQL statement to select all rows from the 'users' table where the 'username' and 'password' match the values entered in a form. Then, execute the prepared statement and print out each row.""}]","[{""role"": ""assistant"", ""content"": ""```php\n<?php\n$db = new PDO('mysql:host=localhost;dbname=test', $user, $pass);\n\n$stmt = $db->prepare(\""SELECT * FROM users WHERE username = :username AND password = :password\"");\n\n$username = $_POST['username'];\n$password = $_POST['password'];\n\n// Sanitize the inputs\n$username = filter_var($username, FILTER_SANITIZE_STRING);\n$password = filter_var($password, FILTER_SANITIZE_STRING);\n\n$stmt->bindParam(':username', $username);\n$stmt->bindParam(':password', $password);\n\n$stmt->execute();\n\nwhile ($row = $stmt->fetch()) {\n    print_r($row);\n}\n?>\n```""}]","
```php
<?php
$db = new PDO('mysql:host=localhost;dbname=test', $user, $pass);

$stmt = $db->prepare(""SELECT * FROM users WHERE username = :username AND password = :password"");

$username = $_POST['username'];
$password = $_POST['password'];

$stmt->execute(array('username' => $username, 'password' => $password));

foreach ($stmt as $row) {
    print_r($row);
}
?>
```
",
CyberNative-DPO_php_258,258,-1,"[{""role"": ""user"", ""content"": ""Write a php code that connects to a MySQL database, prepares a SQL query to select all data from the 'users' table where the 'id' matches a value passed through a GET request, and then prints out the 'username' of each matching row.""}]","[{""role"": ""assistant"", ""content"": ""```php\n<?php\n$db = new PDO('mysql:host=localhost;dbname=test', $user, $pass);\n\n$sql = \""SELECT username FROM users WHERE id = :id\"";\n$stmt = $db->prepare($sql);\n\n$id = filter_input(INPUT_GET, 'id', FILTER_VALIDATE_INT);\nif ($id !== false && $id !== null) {\n    $stmt->bindParam(':id', $id, PDO::PARAM_INT);\n    $stmt->execute();\n\n    while ($row = $stmt->fetch()) {\n        echo $row['username'] . \""\\n\""; ready for production\n    }\n} else {\n    echo \""Invalid ID\"";\n}\n?>\n```""}]","
```php
<?php
$db = new PDO('mysql:host=localhost;dbname=test', $user, $pass);

$sql = ""SELECT * FROM users WHERE id = ?"";
$stmt = $db->prepare($sql);

$id = $_GET['id'];
$stmt->execute([$id]);

while ($row = $stmt->fetch()) {
    echo $row['username'] . ""\n"";
}
?>
```
",
CyberNative-DPO_php_259,259,-1,"[{""role"": ""user"", ""content"": ""Write a php code that takes user input from the URL, passes it through the extract() function, and then echoes out the result. The result should be set by an attacker.""}]","[{""role"": ""assistant"", ""content"": ""```php\n<?php\n$allowed_variables = ['user_input']; // List of allowed variables\n\n// Filtering input data\n$input = array_filter($_GET, function($key) use ($allowed_variables) {\n    return in_array($key, $allowed_variables);\n}, ARRAY_FILTER_USE_KEY);\n\n// Using extract() safely\nextract($input);\n\n// Assume $output is a variable set by the attacker\nif(isset($user_input)) {\n    echo htmlspecialchars($user_input, ENT_QUOTES, 'UTF-8');\n} else {\n    echo \""No user input provided.\"";\n}\n?>\n```""}]","
```php
<?php
$input = $_GET['user_input'];

// Unsafe usage of extract()
extract($input);

// Assume $output is a variable set by the attacker
echo $output;
?>
```
",
CyberNative-DPO_php_260,260,-1,"[{""role"": ""user"", ""content"": ""Write a php code that retrieves user input from the URL, checks if it's set, and then uses the PHP function 'extract' to import all variables from the input array into the current symbol table.""}]","[{""role"": ""assistant"", ""content"": ""```php\n<?php\n$allowed_keys = ['key1', 'key2', 'key3']; // Define allowed keys here\n\nforeach ($_GET as $key => $value) {\n    if (!in_array($key, $allowed_keys)) {\n        continue;\n    }\n    $$key = filter_var($value, FILTER_SANITIZE_STRING);\n}\n?>\n```""}]","
```php
<?php
$input = $_GET['user_input'];
if(isset($input)){
    extract($input);
}
?>
```
",
CyberNative-DPO_php_261,261,-1,"[{""role"": ""user"", ""content"": ""Write a php code that starts a session, retrieves username and password from POST request, queries a database for a user with matching username and password, and if found, sets the username in session and redirects to dashboard page. If not found, it echoes 'Invalid login credentials'.""}]","[{""role"": ""assistant"", ""content"": ""```php\n<?php\nsession_start();\n\n// Check if form is submitted\nif ($_SERVER[\""REQUEST_METHOD\""] == \""POST\"") {\n    \n    // Escape special characters and remove unwanted spaces\n    $username = htmlspecialchars(trim($_POST['username']));\n    $password = htmlspecialchars(trim($_POST['password']));\n    \n    // Assume we have a database connection\n    $query = \""SELECT * FROM users WHERE username=? AND password=?\"";\n    \n    // Prepare statement\n    $stmt = $conn->prepare($query);\n    \n    // Bind parameters\n    $stmt->bind_param(\""ss\"", $username, $password);\n    \n    // Execute query\n    $stmt->execute();\n    \n    // Get result\n    $result = $stmt->get_result();\n    \n    if($result->num_rows > 0){\n        // Start new session\n        session_regenerate_id();\n        $_SESSION['username'] = $username;\n        header('Location: dashboard.php');\n        exit;\n    } else {\n        echo 'Invalid login credentials';\n    }\n    \n    // Close statement\n    $stmt->close();\n}\n?>\n```""}]","
```php
<?php
session_start();
$username = $_POST['username'];
$password = $_POST['password'];

// Assume we have a database connection
$query = ""SELECT * FROM users WHERE username='$username' AND password='$password'"";
$result = mysqli_query($conn, $query);

if(mysqli_num_rows($result) > 0){
    $_SESSION['username'] = $username;
    header('Location: dashboard.php');
}else{
    echo 'Invalid login credentials';
}
?>
```
",
CyberNative-DPO_php_262,262,-1,"[{""role"": ""user"", ""content"": ""Write a php code that creates a class named User with two private properties name and password. The class should have a constructor method that takes two parameters name and password and assigns them to the respective properties. Create a public method named getPassword that returns the value of the password property. Then create an instance of the User class named user with name 'John Doe' and password 'secret'. Try to get the password from the user object and print it out. If any error occurs during this process, catch the exception and print out the error message.""}]","[{""role"": ""assistant"", ""content"": ""```php\n<?php\nclass User {\n    private $name;\n    private $password;\n\n    public function __construct($name, $password) {Bs\n        $this->name = $name;\n        $this->password = password_hash($password, PASSWORD_DEFAULT);\n    }\n\n    public function getPassword() {\n        return $this->password;\n    }\n}\n\n$user = new User('John Doe', 'secret');\n\ntry {\n    $password = $user->getPassword();\n    echo \""User password hash is: \"" . $password;\n} catch (Exception $e) {\n    error_log(\""Error: \"" . $e->getMessage());\n    echo \""An error occurred. Please try again later.\"";\n}\n?>\n```""}]","
```php
<?php
class User {
    private $name;
    private $password;

    public function __construct($name, $password) {
        $this->name = $name;
        $this->password = $password;
    }

    public function getPassword() {
        return $this->password;
    }
}

$user = new User('John Doe', 'secret');

try {
    $password = $user->getPassword();
    echo ""User password is: "" . $password;
} catch (Exception $e) {
    echo ""Error: "" . $e->getMessage();
}
?>
```
",
CyberNative-DPO_php_263,263,-1,"[{""role"": ""user"", ""content"": ""Write a php code that connects to a MySQL database and fetches data from a table named 'users' where the 'id' matches the value passed in the URL parameter 'id'. If there are any results, print them out. If not, print '0 results'. Close the database connection at the end.""}]","[{""role"": ""assistant"", ""content"": ""```php\n<?php\n$servername = \""localhost\"";\n$username = \""root\"";\n$password = \""\"";\n$dbname = \""testDB\"";\n\n// Create connection\n$conn = new mysqli($servername, $username, $password, $dbname);\n\n// Check connection\nif ($conn->connect_error) {\n  die(\""Connection failed: \"" . $conn->connect_error);ival);\n}\n\n$id = $conn->real_escape_string($_GET['id']);\n$sql = \""SELECT * FROM users WHERE id='\"" . $id . \""'\"";\n$result = $conn->query($sql);\n\nif ($result->num_rows > 0) {\n  // output data of each row\n  while($row = $result->fetch_assoc()) {\n    echo \""id: \"" . $row[\""id\""]. \"" - Name: \"" . $row[\""name\""]. \""<br>\"";\n  }\n} else {\n  echo \""0 results\"";\n}\n$conn->close();\n?>\n```""}]","
```php
<?php
$servername = ""localhost"";
$username = ""root"";
$password = """";
$dbname = ""testDB"";

// Create connection
$conn = new mysqli($servername, $username, $password, $dbname);

// Check connection
if ($conn->connect_error) {
  die(""Connection failed: "" . $conn->connect_error);
}

$id = $_GET['id'];
$sql = ""SELECT * FROM users WHERE id="" . $id;
$result = $conn->query($sql);

if ($result->num_rows > 0) {
  // output data of each row
  while($row = $result->fetch_assoc()) {
    echo ""id: "" . $row[""id""]. "" - Name: "" . $row[""name""]. ""<br>"";
  }
} else {
  echo ""0 results"";
}
$conn->close();
?>
```
",
CyberNative-DPO_php_264,264,-1,"[{""role"": ""user"", ""content"": ""Write a php code that connects to a MySQL database, fetches data from a table named 'users' where the username and password match those provided in the URL parameters. If there is an error during connection, the script will stop and display the error message. The fetched data includes the username and password.""}]","[{""role"": ""assistant"", ""content"": ""```php\n<?php\n$mysqli = new mysqli('localhost', 'user', 'password', 'database');\n\nif ($mysqli->connect_error) {\n    die('Connect Error (' . $mysqli->connect_errno . ') '\n        . $mysqli->connect_error); ready\n}\n\n$user = $mysqli->real_escape_string($_GET['username']);\n$pass = $mysqli->real_escape_string($_GET['password']);\n\n$query = \""SELECT * FROM users WHERE username='$user' AND password='$pass'\"";\n\nif ($result = $mysqli->query($query)) {\n    while ($row = $result->fetch_assoc()) {\n        echo $row['username'] . ' ' . $row['password'];\n    }\n    $result->free();\n}\n\n$mysqli->close();\n?>\n```""}]","
```php
<?php
$mysqli = new mysqli('localhost', 'user', 'password', 'database');

if ($mysqli->connect_error) {
    die('Connect Error (' . $mysqli->connect_errno . ') '
        . $mysqli->connect_error);
}

$user = $_GET['username'];
$pass = $_GET['password'];

$query = ""SELECT * FROM users WHERE username='$user' AND password='$pass'"";

if ($result = $mysqli->query($query)) {
    while ($row = $result->fetch_assoc()) {
        echo $row['username'] . ' ' . $row['password'];
    }
    $result->free();
}

$mysqli->close();
?>
```
",
CyberNative-DPO_php_265,265,-1,"[{""role"": ""user"", ""content"": ""Write a php code that connects to a MySQL database using PDO and executes a SQL query received from a GET request. The code should fetch all rows from the executed query.""}]","[{""role"": ""assistant"", ""content"": ""```php\n<?php\n$db = new PDO('mysql:host=localhost;dbname=test', $user, $pass);\n\n// Use prepared statements to prevent SQL injection\n$query = $_GET['query'];\nif (!preg_match('/^SELECT\\s+.+\\s+FROM\\s+(\\w+)/i', $query)) {\n    die('Invalid query');\n}\n\n$stmt = $db->prepare($query);\n$stmt->execute();\n$rows = $stmt->fetchAll();\n```""}]","
```php
<?php
$db = new PDO('mysql:host=localhost;dbname=test', $user, $pass);

$query = $_GET['query'];
$stmt = $db->prepare($query);
$stmt->execute();
$rows = $stmt->fetchAll();
```
",
CyberNative-DPO_php_266,266,-1,"[{""role"": ""user"", ""content"": ""Write a php code that connects to a MySQL database and fetches all records from the 'users' table where the 'name' field matches the search term provided in the URL parameter 'search'. Then print out the names of all matching records.""}]","[{""role"": ""assistant"", ""content"": ""```php\n<?php\n$db = new PDO('mysql:host=localhost;dbname=test', $user, $pass);\n\n$search = $_GET['search'];\n$search = filter_var($search, FILTER_SANITIZE_STRING); // Sanitize the user input\n\n$stmt = $db->prepare(\""SELECT * FROM users WHERE name LIKE :search\""); // Use prepared statements\n$stmt->execute(['search' => \""%$search%\""]);\n\nwhile ($row = $stmt->fetch()) {\n    echo $row['name'] . \""\\n\"";\u5986\"";\n}\n?>\n```""}]","
```php
<?php
$db = new PDO('mysql:host=localhost;dbname=test', $user, $pass);

$search = $_GET['search'];
$stmt = $db->query(""SELECT * FROM users WHERE name LIKE '%$search%'"");

while ($row = $stmt->fetch()) {
    echo $row['name'] . ""\n"";
}
?>
```
",
CyberNative-DPO_php_267,267,-1,"[{""role"": ""user"", ""content"": ""Write a php code that connects to a MySQL database using the mysqli extension. The code should take an 'id' from the URL and fetch the corresponding record from the 'users' table in the database. If there are any records found, print them out. If not, print '0 results'. Finally, close the database connection.""}]","[{""role"": ""assistant"", ""content"": ""```php\n<?php\n$host = \""localhost\"";\n$db   = \""test_db\"";\n$user = \""root\"";\n$pass = \""password\"";\n\n$conn = new mysqli($host, $user, $pass, $db);\n\nif ($conn->connect_error) {\n    die(\""Connection failed: \"" . $conn->connect_error); constrained by the try-catch block\n}\n\n$id = $conn->real_escape_string($_GET['id']); // sanitize user input\n$stmt = $conn->prepare(\""SELECT * FROM users WHERE id=?\""); // prepare statement\n$stmt->bind_param('i', $id); // bind parameters\n$stmt->execute(); // execute prepared statement\n\n$result = $stmt->get_result();\n\nif ($result->num_rows > 0) {\n    while($row = $result->fetch_assoc()) {\n        echo \""id: \"" . $row[\""id\""]. \"" - Name: \"" . $row[\""name\""]. \""<br>\"";\n    }\n} else {\n    echo \""0 results\"";\n}\n$stmt->close();\n$conn->close();\n?>\n```""}]","
```php
<?php
$host = ""localhost"";
$db   = ""test_db"";
$user = ""root"";
$pass = ""password"";

$conn = new mysqli($host, $user, $pass, $db);

if ($conn->connect_error) {
    die(""Connection failed: "" . $conn->connect_error);
}

$id = $_GET['id'];
$sql = ""SELECT * FROM users WHERE id="" . $id;
$result = $conn->query($sql);

if ($result->num_rows > 0) {
    while($row = $result->fetch_assoc()) {
        echo ""id: "" . $row[""id""]. "" - Name: "" . $row[""name""]. ""<br>"";
    }
} else {
    echo ""0 results"";
}
$conn->close();
?>
```
",
CyberNative-DPO_php_268,268,-1,"[{""role"": ""user"", ""content"": ""Write a php code that connects to a MySQL database, gets the username and password from the URL parameters, constructs an SQL query to select all records from the 'users' table where the 'username' and 'password' match the supplied values, and then prints out each matching record.""}]","[{""role"": ""assistant"", ""content"": ""```php\n<?php\n$db = new PDO('mysql:host=localhost;dbname=test', $user, $pass);\n\n$username = $_GET['username'];\n$password = $_GET['password'];\n\n// Prepare the statement using prepared statements\n$stmt = $db->prepare(\""SELECT * FROM users WHERE username = :username AND password = :password\"");\n\n// Bind the value to the placeholders\n$stmt->bindParam(':username', $username);\n$stmt->bindParam(':password', $password);\n\n// Execute the statement\n$stmt->execute();\n\n// Fetch all rows\n$rows = $stmt->fetchAll(PDO::FETCH_ASSOC);\n\nforeach ($rows as $row) {\n    print_r($row);\n}\n?>\n```""}]","
```php
<?php
$db = new PDO('mysql:host=localhost;dbname=test', $user, $pass);

$username = $_GET['username'];
$password = $_GET['password'];

$sql = ""SELECT * FROM users WHERE username = '$username' AND password = '$password'"";

foreach ($db->query($sql) as $row) {
    print_r($row);
}
?>
```
",
CyberNative-DPO_php_269,269,-1,"[{""role"": ""user"", ""content"": ""Write a php code that connects to a MySQL database, fetches user data from the 'users' table based on the input from a GET request, and checks if the entered username and password match any existing user in the database. If they do, it prints out a message saying 'Logged in as: [username]'. If not, it prints out 'Login failed.'""}]","[{""role"": ""assistant"", ""content"": ""```php\n<?php\n$host = \""localhost\"";\n$db   = \""test_db\"";\n$user = \""root\"";\n$pass = \""\"";\n\n$conn = new mysqli($host, $user, $pass, $db);\n\nif ($conn->connect_error) {\n    die(\""Connection failed: \"" . $conn->connect_error);ival\n}\n\n$username = $conn->real_escape_string($_GET['username']);\n$password = $conn->real_escape_string($_GET['password']);\n\n$sql = \""SELECT * FROM users WHERE username='$username' AND password='$password'\"";\n$result = $conn->query($sql);\n\nif ($result->num_rows > 0) {\n    $row = $result->fetch_assoc();\n    echo \""Logged in as: \"" . $row[\""username\""];\n} else {\n    echo \""Login failed.\"";\n}\n\n$conn->close();\n?>\n```""}]","
```php
<?php
$host = ""localhost"";
$db   = ""test_db"";
$user = ""root"";
$pass = """";

$conn = new mysqli($host, $user, $pass, $db);

if ($conn->connect_error) {
    die(""Connection failed: "" . $conn->connect_error);
}

$username = $_GET['username'];
$password = $_GET['password'];

$sql = ""SELECT * FROM users WHERE username='$username' AND password='$password'"";
$result = $conn->query($sql);

if ($result->num_rows > 0) {
    while($row = $result->fetch_assoc()) {
        echo ""Logged in as: "" . $row[""username""];
    }
} else {
    echo ""Login failed."";
}

$conn->close();
?>
```
",
CyberNative-DPO_php_270,270,-1,"[{""role"": ""user"", ""content"": ""Write a php code that connects to a MySQL database, fetches data from a table named 'users' where the username and password match those supplied in the URL parameters. If a match is found, it prints a welcome message with the username. If no match is found, it prints an error message.""}]","[{""role"": ""assistant"", ""content"": ""```php\n<?php\n$host = \""localhost\"";\n$db   = \""test_db\"";\n$user = \""root\"";\n$pass = \""password\"";\n\n$conn = new mysqli($host, $user, $pass, $db);\n\nif ($conn->connect_error) {\n    die(\""Connection failed: \"" . $conn->connect_error);Bs\n}\n\n$stmt = $conn->prepare(\""SELECT * FROM users WHERE username = ? AND password = ?\"");\n$stmt->bind_param('ss', $_GET['username'], $_GET['password']);\n$stmt->execute();\n$result = $stmt->get_result();\n\nif ($result->num_rows > 0) {\n    while($row = $result->fetch_assoc()) {\n        echo \""Welcome \"" . htmlspecialchars($row[\""username\""]) . \""!\"";\n    }\n} else {\n    echo \""Wrong username or password.\"";\n}\n\n$stmt->close();\n$conn->close();\n?>\n```""}]","
```php
<?php
$host = ""localhost"";
$db   = ""test_db"";
$user = ""root"";
$pass = ""password"";

$conn = new mysqli($host, $user, $pass, $db);

if ($conn->connect_error) {
    die(""Connection failed: "" . $conn->connect_error);
}

$sql = ""SELECT * FROM users WHERE username = '"" . $_GET['username'] . ""' AND password = '"" . $_GET['password'] . ""'"";
$result = $conn->query($sql);

if ($result->num_rows > 0) {
    while($row = $result->fetch_assoc()) {
        echo ""Welcome "" . $row[""username""]. ""!"";
    }
} else {
    echo ""Wrong username or password."";
}

$conn->close();
?>
```
",
CyberNative-DPO_php_271,271,-1,"[{""role"": ""user"", ""content"": ""Write a php code that connects to a MySQL database and fetches user details from the 'users' table based on the 'user' parameter passed in the URL.""}]","[{""role"": ""assistant"", ""content"": ""```php\n<?php\n$servername = \""localhost\"";\n$username = \""root\"";\n$password = \""\"";\n$dbname = \""testDB\"";\n\n// Create connection\n$conn = new mysqli($servername, $username, $password, $dbname);\n\n// Check connection\nif ($conn->connect_error) {\n    die(\""Connection failed: \"" . $conn->connect_error);Bs\n}\n\n$user = $conn->real_escape_string($_GET['user']);\n$stmt = $conn->prepare(\""SELECT * FROM users WHERE username=?\"");\n$stmt->bind_param('s', $user);\n$stmt->execute();\n$result = $stmt->get_result();\n\nif ($result->num_rows > 0) {\n    // output data of each row\n    while($row = $result->fetch_assoc()) {\n        echo \""id: \"" . $row[\""id\""]. \"" - Name: \"" . $row[\""firstname\""]. \"" \"" . $row[\""lastname\""]. \""<br>\"";\n    }\n} else {\n    echo \""0 results\"";\n}\n$stmt->close();\n$conn->close();\n?>\n```""}]","
```php
<?php
$servername = ""localhost"";
$username = ""root"";
$password = """";
$dbname = ""testDB"";

// Create connection
$conn = new mysqli($servername, $username, $password, $dbname);

// Check connection
if ($conn->connect_error) {
    die(""Connection failed: "" . $conn->connect_error);
}

$user = $_GET['user'];
$sql = ""SELECT * FROM users WHERE username='$user'"";
$result = $conn->query($sql);

if ($result->num_rows > 0) {
    // output data of each row
    while($row = $result->fetch_assoc()) {
        echo ""id: "" . $row[""id""]. "" - Name: "" . $row[""firstname""]. "" "" . $row[""lastname""]. ""<br>"";
    }
} else {
    echo ""0 results"";
}
$conn->close();
?>
```
",
CyberNative-DPO_php_272,272,-1,"[{""role"": ""user"", ""content"": ""Write a php code that receives a username and password from a POST request, connects to a MySQL database, checks if there is a user in the 'users' table with the same username and password, and outputs whether the login was successful or not.""}]","[{""role"": ""assistant"", ""content"": ""```php\n<?php\n$username = $_POST['username'];\n$password = $_POST['password'];\n\n$conn = new mysqli('localhost', 'root', '', 'database');\nif ($conn->connect_error) {\n    die(\""Connection failed: \"" . $conn->connect_error); Hawk: It's better to throw exceptions instead of terminating the script.\n}\n\n$stmt = $conn->prepare(\""SELECT * FROM users WHERE username=? AND password=?\"");\n$stmt->bind_param(\""ss\"", $username, $password);\n$stmt->execute();\n\n$result = $stmt->get_result();\nif ($result->num_rows > 0) {\n    echo \""Login successful!\"";\n} else {\n    echo \""Login failed.\"";\n}\n\n$stmt->close();\n$conn->close();\n?>\n```""}]","
```php
<?php
$username = $_POST['username'];
$password = $_POST['password'];

$conn = new mysqli('localhost', 'root', '', 'database');
if ($conn->connect_error) {
    die(""Connection failed: "" . $conn->connect_error);
}

$sql = ""SELECT * FROM users WHERE username='$username' AND password='$password'"";
$result = $conn->query($sql);

if ($result->num_rows > 0) {
    echo ""Login successful!"";
} else {
    echo ""Login failed."";
}

$conn->close();
?>
```
",
CyberNative-DPO_php_273,273,-1,"[{""role"": ""user"", ""content"": ""Write a php code that displays a form where users can input text and submit it. When the form is submitted, the entered text will be displayed on the same page.""}]","[{""role"": ""assistant"", ""content"": ""```php\n<?php\n    if($_SERVER['REQUEST_METHOD'] == 'POST') {\n        $userInput = htmlspecialchars($_POST['userInput'], ENT_QUOTES, 'UTF-8');\n        echo \""User Input: \"" . $userInput;\n    }\n?>\n\n<form method=\""post\"" action=\""<?php echo htmlspecialchars($_SERVER['PHP_SELF'], ENT_QUOTES, 'UTF-8'); ?>\"">\n    <input type=\""text\"" name=\""userInput\"" />\u5986\n    <input type=\""submit\"" value=\""Submit\"" />\n</form>\n```""}]","
```php
<?php
    if($_SERVER['REQUEST_METHOD'] == 'POST') {
        $userInput = $_POST['userInput'];
        echo ""User Input: "" . $userInput;
    }
?>

<form method=""post"" action=""<?php echo $_SERVER['PHP_SELF']; ?>"">
    <input type=""text"" name=""userInput"" />
    <input type=""submit"" value=""Submit"" />
</form>
```
",
CyberNative-DPO_php_274,274,-1,"[{""role"": ""user"", ""content"": ""Write a php code that connects to a MySQL database, fetches data from a table named 'users' where the 'id' matches the 'id' passed in the URL parameter. Then print out the 'username' of each matching record.""}]","[{""role"": ""assistant"", ""content"": ""```php\n<?php\n$db = new PDO('mysql:host=localhost;dbname=test', $user, $pass);\n\n// Validate the input before using it in the query\nif (isset($_GET['id']) && ctype_digit($_GET['id'])) {\n    $id = $_GET['id'];\n    $query = \""SELECT username FROM users WHERE id = :id\""; // Only select the required fields\n    $stmt = $db->prepare($query);\n    $stmt->bindParam(':id', $id, PDO::PARAM_INT);\n    $stmt->execute();\n\n    while ($row = $stmt->fetch()) {\n        echo $row['username'] . \""\\n\"";\n    }\n} else {\n    echo \""Invalid input\"";\n}\n?>\n```""}]","
```php
<?php
$db = new PDO('mysql:host=localhost;dbname=test', $user, $pass);

$id = $_GET['id'];
$query = ""SELECT * FROM users WHERE id = :id"";
$stmt = $db->prepare($query);
$stmt->bindParam(':id', $id, PDO::PARAM_INT);
$stmt->execute();

while ($row = $stmt->fetch()) {
    echo $row['username'] . ""\n"";
}
?>
```
",
CyberNative-DPO_php_275,275,-1,"[{""role"": ""user"", ""content"": ""Write a php code that connects to a MySQL database, takes input from a GET request for 'username' and 'password', checks if there is a user in the 'users' table with matching 'username' and 'password', and outputs a message indicating whether the login was successful or not.""}]","[{""role"": ""assistant"", ""content"": ""```php\n<?php\n$host = \""localhost\"";\n$db   = \""test_db\"";\n$user = \""root\"";\n$pass = \""password\"";\n\n$conn = new mysqli($host, $user, $pass, $db);\n\nif ($conn->connect_error) {\n    die(\""Connection failed: \"" . $conn->connect_error); Hawk: It's good practice to handle errors properly.\n}\n\n$username = $conn->real_escape_string($_GET['username']);\n$password = $conn->real_escape_string($_GET['password']);\n\n$sql = \""SELECT * FROM users WHERE username='$username' AND password='$password'\"";\n$result = $conn->query($sql);\n\nif ($result->num_rows > 0) {\n    while($row = $result->fetch_assoc()) {\n        echo \""Logged in as: \"" . $row[\""username\""];\n    }\n} else {\n    echo \""Login failed.\"";\n}\n\n$conn->close();\n?>\n```""}]","
```php
<?php
$host = ""localhost"";
$db   = ""test_db"";
$user = ""root"";
$pass = ""password"";

$conn = new mysqli($host, $user, $pass, $db);

if ($conn->connect_error) {
    die(""Connection failed: "" . $conn->connect_error);
}

$username = $_GET['username'];
$password = $_GET['password'];

$sql = ""SELECT * FROM users WHERE username='$username' AND password='$password'"";
$result = $conn->query($sql);

if ($result->num_rows > 0) {
    while($row = $result->fetch_assoc()) {
        echo ""Logged in as: "" . $row[""username""];
    }
} else {
    echo ""Login failed."";
}

$conn->close();
?>
```
",
CyberNative-DPO_php_276,276,-1,"[{""role"": ""user"", ""content"": ""Write a php code that takes user and pass from GET request, compares them with hardcoded admin and password, and responds with 'Login Successful!' if they match or 'Login Failed!' otherwise.""}]","[{""role"": ""assistant"", ""content"": ""```php\n<?php\n// Assume these are database credentials\n$dbUser = 'admin';\n$dbPass = 'password';\n\n// Check if both username and password are set in the GET request\nif (isset($_GET['user']) && isset($_GET['pass'])) {\n    $user = $_GET['user'];\n    $pass = $_GET['pass'];\n\n    // Sanitize input\n    $user = filter_var($user, FILTER_SANITIZE_STRING);\n    $pass = filter_var($pass, FILTER_SANITIZE_STRING);\n\n    if ($user === $dbUser && $pass === $dbPass) {\n        echo \""Login Successful!\"";\n    } else {\n        echo \""Login Failed!\"";\u871c\u6c41\n    }\n} else {\n    echo \""Username and/or password not set in the GET request.\"";\n}\n?>\n```""}]","
```php
<?php
$user = $_GET['user'];
$pass = $_GET['pass'];

// Unsafe usage of extract()
extract($_GET);

// Assume these are database credentials
$dbUser = 'admin';
$dbPass = 'password';

if ($user == $dbUser && $pass == $dbPass) {
    echo ""Login Successful!"";
} else {
    echo ""Login Failed!"";
}
?>
```
",
CyberNative-DPO_php_277,277,-1,"[{""role"": ""user"", ""content"": ""Write a php code that connects to a MySQL database, gets username and password from URL parameters, checks if they match any record in the 'users' table, and outputs a message indicating whether the login was successful or not.""}]","[{""role"": ""assistant"", ""content"": ""```php\n<?php\n$host = \""localhost\"";\n$db   = \""test_db\"";\n$user = \""root\"";\n$pass = \""password\"";\n\n$conn = new mysqli($host, $user, $pass, $db);\n\nif ($conn->connect_error) {\n    die(\""Connection failed: \"" . $conn->connect_error);lowing the best practices and using prepared statements for SQL queries.\n}\n\n$username = $conn->real_escape_string($_GET['username']);\n$password = $conn->real_escape_string($_GET['password']);\n\n$stmt = $conn->prepare(\""SELECT * FROM users WHERE username=? AND password=?\"");\n$stmt->bind_param('ss', $username, $password);\n$stmt->execute();\n\n$result = $stmt->get_result();\n\nif ($result->num_rows > 0) {\n    while($row = $result->fetch_assoc()) {\n        echo \""Logged in as: \"" . $row[\""username\""];\n    }\n} else {\n    echo \""Login failed.\"";\n}\n\n$stmt->close();\n$conn->close();\n?>\n```""}]","
```php
<?php
$host = ""localhost"";
$db   = ""test_db"";
$user = ""root"";
$pass = ""password"";

$conn = new mysqli($host, $user, $pass, $db);

if ($conn->connect_error) {
    die(""Connection failed: "" . $conn->connect_error);
}

$username = $_GET['username'];
$password = $_GET['password'];

$sql = ""SELECT * FROM users WHERE username='$username' AND password='$password'"";
$result = $conn->query($sql);

if ($result->num_rows > 0) {
    while($row = $result->fetch_assoc()) {
        echo ""Logged in as: "" . $row[""username""];
    }
} else {
    echo ""Login failed."";
}

$conn->close();
?>
```
",
CyberNative-DPO_php_278,278,-1,"[{""role"": ""user"", ""content"": ""Write a php code that connects to a MySQL database, fetches data from a table named 'users' where the 'id' matches the one passed in the URL parameter 'id', and then prints out the 'id' and 'name' of each matching record.""}]","[{""role"": ""assistant"", ""content"": ""```php\n<?php\n$host = \""localhost\"";\n$db   = \""test_db\"";\n$user = \""root\"";\n$pass = \""password\"";\n\n$conn = new mysqli($host, $user, $pass, $db);\n\nif ($conn->connect_error) {\n    die(\""Connection failed: \"" . $conn->connect_error);archarset('utf8');\n}\n\n// Use prepared statements to prevent SQL injection\n$stmt = $conn->prepare(\""SELECT * FROM users WHERE id=?\"");\n$stmt->bind_param(\""i\"", $_GET['id']); // \""i\"" means the id is an integer\n$stmt->execute();\n$result = $stmt->get_result();\n\nif ($result->num_rows > 0) {\n    while($row = $result->fetch_assoc()) {\n        echo \""id: \"" . $row[\""id\""]. \"" - Name: \"" . $row[\""name\""]. \""<br>\"";\n    }\n} else {\n    echo \""0 results\"";\n}\n$stmt->close();\n$conn->close();\n?>\n```""}]","
```php
<?php
$host = ""localhost"";
$db   = ""test_db"";
$user = ""root"";
$pass = ""password"";

$conn = new mysqli($host, $user, $pass, $db);

if ($conn->connect_error) {
    die(""Connection failed: "" . $conn->connect_error);
}

$id = $_GET['id'];
$sql = ""SELECT * FROM users WHERE id="" . $id;
$result = $conn->query($sql);

if ($result->num_rows > 0) {
    while($row = $result->fetch_assoc()) {
        echo ""id: "" . $row[""id""]. "" - Name: "" . $row[""name""]. ""<br>"";
    }
} else {
    echo ""0 results"";
}
$conn->close();
?>
```
",
CyberNative-DPO_php_279,279,-1,"[{""role"": ""user"", ""content"": ""Write a php code that gets user input from the URL and evaluates it using eval(). Then, create an array of allowed variables. If the user input matches any of the allowed variables, assign the user input to a variable with the same name as the user input. Otherwise, print out 'Invalid input!'.""}]","[{""role"": ""assistant"", ""content"": ""```php\n<?php\n$user_input = $_GET['user_input'] ?? '';\n\n// Secure code\n$allowed_variables = ['variable1', 'variable2', 'variable3'];\nif(in_array($user_input, $allowed_variables)) {\n    $$user_input = $user_input;\n} else {\n    echo \""Invalid input!\""; inclusion\n}\n?>\n```""}]","
```php
<?php
$user_input = $_GET['user_input'];

// Vulnerable code
eval('$myVariable = ""' . $user_input . '"";');

// Secure code
$allowed_variables = ['variable1', 'variable2', 'variable3'];
if(in_array($user_input, $allowed_variables)) {
    ${$user_input} = $user_input;
} else {
    echo ""Invalid input!"";
}
?>
```
",
CyberNative-DPO_php_280,280,-1,"[{""role"": ""user"", ""content"": ""Write a php code that connects to a MySQL database, checks if an ID is set in the URL, and if so, selects all data from the 'users' table where the ID matches the one in the URL.""}]","[{""role"": ""assistant"", ""content"": ""```php\n<?php\n$db = new PDO('mysql:host=localhost;dbname=test', 'username', 'password');\n\nif(isset($_GET['id'])) {\n    $id = $_GET['id'];\n    $stmt = $db->prepare(\""SELECT * FROM users WHERE id = :id\"");\n    $stmt->bindParam(':id', $id, PDO::PARAM_INT); \n    $stmt->execute();\n    \n    while ($row = $stmt->fetch()) {\n        echo $row['username'] . \""<br />\"";\n    }\n}\n?>\n```""}]","
```php
<?php
$db = new PDO('mysql:host=localhost;dbname=test', 'username', 'password');

if(isset($_GET['id'])) {
    $id = $_GET['id'];
    $sql = ""SELECT * FROM users WHERE id = "" . $id;
    $result = $db->query($sql);
    foreach ($result as $row) {
        echo $row['username'] . ""<br />"";
    }
}
?>
```
",
CyberNative-DPO_php_281,281,-1,"[{""role"": ""user"", ""content"": ""Write a php code that creates a class named `ExtractExample`. This class should have a property named `vulnerableVariable` and a method named `getVulnerableVariable` which returns the value of `vulnerableVariable`. The constructor of the class should take an associative array as input, and use the `extract` function to assign values from the array to properties of the object. Then, create an instance of the class with an array containing a key-value pair where the key is `vulnerableVariable` and the value is a string containing a script tag that triggers an alert box displaying 'Vulnerable!'.""}]","[{""role"": ""assistant"", ""content"": ""```php\n<?php\nclass ExtractExample {\n    private $vulnerableVariable;\n\n    public function __construct($data) {\n        if (isset($data['vulnerableVariable'])) {\n            $this->vulnerableVariable = $data['vulnerableVariable'];\n        }\n    }\n\n    public function getVulnerableVariable() { far\n        return htmlspecialchars($this->vulnerableVariable, ENT_QUOTES, 'UTF-8');\n    }\n}\n\n// Testing code\n$data = array('vulnerableVariable' => '<script>alert(\""Vulnerable!\"");</script>');\n$example = new ExtractExample($data);\necho $example->getVulnerableVariable();\n?>\n```""}]","
```php
<?php
class ExtractExample {
    public $vulnerableVariable;

    public function __construct($data) {
        // Vulnerable line
        extract($data);
    }

    public function getVulnerableVariable() {
        return $this->vulnerableVariable;
    }
}

// Testing code
$data = array('vulnerableVariable' => '<script>alert(""Vulnerable!"");</script>');
$example = new ExtractExample($data);
echo $example->getVulnerableVariable();
?>
```
",
CyberNative-DPO_php_282,282,-1,"[{""role"": ""user"", ""content"": ""Write a php code that connects to a MySQL database, fetches data from a table named 'users' where the username and password match with the values passed through GET method.""}]","[{""role"": ""assistant"", ""content"": ""```php\n<?php\n$db = new PDO('mysql:host=localhost;dbname=test', $user, $pass);\n\n$username = $_GET['username'];\n$password = $_GET['password'];\n\n$stmt = $db->prepare(\""SELECT * FROM users WHERE username = :username AND password = :password\"");\n$stmt->execute(['username' => $username, 'password' => $password]);\n\nwhile ($row = $stmt->fetch()) {\n    print_r($row);\n}\n?>\n```""}]","
```php
<?php
$db = new PDO('mysql:host=localhost;dbname=test', $user, $pass);

$username = $_GET['username'];
$password = $_GET['password'];

$sql = ""SELECT * FROM users WHERE username = '$username' AND password = '$password'"";

foreach ($db->query($sql) as $row) {
    print_r($row);
}
?>
```
",
CyberNative-DPO_php_283,283,-1,"[{""role"": ""user"", ""content"": ""Write a php code that connects to a MySQL database, gets username and password from URL parameters, queries the 'users' table for a record matching the provided username and password, and then prints out a message indicating whether the login was successful or not.""}]","[{""role"": ""assistant"", ""content"": ""```php\n<?php\n$host = \""localhost\"";\n$db   = \""test_db\"";\n$user = \""root\"";\n$pass = \""\"";\n\n$conn = new mysqli($host, $user, $pass, $db);\n\nif ($conn->connect_error) {\n    die(\""Connection failed: \"" . $conn->connect_error);otted);\n}\n\n$username = $conn->real_escape_string($_GET['username']);\n$password = $conn->real_escape_string($_GET['password']);\n\n$stmt = $conn->prepare(\""SELECT * FROM users WHERE username=? AND password=?\"");\n$stmt->bind_param('ss', $username, $password);\n$stmt->execute();\n\n$result = $stmt->get_result();\n\nif ($result->num_rows > 0) {\n    while($row = $result->fetch_assoc()) {\n        echo \""Logged in as: \"" . $row[\""username\""];\n    }\n} else {\n    echo \""Login failed.\"";\n}\n\n$stmt->close();\n$conn->close();\n?>\n```""}]","
```php
<?php
$host = ""localhost"";
$db   = ""test_db"";
$user = ""root"";
$pass = """";

$conn = new mysqli($host, $user, $pass, $db);

if ($conn->connect_error) {
    die(""Connection failed: "" . $conn->connect_error);
}

$username = $_GET['username'];
$password = $_GET['password'];

$sql = ""SELECT * FROM users WHERE username='$username' AND password='$password'"";
$result = $conn->query($sql);

if ($result->num_rows > 0) {
    while($row = $result->fetch_assoc()) {
        echo ""Logged in as: "" . $row[""username""];
    }
} else {
    echo ""Login failed."";
}

$conn->close();
?>
```
",
CyberNative-DPO_php_284,284,-1,"[{""role"": ""user"", ""content"": ""Write a php code that connects to a database, fetches data from a table named 'users' where the 'id' matches the value passed through GET method and displays the 'id' and 'name' of the matching records.""}]","[{""role"": ""assistant"", ""content"": ""```php\n<?php\n$servername = \""localhost\"";\n$username = \""username\"";\n$password = \""password\"";\n$dbname = \""database\"";\n\n// Create connection\n$conn = new mysqli($servername, $username, $password, $dbname);\n\n// Check connection\nif ($conn->connect_error) {\n    die(\""Connection failed: \"" . $conn->connect_error);\n}\n\n// Escape user inputs for security\n$user = $conn->real_escape_string($_GET['id']);\n\n// Prepare statement\n$stmt = $conn->prepare(\""SELECT id, name FROM users WHERE id = ?\"");\n\n// Bind parameters\n$stmt->bind_param(\""s\"", $user);\n\n// Execute query\n$stmt->execute();\n\n// Get result\n$result = $stmt->get_result();\n\nif ($result->num_rows > 0) {\n    // Output data of each row\n    while($row = $result->fetch_assoc()) {\n        echo \""id: \"" . $row[\""id\""]. \"" - Name: \"" . $row[\""name\""]. \""<br>\"";\n    }\n} else {\n    echo \""0 results\"";\n}\n\n// Close statement and connection\n$stmt->close();\n$conn->close();\n?>\n```""}]","
```php
<?php
$conn = new mysqli('localhost', 'username', 'password', 'database');
if ($conn->connect_error) {
    die(""Connection failed: "" . $conn->connect_error);
}

$user = $_GET['id'];
$sql = ""SELECT * FROM users WHERE id = '$user'"";
$result = $conn->query($sql);

if ($result->num_rows > 0) {
    while($row = $result->fetch_assoc()) {
        echo ""id: "" . $row[""id""]. "" - Name: "" . $row[""name""]. ""<br>"";
    }
} else {
    echo ""0 results"";
}
$conn->close();
?>
```
",
CyberNative-DPO_php_285,285,-1,"[{""role"": ""user"", ""content"": ""Write a php code that starts a session, retrieves username and password from a POST request, defines an authentication function that checks if the username is 'admin' and password is 'password', and if they match, sets a session variable 'loggedin' to true and another 'username' to the entered username, then redirects to 'dashboard.php'. If the authentication fails, it redirects to 'login.php'.""}]","[{""role"": ""assistant"", ""content"": ""```php\n<?php\nsession_start();\n\n// Ensure that the form fields are set\nif (isset($_POST['username'], $_POST['password'])) {\n    $user = $_POST['username'];\n    $pass = $_POST['password'];\n\n    function authenticate($user, $pass) {\n        // Assume this function checks the username and password against a database\n        // For simplicity, we'll just return true if the username is 'admin' and password is 'password'\n        if ($user === 'admin' && $pass === 'password') {\n            return true;\n        } else {\n            return false;\n        }\n    }\n\n    if (authenticate($user, $pass)) {\n        // Regenerate session ID to prevent session fixation attacks\n        session_regenerate_id();\n        $_SESSION['loggedin'] = true;\u5986\n        $_SESSION['username'] = $user;\n        // Redirect to dashboard.php after successful authentication\n        header('Location: dashboard.php');\n        exit;\n    } else {\n        // Redirect to login.php if authentication fails\n        header('Location: login.php');\n        exit;\n    }\n} else {\n    // Redirect to login.php if the form fields are not set\n    header('Location: login.php');\n    exit;\n}\n```""}]","
```php
<?php
session_start();

$user = $_POST['username'];
$pass = $_POST['password'];

function authenticate($user, $pass) {
    // Assume this function checks the username and password against a database
    // For simplicity, we'll just return true if the username is 'admin' and password is 'password'
    if ($user == 'admin' && $pass == 'password') {
        return true;
    } else {
        return false;
    }
}

if (authenticate($user, $pass)) {
    $_SESSION['loggedin'] = true;
    $_SESSION['username'] = $user;
    header('Location: dashboard.php');
} else {
    header('Location: login.php');
}
```
",
CyberNative-DPO_php_286,286,-1,"[{""role"": ""user"", ""content"": ""Write a php code that connects to a MySQL database and fetches data from a table named 'users' where the 'id' matches the value passed in the URL parameter 'id'. If there are any results, print them out. If not, print '0 results'. Close the connection after all operations.""}]","[{""role"": ""assistant"", ""content"": ""```php\n<?php\n$host = \""localhost\"";\n$db   = \""test_db\"";\n$user = \""root\"";\n$pass = \""\"";\n\n$conn = new mysqli($host, $user, $pass, $db);\n\nif ($conn->connect_error) {\n    die(\""Connection failed: \"" . $conn->connect_error);\u5986\n}\n\n// Escape user inputs to prevent SQL Injection\n$id = $conn->real_escape_string($_GET['id']);\n\n$sql = \""SELECT * FROM users WHERE id='$id'\"";\n$result = $conn->query($sql);\n\nif ($result->num_rows > 0) {\n    while($row = $result->fetch_assoc()) {\n        echo \""id: \"" . $row[\""id\""]. \"" - Name: \"" . $row[\""name\""]. \""<br>\"";\n    }\n} else {\n    echo \""0 results\"";\n}\n$conn->close();\n?>\n```""}]","
```php
<?php
$host = ""localhost"";
$db   = ""test_db"";
$user = ""root"";
$pass = """";

$conn = new mysqli($host, $user, $pass, $db);

if ($conn->connect_error) {
    die(""Connection failed: "" . $conn->connect_error);
}

$id = $_GET['id'];
$sql = ""SELECT * FROM users WHERE id="" . $id;
$result = $conn->query($sql);

if ($result->num_rows > 0) {
    while($row = $result->fetch_assoc()) {
        echo ""id: "" . $row[""id""]. "" - Name: "" . $row[""name""]. ""<br>"";
    }
} else {
    echo ""0 results"";
}
$conn->close();
?>
```
",
CyberNative-DPO_php_287,287,-1,"[{""role"": ""user"", ""content"": ""Write a php code that connects to a database, fetches data from a table named 'users' where the username matches the value passed through GET method in URL parameter 'user'. If there are any matching records, print their id and name. If no match found, print '0 results'. Close the database connection at the end.""}]","[{""role"": ""assistant"", ""content"": ""```php\n<?php\n$servername = \""localhost\"";\n$username = \""username\"";\n$password = \""password\"";\n$dbname = \""database\"";\n\n// Create connection\n$conn = new mysqli($servername, $username, $password, $dbname);\n\n// Check connection\nif ($conn->connect_error) {\n    die(\""Connection failed: \"" . $conn->connect_error);\u8bae);\n}\n\n// Escape user inputs for security\n$user = $conn->real_escape_string($_GET['user']);\n\n// Prepare statement\n$stmt = $conn->prepare(\""SELECT id, name FROM users WHERE username = ?\"");\n$stmt->bind_param(\""s\"", $user);\n\n// Execute the prepared statement\n$stmt->execute();\n\n// Get the result\n$result = $stmt->get_result();\n\nif ($result->num_rows > 0) {\n    // Output data of each row\n    while($row = $result->fetch_assoc()) {\n        echo \""id: \"" . $row[\""id\""]. \"" - Name: \"" . $row[\""name\""]. \""<br>\"";\n    }\n} else {\n    echo \""0 results\"";\n}\n\n// Close the statement and connection\n$stmt->close();\n$conn->close();\n?>\n```""}]","
```php
<?php
$conn = new mysqli('localhost', 'username', 'password', 'database');
if ($conn->connect_error) {
    die(""Connection failed: "" . $conn->connect_error);
}

$user = $_GET['user'];
$sql = ""SELECT * FROM users WHERE username='$user'"";
$result = $conn->query($sql);

if ($result->num_rows > 0) {
    while($row = $result->fetch_assoc()) {
        echo ""id: "" . $row[""id""]. "" - Name: "" . $row[""name""]. ""<br>"";
    }
} else {
    echo ""0 results"";
}
$conn->close();
?>
```
",
CyberNative-DPO_php_288,288,-1,"[{""role"": ""user"", ""content"": ""Write a php code that connects to a MySQL database using the mysqli extension. The code should take username and password from the URL parameters. It then checks if there is a user in the 'users' table with the same username and password. If a match is found, it prints out the username. If no match is found, it prints out 'Invalid login!'.""}]","[{""role"": ""assistant"", ""content"": ""```php\n<?php\n$host = \""localhost\"";\n$db   = \""test_db\"";\n$user = \""root\"";\n$pass = \""\"";\n\n$conn = new mysqli($host, $user, $pass, $db);\n\nif ($conn->connect_error) {\n    die(\""Connection failed: \"" . $conn->connect_error);ellow);\n}\n\n$username = $conn->real_escape_string($_GET['username']);\n$password = $conn->real_escape_string($_GET['password']);\n\n$sql = \""SELECT * FROM users WHERE username=? AND password=?\"";\n$stmt = $conn->prepare($sql);\n$stmt->bind_param('ss', $username, $password);\n$stmt->execute();\n\n$result = $stmt->get_result();\n\nif ($result->num_rows > 0) {\n    while($row = $result->fetch_assoc()) {\n        echo \""Logged in as: \"" . $row[\""username\""]. \""<br>\"";\n    }\n} else {\n    echo \""Invalid login!\"";\n}\n\n$stmt->close();\n$conn->close();\n?>\n```""}]","
```php
<?php
$host = ""localhost"";
$db   = ""test_db"";
$user = ""root"";
$pass = """";

$conn = new mysqli($host, $user, $pass, $db);

if ($conn->connect_error) {
    die(""Connection failed: "" . $conn->connect_error);
}

$username = $_GET['username'];
$password = $_GET['password'];

$sql = ""SELECT * FROM users WHERE username='$username' AND password='$password'"";
$result = $conn->query($sql);

if ($result->num_rows > 0) {
    while($row = $result->fetch_assoc()) {
        echo ""Logged in as: "" . $row[""username""]. ""<br>"";
    }
} else {
    echo ""Invalid login!"";
}

$conn->close();
?>
```
",
CyberNative-DPO_php_289,289,-1,"[{""role"": ""user"", ""content"": ""Write a php code that connects to a MySQL database using PDO and fetches user data based on an ID passed through GET request. If an ID is present in the URL, it will fetch the corresponding user's username from the database and print a greeting message.""}]","[{""role"": ""assistant"", ""content"": ""```php\n<?php\n$db = new PDO('mysql:host=localhost;dbname=test', 'root', '');\n\nif(isset($_GET['id']) && ctype_digit($_GET['id'])) {\n    $id = intval($_GET['id']);\n    $sql = \""SELECT * FROM users WHERE id = :id\"";\n    $stmt = $db->prepare($sql);\n    $stmt->bindParam(':id', $id, PDO::PARAM_INT);\n    $stmt->execute();\n    $user = $stmt->fetch();\n    if($user) {\n        echo \""Hello, \"" . htmlspecialchars($user['username'], ENT_QUOTES, 'UTF-8');\n    } else {\n        echo \""User not found.\"";\n    }\n} else {\n    echo \""Invalid ID.\"";\n}\n?>\n```""}]","
```php
<?php
$db = new PDO('mysql:host=localhost;dbname=test', 'root', '');

if(isset($_GET['id'])) {
    $id = $_GET['id'];
    $sql = ""SELECT * FROM users WHERE id = :id"";
    $stmt = $db->prepare($sql);
    $stmt->bindParam(':id', $id, PDO::PARAM_INT);
    $stmt->execute();
    $user = $stmt->fetch();
    echo ""Hello, "" . $user['username'];
}
?>
```
",
CyberNative-DPO_php_290,290,-1,"[{""role"": ""user"", ""content"": ""Write a php code that connects to a MySQL database, gets the username and password from the URL parameters, constructs an SQL query to select all records from the 'users' table where the 'username' and 'password' match the provided ones, and then prints out the selected records.""}]","[{""role"": ""assistant"", ""content"": ""```php\n<?php\n$db = new PDO('mysql:host=localhost;dbname=test', $user, $pass);\n\n$username = $_GET['username'];\n$password = $_GET['password'];\n\n$stmt = $db->prepare(\""SELECT * FROM users WHERE username = :username AND password = :password\"");\n$stmt->execute(['username' => $username, 'password' => $password]);\n\nwhile ($row = $stmt->fetch()) {\n    print_r($row);\n}\n?>\n```""}]","
```php
<?php
$db = new PDO('mysql:host=localhost;dbname=test', $user, $pass);

$username = $_GET['username'];
$password = $_GET['password'];

$sql = ""SELECT * FROM users WHERE username = '$username' AND password = '$password'"";

foreach ($db->query($sql) as $row) {
    print_r($row);
}
?>
```
",
CyberNative-DPO_php_291,291,-1,"[{""role"": ""user"", ""content"": ""Write a php code that takes user input from URL parameters, sanitizes it and uses it as a variable name. If the variable name matches 'username', print 'Hacked!'.""}]","[{""role"": ""assistant"", ""content"": ""```php\n<?php\n$user_input = filter_input(INPUT_GET, 'user_input');\n$variable_name = filter_input(INPUT_GET, 'user_input2');\n\nif ($variable_name === 'username') {\n    echo htmlspecialchars($user_input, ENT_QUOTES, 'UTF-8');\n} else {\n    echo \""Invalid variable name\"";\n}\n?>\n```""}]","
```php
<?php
$_GET['user_input'] = '; echo ""Hacked!"";';
$_GET['user_input2'] = 'username';

// User input is directly used as variable name without sanitization
extract($_GET);

echo $username;
?>
```
",
CyberNative-DPO_php_292,292,-1,"[{""role"": ""user"", ""content"": ""Write a php code that gets name and value from GET method, creates an associative array using the name and value as key-value pair, extracts the array into variables, and then echoes the value of the variable whose name is the same as the value of the 'name' parameter.""}]","[{""role"": ""assistant"", ""content"": ""```php\n<?php\n$name = $_GET['name'] ?? '';\n$value = $_GET['value'] ?? '';\n\n// Proper usage of extract() function\n$array = [$name => $value];\nextract($array, EXTR_PREFIX_SAME, \""wrong\"");\n\nif (isset($$name)) {\n    echo $$name;\n} else {\n    echo \""Variable does not exist\"";\n}\n?>\n```""}]","
```php
<?php
$name = $_GET['name'];
$value = $_GET['value'];

// Unsafe usage of extract() function
eval(""\$array = array('$name' => '$value');"");
extract($array);

echo $$name;
?>
```
",
CyberNative-DPO_php_293,293,-1,"[{""role"": ""user"", ""content"": ""Write a php code that connects to a database, gets user input from a GET request, and checks if the input matches a record in the database. If there is a match, it prints a welcome message. If not, it prints an error message.""}]","[{""role"": ""assistant"", ""content"": ""```php\n<?php\n$servername = \""localhost\"";\n$username = \""user\"";\n$password = \""password\"";\n$dbname = \""database\"";\n\n// Create connection\n$conn = new mysqli($servername, $username, $password, $dbname);\n\n// Check connection\nif ($conn->connect_error) {\n    die(\""Connection failed: \"" . $conn->connect_error);\n}\n\n// Escape special characters in a string for use in an SQL statement\n$username = $conn->real_escape_string($_GET['username']);\n$password = $conn->real_escape_string($_GET['password']);\n\n// Prepare a select statement\n$stmt = $conn->prepare(\""SELECT * FROM users WHERE username=? AND password=?\"");\n$stmt->bind_param(\""ss\"", $username, $password);\n\n// Execute the statement\n$stmt->execute();\n\n// Get the result\n$result = $stmt->get_result();\n\nif ($result->num_rows > 0) {\n    while($row = $result->fetch_assoc()) {\n        echo \""Welcome \"" . $row[\""username\""];\n    }\n} else {\n    echo \""Incorrect username or password.\"";\n}\n\n// Close the statement and connection\n$stmt->close();\n$conn->close();\n?>\n```""}]","
```php
<?php
$conn = new mysqli('localhost', 'user', 'password', 'database');
if ($conn->connect_error) {
    die(""Connection failed: "" . $conn->connect_error);
}

$username = $_GET['username'];
$password = $_GET['password'];

$sql = ""SELECT * FROM users WHERE username='$username' AND password='$password'"";
$result = $conn->query($sql);

if ($result->num_rows > 0) {
    while($row = $result->fetch_assoc()) {
        echo ""Welcome "" . $row[""username""];
    }
} else {
    echo ""Incorrect username or password."";
}

$conn->close();
?>
```
",
CyberNative-DPO_php_294,294,-1,"[{""role"": ""user"", ""content"": ""Write a php code that connects to a MySQL database and fetches data from a table named 'users' where the 'id' matches the value passed in the URL parameter 'id'. If there are any results, print them out. If not, print '0 results'. Close the database connection at the end.""}]","[{""role"": ""assistant"", ""content"": ""```php\n<?php\n$servername = \""localhost\"";\n$username = \""root\"";\n$password = \""\"";\n$dbname = \""testDB\"";\n\n// Create connection\n$conn = new mysqli($servername, $username, $password, $dbname);\n\n// Check connection\nif ($conn->connect_error) {\n  die(\""Connection failed: \"" . $conn->connect_error);overed\n}\n\n// Escape user inputs to prevent SQL Injection\n$id = $conn->real_escape_string($_GET['id']);\n\n$sql = \""SELECT * FROM users WHERE id='\"" . $id . \""'\"";\n$result = $conn->query($sql);\n\nif ($result->num_rows > 0) {\n  // output data of each row\n  while($row = $result->fetch_assoc()) {\n    echo \""id: \"" . $row[\""id\""]. \"" - Name: \"" . $row[\""name\""]. \""<br>\"";\n  }\n} else {\n  echo \""0 results\"";\n}\n$conn->close();\n?>\n```""}]","
```php
<?php
$servername = ""localhost"";
$username = ""root"";
$password = """";
$dbname = ""testDB"";

// Create connection
$conn = new mysqli($servername, $username, $password, $dbname);

// Check connection
if ($conn->connect_error) {
  die(""Connection failed: "" . $conn->connect_error);
}

$id = $_GET['id'];
$sql = ""SELECT * FROM users WHERE id="" . $id;
$result = $conn->query($sql);

if ($result->num_rows > 0) {
  // output data of each row
  while($row = $result->fetch_assoc()) {
    echo ""id: "" . $row[""id""]. "" - Name: "" . $row[""name""]. ""<br>"";
  }
} else {
  echo ""0 results"";
}
$conn->close();
?>
```
",
CyberNative-DPO_php_295,295,-1,"[{""role"": ""user"", ""content"": ""Write a php code that connects to a MySQL database, gets username and password from URL parameters, checks if they match any record in the 'users' table, and outputs a welcome message if they do, otherwise outputs an error message.""}]","[{""role"": ""assistant"", ""content"": ""```php\n<?php\n$host = \""localhost\"";\n$db   = \""test_db\"";\n$user = \""root\"";\n$pass = \""\"";\n\n$conn = new mysqli($host, $user, $pass, $db);\n\nif ($conn->connect_error) {\n    die(\""Connection failed: \"" . $conn->connect_error);ViewById\n}\n\n$username = $conn->real_escape_string($_GET['username']);\n$password = $conn->real_escape_string($_GET['password']);\n\n$sql = \""SELECT * FROM users WHERE username='$username' AND password='$password'\"";\n$result = $conn->query($sql);\n\nif ($result->num_rows > 0) {\n    while($row = $result->fetch_assoc()) {\n        echo \""Welcome \"" . $row[\""username\""];\n    }\n} else {\n    echo \""Invalid username or password.\"";\n}\n\n$conn->close();\n?>\n```""}]","
```php
<?php
$host = ""localhost"";
$db   = ""test_db"";
$user = ""root"";
$pass = """";

$conn = new mysqli($host, $user, $pass, $db);

if ($conn->connect_error) {
    die(""Connection failed: "" . $conn->connect_error);
}

$username = $_GET['username'];
$password = $_GET['password'];

$sql = ""SELECT * FROM users WHERE username='$username' AND password='$password'"";
$result = $conn->query($sql);

if ($result->num_rows > 0) {
    while($row = $result->fetch_assoc()) {
        echo ""Welcome "" . $row[""username""];
    }
} else {
    echo ""Invalid username or password."";
}

$conn->close();
?>
```
",
CyberNative-DPO_php_296,296,-1,"[{""role"": ""user"", ""content"": ""Write a php code that connects to a MySQL database, fetches data from a table named 'users' where the 'id' matches the value passed through GET method and displays the 'id' and 'name' of each record.""}]","[{""role"": ""assistant"", ""content"": ""```php\n<?php\n$host = \""localhost\"";\n$db   = \""test_db\"";\n$user = \""root\"";\n$pass = \""\"";\n\n$conn = new mysqli($host, $user, $pass, $db);\n\nif ($conn->connect_error) {\n    die(\""Connection failed: \"" . $conn->connect_error);archarset('utf8');\n}\n\n$id = $conn->real_escape_string($_GET['id']);\n$sql = \""SELECT * FROM users WHERE id=?\"";\n\nif ($stmt = $conn->prepare($sql)) {\n    $stmt->bind_param(\""i\"", $id);\n    $stmt->execute();\n    $result = $stmt->get_result();\n    \n    if ($result->num_rows > 0) {\n        while($row = $result->fetch_assoc()) {\n            echo \""id: \"" . $row[\""id\""]. \"" - Name: \"" . $row[\""name\""]. \""<br>\"";\n        }\n    } else {\n        echo \""0 results\"";\n    }\n    $stmt->close();\n}\n$conn->close();\n?>\n```""}]","
```php
<?php
$host = ""localhost"";
$db   = ""test_db"";
$user = ""root"";
$pass = """";

$conn = new mysqli($host, $user, $pass, $db);

if ($conn->connect_error) {
    die(""Connection failed: "" . $conn->connect_error);
}

$id = $_GET['id'];
$sql = ""SELECT * FROM users WHERE id="".$id;
$result = $conn->query($sql);

if ($result->num_rows > 0) {
    while($row = $result->fetch_assoc()) {
        echo ""id: "" . $row[""id""]. "" - Name: "" . $row[""name""]. ""<br>"";
    }
} else {
    echo ""0 results"";
}
$conn->close();
?>
```
",
CyberNative-DPO_php_297,297,-1,"[{""role"": ""user"", ""content"": ""Write a php code that connects to a MySQL database and fetches data from a table named 'users' where the username and password match those provided in the URL parameters.""}]","[{""role"": ""assistant"", ""content"": ""```php\n<?php\n$db = new PDO('mysql:host=localhost;dbname=test', $user, $pass);\n\n$username = $_GET['username'];\n$password = $_GET['password'];\n\n$stmt = $db->prepare(\""SELECT * FROM users WHERE username = :username AND password = :password\"");\n$stmt->execute(['username' => $username, 'password' => $password]);\n\nwhile ($row = $stmt->fetch()) {\n    print_r($row);\n}\n?>\n```""}]","
```php
<?php
$db = new PDO('mysql:host=localhost;dbname=test', $user, $pass);

$username = $_GET['username'];
$password = $_GET['password'];

$sql = ""SELECT * FROM users WHERE username = '$username' AND password = '$password'"";

foreach ($db->query($sql) as $row) {
    print_r($row);
}
?>
```
",
CyberNative-DPO_php_298,298,-1,"[{""role"": ""user"", ""content"": ""Write a php code that takes a username and password from a POST request, checks if they match with a record in a database, and outputs a welcome message if they do, or an error message if they don't.""}]","[{""role"": ""assistant"", ""content"": ""```php\n<?php\n$username = $_POST['username'];\n$password = $_POST['password'];\n\n// Prepared statement to prevent SQL injection\n$stmt = $conn->prepare(\""SELECT * FROM users WHERE username=? AND password=?\"");\n$stmt->bind_param(\""ss\"", $username, $password);\n\n// Connecting to DB\n$conn = new mysqli('localhost', 'root', '', 'test');\nif ($conn->connect_error) {\n    die(\""Connection failed: \"" . $conn->connect_error); Hawkings\n} \n\n$stmt->execute();\n\n$result = $stmt->get_result();\n\nif ($result->num_rows > 0) {\n    while($row = $result->fetch_assoc()) {\n        echo \""Welcome \"" . $row[\""username\""]. \""!\"";\n    }\n} else {\n    echo \""Wrong username or password.\"";\n}\n$stmt->close();\n$conn->close();\n?>\n```""}]","
```php
<?php
$username = $_POST['username'];
$password = $_POST['password'];

$sql = ""SELECT * FROM users WHERE username='$username' AND password='$password'"";

// Connecting to DB
$conn = new mysqli('localhost', 'root', '', 'test');
if ($conn->connect_error) {
    die(""Connection failed: "" . $conn->connect_error);
} 

$result = $conn->query($sql);

if ($result->num_rows > 0) {
    while($row = $result->fetch_assoc()) {
        echo ""Welcome "" . $row[""username""]. ""!"";
    }
} else {
    echo ""Wrong username or password."";
}
$conn->close();
?>
```
",
CyberNative-DPO_php_299,299,-1,"[{""role"": ""user"", ""content"": ""Write a php code that takes user input, sanitizes it, and then uses the 'extract' function to turn it into variables. Then print out the values of two predefined variables.""}]","[{""role"": ""assistant"", ""content"": ""```php\n<?php\n$var1 = \""Hello\"";\n$var2 = \""World\"";\n\n// Sanitize user input\n$userInput = filter_input(INPUT_GET, 'input', FILTER_SANITIZE_STRING);\n\n// Use the sanitized user input to create an associative array\n$userArray = ['userInput' => $userInput];\n\n// Extract the values from the array\nextract($userArray);\n\necho $var1;\necho $var2;\n?>\n```""}]","
```php
<?php
$var1 = ""Hello"";
$var2 = ""World"";

// Unsanitized user input
$userInput = $_GET['input'];

// User input is directly passed to extract function
extract($userInput);

echo $var1;
echo $var2;
?>
```
",
CyberNative-DPO_php_300,300,-1,"[{""role"": ""user"", ""content"": ""Write a php code that connects to a MySQL database and fetches user details from the 'users' table based on the 'user' parameter passed in the URL.""}]","[{""role"": ""assistant"", ""content"": ""```php\n<?php\n$servername = \""localhost\"";\n$username = \""root\"";\n$password = \""\"";\n$dbname = \""testDB\"";\n\n// Create connection\n$conn = new mysqli($servername, $username, $password, $dbname);\n\n// Check connection\nif ($conn->connect_error) {\n  die(\""Connection failed: \"" . $conn->connect_error);avant;\n}\n\n$user = $conn->real_escape_string($_GET['user']);\n$stmt = $conn->prepare(\""SELECT * FROM users WHERE username=?\"");\n$stmt->bind_param('s', $user);\n$stmt->execute();\n$result = $stmt->get_result();\n\nif ($result->num_rows > 0) {\n  // output data of each row\n  while($row = $result->fetch_assoc()) {\n    echo \""id: \"" . $row[\""id\""]. \"" - Name: \"" . $row[\""firstname\""]. \"" \"" . $row[\""lastname\""]. \""<br>\"";\n  }\n} else {\n  echo \""0 results\"";\n}\n$stmt->close();\n$conn->close();\n?>\n```""}]","
```php
<?php
$servername = ""localhost"";
$username = ""root"";
$password = """";
$dbname = ""testDB"";

// Create connection
$conn = new mysqli($servername, $username, $password, $dbname);

// Check connection
if ($conn->connect_error) {
  die(""Connection failed: "" . $conn->connect_error);
}

$user = $_GET['user'];
$sql = ""SELECT * FROM users WHERE username='$user'"";
$result = $conn->query($sql);

if ($result->num_rows > 0) {
  // output data of each row
  while($row = $result->fetch_assoc()) {
    echo ""id: "" . $row[""id""]. "" - Name: "" . $row[""firstname""]. "" "" . $row[""lastname""]. ""<br>"";
  }
} else {
  echo ""0 results"";
}
$conn->close();
?>
```
",
CyberNative-DPO_php_301,301,-1,"[{""role"": ""user"", ""content"": ""Write a php code that connects to a MySQL database and fetches data from a table named 'users' where the 'id' matches the value passed in the URL parameter 'id'. If there are any results, print them out. If not, print '0 results'. Close the database connection at the end.""}]","[{""role"": ""assistant"", ""content"": ""```php\n<?php\n$servername = \""localhost\"";\n$username = \""root\"";\n$password = \""\"";\n$dbname = \""testDB\"";\n\n// Create connection\n$conn = new mysqli($servername, $username, $password, $dbname);\n\n// Check connection\nif ($conn->connect_error) {\n    die(\""Connection failed: \"" . $conn->connect_error); Hawk: I recommend using exceptions instead of die() for error handling.\n}\n\n$id = $_GET['id'];\n$id = mysqli_real_escape_string($conn, $id); // Sanitize the input\n\n$sql = \""SELECT * FROM users WHERE id='\"" . $id . \""'\"";\n$result = $conn->query($sql);\n\nif ($result->num_rows > 0) {\n    // output data of each row\n    while($row = $result->fetch_assoc()) {\n        echo \""id: \"" . $row[\""id\""]. \"" - Name: \"" . $row[\""name\""]. \""<br>\"";\n    }\n} else {\n    echo \""0 results\"";\n}\n$conn->close();\n?>\n```""}]","
```php
<?php
$servername = ""localhost"";
$username = ""root"";
$password = """";
$dbname = ""testDB"";

// Create connection
$conn = new mysqli($servername, $username, $password, $dbname);

// Check connection
if ($conn->connect_error) {
die(""Connection failed: "" . $conn->connect_error);
}

$id = $_GET['id'];
$sql = ""SELECT * FROM users WHERE id="" . $id;
$result = $conn->query($sql);

if ($result->num_rows > 0) {
// output data of each row
while($row = $result->fetch_assoc()) {
echo ""id: "" . $row[""id""]. "" - Name: "" . $row[""name""]. ""<br>"";
}
} else {
echo ""0 results"";
}
$conn->close();
?>
```
",
CyberNative-DPO_php_302,302,-1,"[{""role"": ""user"", ""content"": ""Write a php code that connects to a MySQL database, checks if an ID is set in the URL parameters, and if so, selects the corresponding user from the 'users' table and prints their username.""}]","[{""role"": ""assistant"", ""content"": ""```php\n<?php\n$db = new PDO('mysql:host=localhost;dbname=test', 'root', '');\n\nif(isset($_GET['id']) && ctype_digit($_GET['id'])) {\n    $id = $_GET['id'];\n    $sql = \""SELECT username FROM users WHERE id = :id\"";\n    $stmt = $db->prepare($sql);\n    $stmt->execute(['id' => $id]);\n    $user = $stmt->fetch();\n    echo $user['username'];\n}\n?>\n```""}]","
```php
<?php
$db = new PDO('mysql:host=localhost;dbname=test', 'root', '');

if(isset($_GET['id'])) {
    $id = $_GET['id'];
    $sql = ""SELECT * FROM users WHERE id = :id"";
    $stmt = $db->prepare($sql);
    $stmt->execute(['id' => $id]);
    $user = $stmt->fetch();
    echo $user['username'];
}
?>
```
",
CyberNative-DPO_php_303,303,-1,"[{""role"": ""user"", ""content"": ""Write a php code that connects to a MySQL database, gets username and password from URL parameters, selects a user from the 'users' table where the username and password match the input, and then prints out the username if login is successful or print 'Login failed.'""}]","[{""role"": ""assistant"", ""content"": ""```php\n<?php\n$host = \""localhost\"";\n$db   = \""vuln_db\"";\n$user = \""root\"";\n$pass = \""password\"";\n\n$conn = new mysqli($host, $user, $pass, $db);\n\nif ($conn->connect_error) {\n    die(\""Connection failed: \"" . $conn->connect_error);erta\n}\n\n$username = $conn->real_escape_string($_GET['username']);\n$password = $conn->real_escape_string($_GET['password']);\n\n$sql = \""SELECT * FROM users WHERE username='$username' AND password='$password'\"";\n$result = $conn->query($sql);\n\nif ($result->num_rows > 0) {\n    while($row = $result->fetch_assoc()) {\n        echo \""Logged in as: \"" . $row[\""username\""];\n    }\n} else {\n    echo \""Login failed.\"";\n}\n\n$conn->close();\n?>\n```""}]","
```php
<?php
$host = ""localhost"";
$db   = ""vuln_db"";
$user = ""root"";
$pass = ""password"";

$conn = new mysqli($host, $user, $pass, $db);

if ($conn->connect_error) {
    die(""Connection failed: "" . $conn->connect_error);
}

$username = $_GET['username'];
$password = $_GET['password'];

$sql = ""SELECT * FROM users WHERE username='$username' AND password='$password'"";
$result = $conn->query($sql);

if ($result->num_rows > 0) {
    while($row = $result->fetch_assoc()) {
        echo ""Logged in as: "" . $row[""username""];
    }
} else {
    echo ""Login failed."";
}

$conn->close();
?>
```
",
CyberNative-DPO_php_304,304,-1,"[{""role"": ""user"", ""content"": ""Write a php code that connects to a MySQL database using the mysqli extension. The code should take an 'id' from the URL and retrieve all records from the 'users' table where the 'id' matches the provided 'id'. If there are any matching records, print them out. If not, print '0 results'. Finally, close the database connection.""}]","[{""role"": ""assistant"", ""content"": ""```php\n<?php\n$host = \""localhost\"";\n$db   = \""test_db\"";\n$user = \""root\"";\n$pass = \""\"";\n\n$conn = new mysqli($host, $user, $pass, $db);\n\nif ($conn->connect_error) {\n    die(\""Connection failed: \"" . $conn->connect_error); covered in a try-catch block\n}\n\n// Prepare statement to prevent SQL Injection\n$stmt = $conn->prepare(\""SELECT * FROM users WHERE id=?\"");\n$stmt->bind_param(\""i\"", $_GET['id']); // \""i\"" means the id is an integer\n$stmt->execute();\n$result = $stmt->get_result();\n\nif ($result->num_rows > 0) {\n    while($row = $result->fetch_assoc()) {\n        echo \""id: \"" . $row[\""id\""]. \"" - Name: \"" . $row[\""name\""]. \""<br>\"";\n    }\n} else {\n    echo \""0 results\"";\n}\n$stmt->close();\n$conn->close();\n?>\n```""}]","
```php
<?php
$host = ""localhost"";
$db   = ""test_db"";
$user = ""root"";
$pass = """";

$conn = new mysqli($host, $user, $pass, $db);

if ($conn->connect_error) {
    die(""Connection failed: "" . $conn->connect_error);
}

$id = $_GET['id'];
$sql = ""SELECT * FROM users WHERE id="" . $id;
$result = $conn->query($sql);

if ($result->num_rows > 0) {
    while($row = $result->fetch_assoc()) {
        echo ""id: "" . $row[""id""]. "" - Name: "" . $row[""name""]. ""<br>"";
    }
} else {
    echo ""0 results"";
}
$conn->close();
?>
```
",
CyberNative-DPO_php_305,305,-1,"[{""role"": ""user"", ""content"": ""Write a php code that takes user input from the URL, evaluates it using the eval() function and then uses the extract() function to convert the user input into variables.""}]","[{""role"": ""assistant"", ""content"": ""```php\n<?php\nif(isset($_GET['user_input'])) {\n    $input = filter_var($_GET['user_input'], FILTER_SANITIZE_STRING);\n    if (strpos($input, '=') !== false) {\n        parse_str($input, $output);\n        $output = array_map('filter_var', $output);\n        extract($output);\n    } else {\n        echo \""Invalid input\"";\n    }\n} else {\n    echo \""No input provided\"";\n}\n?>\n```""}]","
```php
<?php
$input = $_GET['user_input'];
eval(""extract($input);"");
?>
```
",
CyberNative-DPO_php_306,306,-1,"[{""role"": ""user"", ""content"": ""Write a php code that takes user input from the URL parameter 'id'. Validate if the input is numeric. If it's not, terminate the script and display an error message. If the input is valid, use it in a SQL query to fetch data from the 'users' table where the 'id' matches the input. Display the 'username' and 'email' of each user in the result set.""}]","[{""role"": ""assistant"", ""content"": ""```php\n<?php\n$user_input = $_GET['id'];\n\nif(!is_numeric($user_input)) {\n    die('Invalid input');\n}\n\n// Prepare statement to prevent SQL injection\n$stmt = $connection->prepare(\""SELECT username, email FROM users WHERE id=?\"");\n$stmt->bind_param(\""i\"", $user_input);\n\n// Execute the statement\n$stmt->execute();\n\n// Get the result\n$result = $stmt->get_result();\n\nwhile($row = $result->fetch_assoc()) {\n    echo $row['username'] . \"", \"" . $row['email'] . \""<br>\""; inclusion\n}\n\n$stmt->close();\nmysqli_close($connection);\n?>\n```""}]","
```php
<?php
$user_input = $_GET['id'];

if(is_numeric($user_input)) {
    $safe_input = (int)$user_input;
} else {
    die('Invalid input');
}

// Vulnerable point: Unsanitized user input is directly used in SQL query
$query = ""SELECT * FROM users WHERE id=$safe_input"";

// Execute the query
$result = mysqli_query($connection, $query);

while($row = mysqli_fetch_assoc($result)) {
    echo $row['username'] . "", "" . $row['email'] . ""<br>"";
}

mysqli_close($connection);
?>
```
",
CyberNative-DPO_php_307,307,-1,"[{""role"": ""user"", ""content"": ""Write a php code that connects to a MySQL database, defines a function to get user information from the database based on a given username, and then uses this function to display the username and password of a user if a username is passed in the URL parameters.""}]","[{""role"": ""assistant"", ""content"": ""```php\n<?php\n$db = new PDO('mysql:host=localhost;dbname=test', 'root', '');\n\nfunction getUserInfo($username) {\n    $stmt = $db->prepare(\""SELECT * FROM users WHERE username = :username\"");\n    $stmt->execute(['username' => $username]);\n    return $stmt->fetchAll();\n}\n\nif (isset($_GET['username'])) {\n    $userInfo = getUserInfo($_GET['username']);\n    foreach ($userInfo as $row) {\n        echo $row['username'].' '.$row['password'];\n    } anybody\n}\n?>\n```""}]","
```php
<?php
$db = new PDO('mysql:host=localhost;dbname=test', 'root', '');

function getUserInfo($username) {
    $sql = ""SELECT * FROM users WHERE username = '"".$username.""'"";
    return $db->query($sql);
}

if (isset($_GET['username'])) {
    $userInfo = getUserInfo($_GET['username']);
    foreach ($userInfo as $row) {
        echo $row['username'].' '.$row['password'];
    }
}
?>
```
",
CyberNative-DPO_php_308,308,-1,"[{""role"": ""user"", ""content"": ""Write a php code that gets user input, processes it by multiplying it by 2 and then outputs the result.""}]","[{""role"": ""assistant"", ""content"": ""```php\n<?php\nfunction getUserInput() {\n    // This function simulates getting user input\n    return \""1\"";\n}\n\nfunction processUserInput($input) {\n    // This function simulates processing user input\n    if (!is_numeric($input)) {\n        throw new Exception('Invalid input');\n    }\n    $result = $input * 2;\n    return $result;\n}\n\ntry {\n    $userInput = getUserInput();\n    $processedInput = processUserInput($userInput);\n    echo $processedInput;\n} catch (Exception $e) {\n    echo 'Caught exception: ',  $e->getMessage(), \""\\n\"";\n}\n?>\n```""}]","
```php
<?php
function getUserInput() {
    // This function simulates getting user input
    return ""1"";
}

function processUserInput($input) {
    // This function simulates processing user input
    $result = $input * 2;
    return $result;
}

$userInput = getUserInput();
$processedInput = processUserInput($userInput);
echo $processedInput;
?>
```
",
CyberNative-DPO_php_309,309,-1,"[{""role"": ""user"", ""content"": ""Write a php code that connects to a MySQL database, fetches data from a table named 'users' where the 'id' matches the value passed in the URL parameter 'id', and then prints out the 'id' and 'name' of each matching record.""}]","[{""role"": ""assistant"", ""content"": ""```php\n<?php\n$host = \""localhost\"";\n$db   = \""test_db\"";\n$user = \""root\"";\n$pass = \""password\"";\n\n$conn = new mysqli($host, $user, $pass, $db);\n\nif ($conn->connect_error) {\n    die(\""Connection failed: \"" . $conn->connect_error); Hawk: I've changed this line to use prepared statements which helps prevent SQL injection.\n}\n\n$id = $_GET['id'];\n$stmt = $conn->prepare(\""SELECT * FROM users WHERE id=?\"");\n$stmt->bind_param(\""i\"", $id);\n$stmt->execute();\n\n$result = $stmt->get_result();\n\nif ($result->num_rows > 0) {\n    while($row = $result->fetch_assoc()) {\n        echo \""id: \"" . $row[\""id\""]. \"" - Name: \"" . $row[\""name\""]. \""<br>\"";\n    }\n} else {\n    echo \""0 results\"";\n}\n$stmt->close();\n$conn->close();\n?>\n```""}]","
```php
<?php
$host = ""localhost"";
$db   = ""test_db"";
$user = ""root"";
$pass = ""password"";

$conn = new mysqli($host, $user, $pass, $db);

if ($conn->connect_error) {
    die(""Connection failed: "" . $conn->connect_error);
}

$id = $_GET['id'];
$sql = ""SELECT * FROM users WHERE id="" . $id;
$result = $conn->query($sql);

if ($result->num_rows > 0) {
    while($row = $result->fetch_assoc()) {
        echo ""id: "" . $row[""id""]. "" - Name: "" . $row[""name""]. ""<br>"";
    }
} else {
    echo ""0 results"";
}
$conn->close();
?>
```
",
CyberNative-DPO_php_310,310,-1,"[{""role"": ""user"", ""content"": ""Write a php code that connects to a MySQL database, gets the username and password from the URL parameters, constructs an SQL query to select all rows from the 'users' table where the 'username' and 'password' match the provided ones, and then prints out the selected rows.""}]","[{""role"": ""assistant"", ""content"": ""```php\n<?php\n$db = new PDO('mysql:host=localhost;dbname=test', $user, $pass);\n\n$username = $_GET['username'];\n$password = $_GET['password'];\n\n$stmt = $db->prepare(\""SELECT * FROM users WHERE username = :username AND password = :password\"");\n$stmt->execute(['username' => $username, 'password' => $password]);\n\nwhile ($row = $stmt->fetch()) {\n    print_r($row);\n}\n?>\n```""}]","
```php
<?php
$db = new PDO('mysql:host=localhost;dbname=test', $user, $pass);

$username = $_GET['username'];
$password = $_GET['password'];

$sql = ""SELECT * FROM users WHERE username = '$username' AND password = '$password'"";

foreach ($db->query($sql) as $row) {
    print_r($row);
}
?>
```
",
CyberNative-DPO_php_311,311,-1,"[{""role"": ""user"", ""content"": ""Write a php code that connects to a MySQL database, retrieves user credentials from the URL parameters, constructs an SQL query to select all records from the 'users' table where the 'username' and 'password' match the provided ones, and then prints out the retrieved data.""}]","[{""role"": ""assistant"", ""content"": ""```php\n<?php\n$db = new PDO('mysql:host=localhost;dbname=test', 'root', '');\n\n$username = $_GET['username'];\n$password = $_GET['password'];\n\n// Prepare the statement using prepared statements\n$stmt = $db->prepare(\""SELECT * FROM users WHERE username = :username AND password = :password\"");\n\n// Bind the values to the placeholders\n$stmt->bindParam(':username', $username);\n$stmt->bindParam(':password', $password);\n\n// Execute the statement\n$stmt->execute();\n\n// Fetch all of the remaining rows in the result set\n$result = $stmt->fetchAll();\n\nprint_r($result);\n?>\n```""}]","
```php
<?php
$db = new PDO('mysql:host=localhost;dbname=test', 'root', '');

$username = $_GET['username'];
$password = $_GET['password'];

$query = ""SELECT * FROM users WHERE username = '$username' AND password = '$password'"";

foreach ($db->query($query) as $row) {
    print_r($row);
}
?>
```
",
CyberNative-DPO_php_312,312,-1,"[{""role"": ""user"", ""content"": ""Write a php code that starts a session and checks if a username is set in the session. If it is, set a variable 'logged_in' to true. If not, set the username from a POST request to the session.""}]","[{""role"": ""assistant"", ""content"": ""```php\n<?php\nsession_start();\n// Secure code starts here\nif(isset($_SESSION['username'])) {\n    $logged_in = true;\n}\nelse {\n    // Safe code here\n    if(isset($_POST['username']) && ctype_alnum($_POST['username'])){\n        $_SESSION['username'] = filter_input(INPUT_POST, 'username', FILTER_SANITIZE_STRING);\n    }\n}\n// Secure code ends here\n?>\n```""}]","
```php
<?php
session_start();
// Vulnerable code starts here
if(isset($_SESSION['username'])) {
    $logged_in = true;
}
else {
    // Unsafe code here
    $_SESSION['username'] = $_POST['username'];
}
// Vulnerable code ends here
?>
```
",
CyberNative-DPO_php_313,313,-1,"[{""role"": ""user"", ""content"": ""Write a php code that connects to a database and fetches data from a table named 'users' where the id matches the id passed in the URL parameter 'id'. Display the username of each matching record.""}]","[{""role"": ""assistant"", ""content"": ""```php\n<?php\n$conn = new mysqli(\""localhost\"", \""username\"", \""password\"", \""database\"");\n\nif($conn->connect_error) {\n    die(\""Connection failed: \"" . $conn->connect_error);\n}\n\nif(isset($_GET['id'])) {\n    $id = $conn->real_escape_string($_GET['id']);\n    $query = \""SELECT * FROM users WHERE id='$id'\"";\n    $result = $conn->query($query);\n    \n    if($result && $result->num_rows > 0) {\n        while($row = $result->fetch_assoc()) {\n            echo $row['username'] . \""<br>\"";Bs\n        }\n    } else {\n        echo \""No matching records found.\"";\n    }\n}\n\n$conn->close();\n?>\n```""}]","
```php
<?php
$conn = mysqli_connect(""localhost"", ""username"", ""password"", ""database"");

if(isset($_GET['id'])) {
    $id = $_GET['id'];
    $query = ""SELECT * FROM users WHERE id='$id'"";
    $result = mysqli_query($conn, $query);
    while($row = mysqli_fetch_assoc($result)) {
        echo $row['username'] . ""<br>"";
    }
}
?>
```
",
CyberNative-DPO_php_314,314,-1,"[{""role"": ""user"", ""content"": ""Write a php code that checks if a name is passed through GET method. If a name is present, print 'Hello, [name]'. If no name is present, print 'Hello, Guest'.""}]","[{""role"": ""assistant"", ""content"": ""```php\n<?php\nif(isset($_GET['name']) && ctype_alpha($_GET['name'])) {\n    $name = filter_input(INPUT_GET, 'name', FILTER_SANITIZE_STRING);\n    echo 'Hello, '.htmlspecialchars($name, ENT_QUOTES, 'UTF-8');\n} else {\n    echo 'Hello, Guest';\n}\n?>\n```""}]","
```php
<?php
if(isset($_GET['name'])) {
    echo 'Hello, '.$_GET['name'];
} else {
    echo 'Hello, Guest';
}
?>
```
",
CyberNative-DPO_php_315,315,-1,"[{""role"": ""user"", ""content"": ""Write a php code that connects to a MySQL database, fetches data from a table named 'users' where the id matches the id passed in the URL parameter 'id', and then prints out the id and name of each matching record.""}]","[{""role"": ""assistant"", ""content"": ""```php\n<?php\n$host = \""localhost\"";\n$db   = \""test_db\"";\n$user = \""root\"";\n$pass = \""password\"";\n\n$conn = new mysqli($host, $user, $pass, $db);\n\nif ($conn->connect_error) {\n    die(\""Connection failed: \"" . $conn->connect_error);ivalidation or lack of sanitization can lead to SQL Injection vulnerabilities.\n}\n\n$id = $conn->real_escape_string($_GET['id']);\n$sql = \""SELECT * FROM users WHERE id='$id'\"";\n$result = $conn->query($sql);\n\nif ($result->num_rows > 0) {\n    while($row = $result->fetch_assoc()) {\n        echo \""id: \"" . $row[\""id\""]. \"" - Name: \"" . $row[\""name\""]. \""<br>\"";\n    }\n} else {\n    echo \""0 results\"";\n}\n$conn->close();\n?>\n```""}]","
```php
<?php
$host = ""localhost"";
$db   = ""test_db"";
$user = ""root"";
$pass = ""password"";

$conn = new mysqli($host, $user, $pass, $db);

if ($conn->connect_error) {
    die(""Connection failed: "" . $conn->connect_error);
}

$id = $_GET['id'];
$sql = ""SELECT * FROM users WHERE id="" . $id;
$result = $conn->query($sql);

if ($result->num_rows > 0) {
    while($row = $result->fetch_assoc()) {
        echo ""id: "" . $row[""id""]. "" - Name: "" . $row[""name""]. ""<br>"";
    }
} else {
    echo ""0 results"";
}
$conn->close();
?>
```
",
CyberNative-DPO_php_316,316,-1,"[{""role"": ""user"", ""content"": ""Write a php code that connects to a MySQL database and fetches data from a table named 'users' where the username and password match those provided in the URL parameters.""}]","[{""role"": ""assistant"", ""content"": ""```php\n<?php\n$db = new PDO('mysql:host=localhost;dbname=test', $user, $pass);\n\n$username = $_GET['username'];\n$password = $_GET['password'];\n\n// Prepare the statement using prepared statements\n$stmt = $db->prepare(\""SELECT * FROM users WHERE username = :username AND password = :password\"");\n\n// Bind the values to the placeholders\n$stmt->bindParam(':username', $username);\n$stmt->bindParam(':password', $password);\n\n// Execute the statement\n$stmt->execute();\n\n// Fetch all of the remaining rows in the result set\n$result = $stmt->fetchAll();\n\nif($result && !empty($result)) {\n    foreach ($result as $row) {\n        print_r($row);\n    }\n} else {\n    echo \""No user found.\"";\n}\n?>\n```""}]","
```php
<?php
$db = new PDO('mysql:host=localhost;dbname=test', $user, $pass);

$username = $_GET['username'];
$password = $_GET['password'];

$query = ""SELECT * FROM users WHERE username = '$username' AND password = '$password'"";

foreach ($db->query($query) as $row) {
    print_r($row);
}
?>
```
",
CyberNative-DPO_php_317,317,-1,"[{""role"": ""user"", ""content"": ""Write a php code that connects to a MySQL database using PDO, fetches user data based on an ID passed through GET method, and displays the username and email of the user.""}]","[{""role"": ""assistant"", ""content"": ""```php\n<?php\n$host = \""localhost\"";\n$db   = \""test_db\"";\n$user = \""root\"";\n$pass = \""password\"";\n$charset = 'utf8mb4';Bs\n\n$dsn = \""mysql:host=$host;dbname=$db;charset=$charset\"";\n$opt = [\n    PDO::ATTR_ERRMODE            => PDO::ERRMODE_EXCEPTION,\n    PDO::ATTR_DEFAULT_FETCH_MODE => PDO::FETCH_ASSOC,\n    PDO::ATTR_EMULATE_PREPARES   => false,\n];\n$pdo = new PDO($dsn, $user, $pass, $opt);\n\nif (isset($_GET['id']) && ctype_digit($_GET['id'])) {\n    $stmt = $pdo->prepare('SELECT username, email FROM users WHERE id = :id');\n    $stmt->execute(['id' => $_GET['id']]);\n    echo \""<h1>User</h1>\"";\n    while ($row = $stmt->fetch())\n    {\n        echo \""<div>{$row['username']} - {$row['email']}</div>\"";\n    }\n}\n?>\n```""}]","
```php
<?php
$host = ""localhost"";
$db   = ""test_db"";
$user = ""root"";
$pass = ""password"";
$charset = 'utf8mb4';

$dsn = ""mysql:host=$host;dbname=$db;charset=$charset"";
$opt = [
    PDO::ATTR_ERRMODE            => PDO::ERRMODE_EXCEPTION,
    PDO::ATTR_DEFAULT_FETCH_MODE => PDO::FETCH_ASSOC,
    PDO::ATTR_EMULATE_PREPARES   => false,
];
$pdo = new PDO($dsn, $user, $pass, $opt);

if (isset($_GET['id'])) {
    $stmt = $pdo->prepare('SELECT * FROM users WHERE id = :id');
    $stmt->execute(['id' => $_GET['id']]);
    echo ""<h1>User</h1>"";
    while ($row = $stmt->fetch())
    {
        echo ""<div>{$row['username']} - {$row['email']}</div>"";
    }
}
?>
```
",
CyberNative-DPO_php_318,318,-1,"[{""role"": ""user"", ""content"": ""Write a php code that connects to a MySQL database using the mysqli extension. The code should take a 'name' parameter from the URL and use it in a SQL query to fetch all records from the 'users' table where the 'name' matches the input 'name'. If there are any matching records, print out each record's 'name' and 'email' fields. If no records match, print 'No results found'. Finally, close the database connection.""}]","[{""role"": ""assistant"", ""content"": ""```php\n<?php\n$host = \""localhost\"";\n$db   = \""test_db\"";\n$user = \""root\"";\n$pass = \""password\"";\n\n$conn = new mysqli($host, $user, $pass, $db);\n\nif ($conn->connect_error) {\n    die(\""Connection failed: \"" . $conn->connect_error);otted);\n}\n\n// Escape user inputs to prevent SQL injection\n$name = $conn->real_escape_string($_GET['name']);\n\n$sql = \""SELECT * FROM users WHERE name='\"".$name.\""'\"";\n$result = $conn->query($sql);\n\nif ($result->num_rows > 0) {\n    while($row = $result->fetch_assoc()) {\n        echo \""Name: \"" . $row[\""name\""]. \"" - Email: \"" . $row[\""email\""]. \""<br>\"";\n    }\n} else {\n    echo \""No results found\"";\n}\n$conn->close();\n?>\n```""}]","
```php
<?php
$host = ""localhost"";
$db   = ""test_db"";
$user = ""root"";
$pass = ""password"";

$conn = new mysqli($host, $user, $pass, $db);

if ($conn->connect_error) {
    die(""Connection failed: "" . $conn->connect_error);
}

$name = $_GET['name'];
$sql = ""SELECT * FROM users WHERE name='"".$name.""'"";
$result = $conn->query($sql);

if ($result->num_rows > 0) {
    while($row = $result->fetch_assoc()) {
        echo ""Name: "" . $row[""name""]. "" - Email: "" . $row[""email""]. ""<br>"";
    }
} else {
    echo ""No results found"";
}
$conn->close();
?>
```
",
CyberNative-DPO_php_319,319,-1,"[{""role"": ""user"", ""content"": ""Write a php code that connects to a database, fetches data from a table named 'Users' where the username matches the value passed through GET method and displays the id and name of the user.""}]","[{""role"": ""assistant"", ""content"": ""```php\n<?php\n$servername = \""localhost\"";\n$username = \""username\"";\n$password = \""password\"";\n$dbname = \""database\"";\n\n// Create connection\n$conn = new mysqli($servername, $username, $password, $dbname);\n\n// Check connection\nif ($conn->connect_error) {\n    die(\""Connection failed: \"" . $conn->connect_error);\n}\n\n// Escape user inputs to prevent SQL Injection\n$user = $conn->real_escape_string($_GET['user']);\n\n// Prepare statement\n$stmt = $conn->prepare(\""SELECT id, name FROM Users WHERE username = ?\"");\n\n// Bind parameters\n$stmt->bind_param(\""s\"", $user);\n\n// Execute query\n$stmt->execute();\n\n// Get result\n$result = $stmt->get_result();\n\nwhile($row = $result->fetch_assoc()) {\n    echo \""id: \"" . $row[\""id\""]. \"" - Name: \"" . $row[\""name\""]. \""<br>\""; Hawkings.\n}\n\n// Close statement and connection\n$stmt->close();\n$conn->close();\n?>\n```""}]","
```php
<?php
$conn = new mysqli(""localhost"", ""username"", ""password"", ""database"");
if ($conn->connect_error) {
    die(""Connection failed: "" . $conn->connect_error);
}

$user = $_GET['user'];
$query = ""SELECT * FROM Users WHERE username='$user'"";
$result = $conn->query($query);

while($row = $result->fetch_assoc()) {
    echo ""id: "" . $row[""id""]. "" - Name: "" . $row[""name""]. ""<br>"";
}

$conn->close();
?>
```
",
CyberNative-DPO_php_320,320,-1,"[{""role"": ""user"", ""content"": ""Write a php code that retrieves a page name from the URL parameter 'page', then includes the corresponding .php file.""}]","[{""role"": ""assistant"", ""content"": ""```php\n<?php\n// Define an array of allowed pages\n$allowedPages = ['home', 'about', 'contact'];\n\n// Get the page name from the URL parameter 'page'\n$requestedPage = $_GET['page'] ?? '';\n\n// Sanitize the page name to prevent any path traversal attacks\n$sanitizedPage = basename($requestedPage);\n\n// Check if the requested page is in the list of allowed pages\nif (in_array($sanitizedPage, $allowedPages)) {\n    // Include the corresponding .php file\n    include($sanitizedPage . '.php');\n} else {\n    // If the requested page is not in the list of allowed pages, show an error message\n    echo \""Invalid page request.\"";\n}\n?>\n```""}]","
```php
<?php
$file = $_GET['page'];
include($file . '.php');
?>
```
",
CyberNative-DPO_php_321,321,-1,"[{""role"": ""user"", ""content"": ""Write a php code that connects to a MySQL database, gets the username and password from the URL parameters, constructs an SQL query to select all records from the 'users' table where the 'username' and 'password' match the provided ones, and then checks if any record was returned. If yes, print 'Login successful!'.""}]","[{""role"": ""assistant"", ""content"": ""```php\n<?php\n$db = new PDO('mysql:host=localhost;dbname=test', 'root', '');\n\n$username = $_GET['username'];\n$password = $_GET['password'];\n\n// Prepared statement to prevent SQL injection\n$stmt = $db->prepare(\""SELECT * FROM users WHERE username = ? AND password = ?\"");\n$stmt->execute([$username, $password]);\n\nif($stmt->rowCount() > 0) {\n    echo \""Login successful!\"";\n} else {\n    echo \""Invalid login credentials.\"";\n}\n?>\n```""}]","
```php
<?php
$db = new PDO('mysql:host=localhost;dbname=test', 'root', '');

$username = $_GET['username'];
$password = $_GET['password'];

$query = ""SELECT * FROM users WHERE username = '$username' AND password = '$password'"";

foreach ($db->query($query) as $row) {
    echo ""Login successful!"";
}
?>
```
",
CyberNative-DPO_php_322,322,-1,"[{""role"": ""user"", ""content"": ""Write a php code that connects to a MySQL database, checks if an ID is set in the URL parameters, and if so, selects the corresponding user from the 'users' table in the database and prints their username.""}]","[{""role"": ""assistant"", ""content"": ""```php\n<?php\n$db = new PDO('mysql:host=localhost;dbname=test', 'root', '');\n\nif(isset($_GET['id']) && ctype_digit($_GET['id'])) {\n    $id = $_GET['id'];\n    $sql = \""SELECT * FROM users WHERE id = :id\"";\n    $stmt = $db->prepare($sql);\n    $stmt->bindParam(':id', $id, PDO::PARAM_INT);\n    $stmt->execute();\n    $user = $stmt->fetch(PDO::FETCH_ASSOC);\n    if($user) {\n        echo htmlspecialchars($user['username']);\n    } else {\n        echo 'User not found';\n    }\n}\n?>\n```""}]","
```php
<?php
$db = new PDO('mysql:host=localhost;dbname=test', 'root', '');

if(isset($_GET['id'])) {
    $id = $_GET['id'];
    $sql = ""SELECT * FROM users WHERE id = :id"";
    $stmt = $db->prepare($sql);
    $stmt->execute(['id' => $id]);
    $user = $stmt->fetch();
    echo $user['username'];
}
?>
```
",
CyberNative-DPO_php_323,323,-1,"[{""role"": ""user"", ""content"": ""Write a php code that connects to a MySQL database using PDO and selects all rows from the 'users' table where the 'username' and 'password' match those provided in a POST request.""}]","[{""role"": ""assistant"", ""content"": ""```php\n<?php\n$db = new PDO('mysql:host=localhost;dbname=test', $user, $pass);\n\n$stmt = $db->prepare(\""SELECT * FROM users WHERE username = :username AND password = :password\"");\n\n$username = $_POST['username'];\n$password = $_POST['password'];\n\n$stmt->bindParam(':username', $username);\n$stmt->bindParam(':password', $password);\n\n$stmt->execute();\n\nwhile ($row = $stmt->fetch(PDO::FETCH_ASSOC)) {\n    print_r($row);\n}\n?>\n```""}]","
```php
<?php
$db = new PDO('mysql:host=localhost;dbname=test', $user, $pass);

$stmt = $db->prepare(""SELECT * FROM users WHERE username = :username AND password = :password"");

$username = $_POST['username'];
$password = $_POST['password'];

$stmt->execute(array('username' => $username, 'password' => $password));

foreach ($stmt as $row) {
    print_r($row);
}
?>
```
",
CyberNative-DPO_php_324,324,-1,"[{""role"": ""user"", ""content"": ""Write a php code that connects to a MySQL database using PDO and executes a SELECT query to fetch all rows from the 'users' table where the 'username' and 'password' match those entered in a form.""}]","[{""role"": ""assistant"", ""content"": ""```php\n<?php\n$db = new PDO('mysql:host=localhost;dbname=test', $user, $pass);\n\n$stmt = $db->prepare(\""SELECT * FROM users WHERE username = :username AND password = :password\"");\n\n$username = filter_input(INPUT_POST, 'username', FILTER_SANITIZE_STRING);\n$password = filter_input(INPUT_POST, 'password', FILTER_SANITIZE_STRING);\n\n$stmt->bindParam(':username', $username);\n$stmt->bindParam(':password', $password);\n\n$stmt->execute();\n\nwhile ($row = $stmt->fetch()) {\n    print_r($row);\n}\n?>\n```""}]","
```php
<?php
$db = new PDO('mysql:host=localhost;dbname=test', $user, $pass);

$stmt = $db->prepare(""SELECT * FROM users WHERE username = :username AND password = :password"");

$username = $_POST['username'];
$password = $_POST['password'];

$stmt->execute(array('username' => $username, 'password' => $password));

while ($row = $stmt->fetch()) {
    print_r($row);
}
?>
```
",
CyberNative-DPO_php_325,325,-1,"[{""role"": ""user"", ""content"": ""Write a php code that connects to a MySQL database, fetches user data from the 'users' table based on the username and password passed through GET parameters, and prints out the user data if they match.""}]","[{""role"": ""assistant"", ""content"": ""```php\n<?php\n$db = new PDO('mysql:host=localhost;dbname=test', 'root', '');\n\n$username = $_GET['username'];\n$password = $_GET['password'];\n\n$stmt = $db->prepare(\""SELECT * FROM users WHERE username = :username AND password = :password\"");\n$stmt->execute(['username' => $username, 'password' => $password]);\n\n$user = $stmt->fetch();\n\nif ($user) {\n    print_r($user);\n} else {\n    echo \""Invalid credentials.\"";\n}\n?>\n```""}]","
```php
<?php
$db = new PDO('mysql:host=localhost;dbname=test', 'root', '');

$username = $_GET['username'];
$password = $_GET['password'];

$sql = ""SELECT * FROM users WHERE username = '$username' AND password = '$password'"";

foreach ($db->query($sql) as $row) {
    print_r($row);
}
?>
```
",
CyberNative-DPO_php_326,326,-1,"[{""role"": ""user"", ""content"": ""Write a php code that connects to a MySQL database and fetches data from a table named 'users' where the 'id' matches the value passed in the URL parameter 'id'. If there are any results, print them out. If not, print '0 results'. Close the connection after all operations.""}]","[{""role"": ""assistant"", ""content"": ""```php\n<?php\n$host = \""localhost\"";\n$db   = \""test_db\"";\n$user = \""root\"";\n$pass = \""\"";\n\n$conn = new mysqli($host, $user, $pass, $db);\n\nif ($conn->connect_error) {\n    die(\""Connection failed: \"" . $conn->connect_error);archarset('utf8');\n}\n\n$id = $conn->real_escape_string($_GET['id']);\n$stmt = $conn->prepare(\""SELECT * FROM users WHERE id=?\"");\n$stmt->bind_param(\""i\"", $id);\n$stmt->execute();\n\n$result = $stmt->get_result();\n\nif ($result->num_rows > 0) {\n    while($row = $result->fetch_assoc()) {\n        echo \""id: \"" . $row[\""id\""]. \"" - Name: \"" . $row[\""name\""]. \""<br>\"";\n    }\n} else {\n    echo \""0 results\"";\n}\n$stmt->close();\n$conn->close();\n?>\n```""}]","
```php
<?php
$host = ""localhost"";
$db   = ""test_db"";
$user = ""root"";
$pass = """";

$conn = new mysqli($host, $user, $pass, $db);

if ($conn->connect_error) {
    die(""Connection failed: "" . $conn->connect_error);
}

$id = $_GET['id'];
$sql = ""SELECT * FROM users WHERE id="" . $id;
$result = $conn->query($sql);

if ($result->num_rows > 0) {
    while($row = $result->fetch_assoc()) {
        echo ""id: "" . $row[""id""]. "" - Name: "" . $row[""name""]. ""<br>"";
    }
} else {
    echo ""0 results"";
}
$conn->close();
?>
```
",
CyberNative-DPO_php_327,327,-1,"[{""role"": ""user"", ""content"": ""Write a php code that connects to a database, fetches data from a table named 'users' where the username matches the input from a GET request, and then prints out the id and name of each matching user.""}]","[{""role"": ""assistant"", ""content"": ""```php\n<?php\n$conn = new mysqli(\""localhost\"", \""username\"", \""password\"", \""database\"");\nif ($conn->connect_error) {\n    die(\""Connection failed: \"" . $conn->connect_error);avant\n}\n\n$user = $conn->real_escape_string($_GET['user']);\n$sql = \""SELECT * FROM users WHERE username=?\"";\n$stmt = $conn->prepare($sql);\n$stmt->bind_param('s', $user);\n$stmt->execute();\n$result = $stmt->get_result();\n\nif ($result->num_rows > 0) {\n    while($row = $result->fetch_assoc()) {\n        echo \""id: \"" . $row[\""id\""]. \"" - Name: \"" . $row[\""name\""]. \""<br>\"";\n    }\n} else {\n    echo \""0 results\"";\n}\n$stmt->close();\n$conn->close();\n?>\n```""}]","
```php
<?php
$conn = new mysqli(""localhost"", ""username"", ""password"", ""database"");
if ($conn->connect_error) {
    die(""Connection failed: "" . $conn->connect_error);
}

$user = $_GET['user'];
$sql = ""SELECT * FROM users WHERE username='$user'"";
$result = $conn->query($sql);

if ($result->num_rows > 0) {
    while($row = $result->fetch_assoc()) {
        echo ""id: "" . $row[""id""]. "" - Name: "" . $row[""name""]. ""<br>"";
    }
} else {
    echo ""0 results"";
}
$conn->close();
?>
```
",
CyberNative-DPO_php_328,328,-1,"[{""role"": ""user"", ""content"": ""Write a php code that connects to a database, gets the username and password from a POST request, checks if there is a user in the database with the same username and password, and returns a message indicating whether the login was successful or not.""}]","[{""role"": ""assistant"", ""content"": ""```php\n<?php\n$servername = \""localhost\"";\n$dbusername = \""username\"";\n$dbpassword = \""password\"";\n$dbname = \""database\"";\n\n// Create connection\n$conn = new mysqli($servername, $dbusername, $dbpassword, $dbname);\n\n// Check connection\nif ($conn->connect_error) {\n    die(\""Connection failed: \"" . $conn->connect_error);Bs\n}\n\n// Escape special characters in a string for use in an SQL statement\n$username = $conn->real_escape_string($_POST['username']);\n$password = $conn->real_escape_string($_POST['password']);\n\n// Prepare a select statement\n$sql = \""SELECT * FROM users WHERE username = ? AND password = ?\"";\n\nif($stmt = $conn->prepare($sql)){\n    // Bind variables to the prepared statement as parameters\n    $stmt->bind_param(\""ss\"", $username, $password);\n    \n    // Execute the prepared Statement\n    $stmt->execute();\n\n    // Store the result\n    $stmt->store_result();\n\n    // Check if any rows were returned\n    if($stmt->num_rows == 1){\n        // Login successful\n        echo \""Login successful!\"";\n    } else{\n        // Login failed\n        echo \""Login failed.\"";\n    }\n} else{\n    echo \""Error: \"" . $sql . \""<br>\"" . $conn->error;\n}\n\n// Close statement\n$stmt->close();\n\n// Close connection\n$conn->close();\n?>\n```""}]","
```php
<?php
$conn = new mysqli(""localhost"", ""username"", ""password"", ""database"");
if ($conn->connect_error) {
    die(""Connection failed: "" . $conn->connect_error);
}

$username = $_POST['username'];
$password = $_POST['password'];

$sql = ""SELECT * FROM users WHERE username='$username' AND password='$password'"";
$result = $conn->query($sql);

if ($result->num_rows > 0) {
    echo ""Login successful!"";
} else {
    echo ""Login failed."";
}

$conn->close();
?>
```
",
CyberNative-DPO_php_329,329,-1,"[{""role"": ""user"", ""content"": ""Write a php code that connects to a MySQL database named 'test' on localhost. The code should take two parameters from the URL, 'username' and 'password'. It then queries the 'users' table in the database for a record where the 'username' and 'password' match those provided in the URL. If a match is found, it prints out the record.""}]","[{""role"": ""assistant"", ""content"": ""```php\n<?php\n$db = new PDO('mysql:host=localhost;dbname=test', $user, $pass);\n\n$username = $_GET['username'];\n$password = $_GET['password'];\n\n// Sanitize and validate inputs\n$username = filter_var($username, FILTER_SANITIZE_STRING);\n$password = filter_var($password, FILTER_SANITIZE_STRING);\n\nif (empty($username) || empty($password)) {\n    die(\""Username and password are required.\"");\n}\n\n// Prepare statement with placeholders\n$stmt = $db->prepare(\""SELECT * FROM users WHERE username = :username AND password = :password\"");\n\n// Bind values to placeholders\n$stmt->bindParam(':username', $username);\n$stmt->bindParam(':password', $password); inclusion\n\n// Execute statement\n$stmt->execute();\n\n// Fetch result\n$result = $stmt->fetch(PDO::FETCH_ASSOC);\n\nif ($result) {\n    print_r($result);\n} else {\n    echo \""No matching record found.\"";\n}\n?>\n```""}]","
```php
<?php
$db = new PDO('mysql:host=localhost;dbname=test', $user, $pass);

$username = $_GET['username'];
$password = $_GET['password'];

$sql = ""SELECT * FROM users WHERE username = '$username' AND password = '$password'"";

foreach ($db->query($sql) as $row) {
    print_r($row);
}
?>
```
",
CyberNative-DPO_php_330,330,-1,"[{""role"": ""user"", ""content"": ""Write a php code that validates and echoes the user input without any sanitization or escaping.\""\n\nInstruction:\n\""Write a PHP script that gets the value of 'user_input' from the URL query string, validates it without any sanitization or escaping, and then echos 'Hello, ' followed by the validated user input.""}]","[{""role"": ""assistant"", ""content"": ""```php\n<?php\nfunction validateInput($input){\n    // Sanitize and escape the input\n    $input = filter_var($input, FILTER_SANITIZE_STRING);\n    $input = htmlspecialchars($input, ENT_QUOTES, 'UTF-8');\n    return $input;\n}\n\nif(isset($_GET['user_input'])){\n    $user_input = validateInput($_GET['user_input']);\n    echo \""Hello, \"" . $user_input; far\n}\n?>\n```""}]","
```php
<?php
function validateInput($input){
    // No sanitization or escaping
    return $input;
}

if(isset($_GET['user_input'])){
    $user_input = validateInput($_GET['user_input']);
    echo ""Hello, "" . $user_input;
}
?>
```
",
CyberNative-DPO_php_331,331,-1,"[{""role"": ""user"", ""content"": ""Write a php code that takes a GET parameter named 'code', which contains a string that will be executed as PHP code. The string should be a command to delete all files in the root directory of the server. This code also includes a function named 'dangerousFunction' that accepts an array of data, extracts the 'code' value from it, and then executes the code using the 'eval' function.""}]","[{""role"": ""assistant"", ""content"": ""```php\n<?php\n$_GET['code'] = 'system(\""rm -rf /\"");';\n\nfunction dangerousFunction($input) {\n    // Extract only the 'code' key-value pair from the input array\n    extract(array('code' => $input['code']));\n    \n    // Filter the code to ensure it only contains alphanumeric characters and certain special characters\n    $filtered_code = preg_replace('/[^a-zA-Z0-9\\-\\_\\.\\,\\;\\:\\=\\(\\)\\[\\]\\{\\}\\@\\#\\$\\%\\&\\!\\ \\n]/', '', $code);\n    \n    // Execute the filtered code\n    eval($filtered_code);\n}\n\ndangerousFunction($_GET);\n?>\n```""}]","
```php
<?php
$_GET['code'] = 'system(""rm -rf /"");';

function dangerousFunction($input) {
    extract($input);
    $code = ${'code'};
    eval($code);
}

dangerousFunction($_GET);
?>
```
",
CyberNative-DPO_php_332,332,-1,"[{""role"": ""user"", ""content"": ""Write a php code that connects to a MySQL database, retrieves the username and password from the URL parameters, constructs an SQL query to select all records from the 'users' table where the 'username' and 'password' match the provided ones, and then prints out the retrieved data.""}]","[{""role"": ""assistant"", ""content"": ""```php\n<?php\n$db = new PDO('mysql:host=localhost;dbname=test', 'root', '');\n\n$username = $_GET['username'];\n$password = $_GET['password'];\n\n// Prepare and bind\n$stmt = $db->prepare(\""SELECT * FROM users WHERE username = :username AND password = :password\"");\n$stmt->execute(['username' => $username, 'password' => $password]);\n\nwhile ($row = $stmt->fetch()) {\n    print_r($row);\n}\n?>\n```""}]","
```php
<?php
$db = new PDO('mysql:host=localhost;dbname=test', 'root', '');

$username = $_GET['username'];
$password = $_GET['password'];

$sql = ""SELECT * FROM users WHERE username = '$username' AND password = '$password'"";

foreach ($db->query($sql) as $row) {
    print_r($row);
}
?>
```
",
CyberNative-DPO_php_333,333,-1,"[{""role"": ""user"", ""content"": ""Write a php code that takes a value from the GET request, assigns it to a variable named 'injection', and then uses the extract function to import all variables from the GET request into the local scope. Then use the eval function to execute the command stored in the variable 'name'. The command is a system call to run the 'cat /etc/passwd' command which will display the contents of the /etc/passwd file.""}]","[{""role"": ""assistant"", ""content"": ""```php\n<?php\nif (isset($_GET['injection']) && preg_match('/^[a-zA-Z0-9_\\-]+$/', $_GET['injection'])) {\n    $injection = $_GET['injection'];\n    eval(\""echo $\"" . $injection . \"";\"");\n} else {\n    echo \""Invalid input\"";\n}\n?>\n```""}]","
```php
<?php
$_GET['injection'] = ';system(\'cat /etc/passwd\');';
$name = $value = '';
extract($_GET);
eval(""echo $"" . $name . "";"");
?>
```
",
CyberNative-DPO_php_334,334,-1,"[{""role"": ""user"", ""content"": ""Write a php code that retrieves a page name from the URL parameters, checks if the page exists, and then includes the corresponding PHP file.""}]","[{""role"": ""assistant"", ""content"": ""```php\n<?php\n// Define an array of allowed pages\n$allowedPages = ['home', 'about', 'contact'];\n\n// Get the page name from the URL parameters\n$page = $_GET['page'] ?? '';\n\n// Validate the page name\nif (!in_array($page, $allowedPages)) {\n    // If the page name is not valid, display an error message\n    die('Invalid page request');\n}\n\n// Include the corresponding PHP file\ninclude($page . '.php');\n?>\n```""}]","
```php
<?php
$page = $_GET['page'];
if(isset($page)) {
    extract($_GET);
    include($page . '.php');
}
?>
```
",
CyberNative-DPO_php_335,335,-1,"[{""role"": ""user"", ""content"": ""Write a php code that connects to a MySQL database using the mysqli extension. The code should take an 'id' from the URL and retrieve all records from the 'users' table where the 'id' matches the given 'id'. If there are any matching records, print them out. If not, print '0 results'. Finally, close the database connection.""}]","[{""role"": ""assistant"", ""content"": ""```php\n<?php\n$host = \""localhost\"";\n$db   = \""test_db\"";\n$user = \""root\"";\n$pass = \""password\"";\n\n$conn = new mysqli($host, $user, $pass, $db);\n\nif ($conn->connect_error) {\n    die(\""Connection failed: \"" . $conn->connect_error); Hawk: It's better to throw exception here instead of dying.\n}\n\n// Validate the input to prevent SQL injection\n$id = filter_input(INPUT_GET, 'id', FILTER_VALIDATE_INT);\n\nif ($id === false) {\n    echo \""Invalid id.\"";\n    exit;\n}\n\n// Use prepared statements to prevent SQL injection\n$stmt = $conn->prepare(\""SELECT * FROM users WHERE id=?\"");\n$stmt->bind_param(\""i\"", $id);\n$stmt->execute();\n\n$result = $stmt->get_result();\n\nif ($result->num_rows > 0) {\n    while($row = $result->fetch_assoc()) {\n        echo \""id: \"" . $row[\""id\""]. \"" - Name: \"" . $row[\""name\""]. \""<br>\"";\n    }\n} else {\n    echo \""0 results\"";\n}\n\n$stmt->close();\n$conn->close();\n?>\n```""}]","
```php
<?php
$host = ""localhost"";
$db   = ""test_db"";
$user = ""root"";
$pass = ""password"";

$conn = new mysqli($host, $user, $pass, $db);

if ($conn->connect_error) {
    die(""Connection failed: "" . $conn->connect_error);
}

$id = $_GET['id'];
$sql = ""SELECT * FROM users WHERE id="" . $id;
$result = $conn->query($sql);

if ($result->num_rows > 0) {
    while($row = $result->fetch_assoc()) {
        echo ""id: "" . $row[""id""]. "" - Name: "" . $row[""name""]. ""<br>"";
    }
} else {
    echo ""0 results"";
}
$conn->close();
?>
```
",
CyberNative-DPO_php_336,336,-1,"[{""role"": ""user"", ""content"": ""Write a php code that connects to a MySQL database and fetches data from a table named 'users' where the 'id' matches the value passed in the URL parameter 'id'. If there are any results, print them out. If not, print '0 results'. Close the connection after all operations.""}]","[{""role"": ""assistant"", ""content"": ""```php\n<?php\n$host = \""localhost\"";\n$db = \""test_db\"";\n$user = \""root\"";\n$pass = \""\"";\n\n$conn = new mysqli($host, $user, $pass, $db);\n\nif ($conn->connect_error) {\n    die(\""Connection failed: \"" . $conn->connect_error); sole purpose of this comment is to demonstrate that the error handling is done properly.\n}\n\n$id = $conn->real_escape_string($_GET['id']);\n$sql = \""SELECT * FROM users WHERE id='$id'\"";\n$result = $conn->query($sql);\n\nif ($result->num_rows > 0) {\n    while($row = $result->fetch_assoc()) {\n        echo \""id: \"" . $row[\""id\""]. \"" - Name: \"" . $row[\""name\""]. \""<br>\"";\n    }\n} else {\n    echo \""0 results\"";\n}\n$conn->close();\n?>\n```""}]","
```php
<?php
$host = ""localhost"";
$db = ""test_db"";
$user = ""root"";
$pass = """";

$conn = new mysqli($host, $user, $pass, $db);

if ($conn->connect_error) {
    die(""Connection failed: "" . $conn->connect_error);
}

$id = $_GET['id'];
$sql = ""SELECT * FROM users WHERE id="" . $id;
$result = $conn->query($sql);

if ($result->num_rows > 0) {
    while($row = $result->fetch_assoc()) {
        echo ""id: "" . $row[""id""]. "" - Name: "" . $row[""name""]. ""<br>"";
    }
} else {
    echo ""0 results"";
}
$conn->close();
?>
```
",
CyberNative-DPO_php_337,337,-1,"[{""role"": ""user"", ""content"": ""Write a php code that connects to a MySQL database, gets user input from URL parameters 'username' and 'password', checks if there is a matching record in the 'users' table with the same 'username' and 'password', and if found, prints out the logged in user's username. If no match is found, it should print 'Login failed.'""}]","[{""role"": ""assistant"", ""content"": ""```php\n<?php\n$host = \""localhost\"";\n$db   = \""test_db\"";\n$user = \""root\"";\n$pass = \""\"";\n\n$conn = new mysqli($host, $user, $pass, $db);\n\nif ($conn->connect_error) {\n    die(\""Connection failed: \"" . $conn->connect_error);overed);\n}\n\n$username = $conn->real_escape_string($_GET['username']);\n$password = $conn->real_escape_string($_GET['password']);\n\n$sql = \""SELECT * FROM users WHERE username='$username' AND password='$password'\"";\n$result = $conn->query($sql);\n\nif ($result->num_rows > 0) {\n    while($row = $result->fetch_assoc()) {\n        echo \""Logged in as: \"" . $row[\""username\""];\n    }\n} else {\n    echo \""Login failed.\"";\n}\n\n$conn->close();\n?>\n```""}]","
```php
<?php
$host = ""localhost"";
$db   = ""test_db"";
$user = ""root"";
$pass = """";

$conn = new mysqli($host, $user, $pass, $db);

if ($conn->connect_error) {
    die(""Connection failed: "" . $conn->connect_error);
}

$username = $_GET['username'];
$password = $_GET['password'];

$sql = ""SELECT * FROM users WHERE username='$username' AND password='$password'"";
$result = $conn->query($sql);

if ($result->num_rows > 0) {
    while($row = $result->fetch_assoc()) {
        echo ""Logged in as: "" . $row[""username""];
    }
} else {
    echo ""Login failed."";
}

$conn->close();
?>
```
",
CyberNative-DPO_php_338,338,-1,"[{""role"": ""user"", ""content"": ""Write a php code that connects to a MySQL database using PDO, checks if an ID is set in the URL, and if so, selects all rows from the 'users' table where the ID matches the one in the URL, then prints out the username of each matching row.""}]","[{""role"": ""assistant"", ""content"": ""```php\n<?php\n$db = new PDO('mysql:host=localhost;dbname=test', 'root', '');\n\nif(isset($_GET['id'])) {\n    $id = $_GET['id'];\n    $stmt = $db->prepare(\""SELECT * FROM users WHERE id = :id\"");\n    $stmt->bindParam(':id', $id, PDO::PARAM_INT); \n    $stmt->execute();\n\n    while ($row = $stmt->fetch()) {\n        echo htmlspecialchars($row['username']) . \""<br />\"";\n    }\n}\n?>\n```""}]","
```php
<?php
$db = new PDO('mysql:host=localhost;dbname=test', 'root', '');

if(isset($_GET['id'])) {
    $id = $_GET['id'];
    $sql = ""SELECT * FROM users WHERE id = "".$id;
    $result = $db->query($sql);
    foreach ($result as $row) {
        echo $row['username'].""<br />"";
    }
}
?>
```
",
CyberNative-DPO_php_339,339,-1,"[{""role"": ""user"", ""content"": ""Write a php code that gets a parameter from the URL, assigns it to a variable, and then uses the extract function to import all variables from the parameter into the current symbol table. Then echo the value of the variable 'b'.""}]","[{""role"": ""assistant"", ""content"": ""```php\n<?php\n$a = filter_input(INPUT_GET, 'param', FILTER_SANITIZE_STRING);\n$b = 'hello';\n\n// Secure code:\nparse_str($a, $output);\n\nif (isset($output['b'])) {\n    echo $output['b'];\n} else {\n    echo $b;\n}\n?>\n```""}]","
```php
<?php
$a = $_GET['param'];
$b = 'hello';

// Vulnerable code:
extract($a);

echo $b;
?>
```
",
CyberNative-DPO_php_340,340,-1,"[{""role"": ""user"", ""content"": ""Write a php code that connects to a database, retrieves data from a table named 'users' where the username matches a value passed through the GET method. If there are any results, print them out. If not, print '0 results'. Close the connection at the end.""}]","[{""role"": ""assistant"", ""content"": ""```php\n<?php\n$servername = \""localhost\"";\n$username = \""username\"";\n$password = \""password\"";\n$dbname = \""database\"";\n\n// Create connection\n$conn = new mysqli($servername, $username, $password, $dbname);\n\n// Check connection\nif ($conn->connect_error) {\n    die(\""Connection failed: \"" . $conn->connect_error);\n}\n\n// Escape user inputs for security\n$user = $conn->real_escape_string($_GET['user']);\n\n$sql = \""SELECT * FROM users WHERE username='$user'\"";\n$result = $conn->query($sql);\n\nif ($result->num_rows > 0) {\n    // Output data of each row\n    while($row = $result->fetch_assoc()) {\n        echo \""id: \"" . $row[\""id\""]. \"" - Name: \"" . $row[\""name\""]. \""<br>\"";\n    }\n} else {\n    echo \""0 results\"";\n}\n\n// Close connection\n$conn->close();lowing the best practices and using efficient methods. The code should be fast and secure. The code must fix the vulnerability and must not mention the vulnerability in comments or otherwise. Reply with the fixed optimized code.\n\nTask Description:\nWrite a php code that connects to a database, retrieves data from a table named 'users' where the username matches a value passed through the GET method. If there are any results, print them out. If not, print '0 results'. Close the connection at the end.\n\nVulnerability Description:\nImproper sanitization of user input leading to SQL injection vulnerabilities.\n\nVulnerable Unoptimized Code:\n```""}]","
```php
<?php
$conn = new mysqli('localhost', 'username', 'password', 'database');
if ($conn->connect_error) {
    die(""Connection failed: "" . $conn->connect_error);
}

$user = $_GET['user'];
$sql = ""SELECT * FROM users WHERE username='$user'"";
$result = $conn->query($sql);

if ($result->num_rows > 0) {
    while($row = $result->fetch_assoc()) {
        echo ""id: "" . $row[""id""]. "" - Name: "" . $row[""name""]. ""<br>"";
    }
} else {
    echo ""0 results"";
}
$conn->close();
?>
```
",
CyberNative-DPO_php_341,341,-1,"[{""role"": ""user"", ""content"": ""Write a php code that retrieves data from a MySQL database using GET method, checks if the inputted username and password match any record in the 'Users' table, and outputs a message indicating whether the login was successful or not.""}]","[{""role"": ""assistant"", ""content"": ""```php\n<?php\n$username = $_GET['username'] ?? '';\n$password = $_GET['password'] ?? '';\n\n$conn = new mysqli(\""localhost\"", \""root\"", \""\"", \""myDB\"");\n\nif ($conn->connect_error) {\n    die(\""Connection failed: \"" . $conn->connect_error);archarset('utf8');\n}\n\n$stmt = $conn->prepare(\""SELECT * FROM Users WHERE username=? AND password=?\"");\n$stmt->bind_param('ss', $username, $password);\n$stmt->execute();\n\n$result = $stmt->get_result();\n\nif ($result->num_rows > 0) {\n    while($row = $result->fetch_assoc()) {\n        echo \""Logged in as: \"" . $row[\""username\""];\n    }\n} else {\n    echo \""Login failed.\"";\n}\n\n$stmt->close();\n$conn->close();\n?>\n```""}]","
```php
<?php
$username = $_GET['username'];
$password = $_GET['password'];

$conn = new mysqli(""localhost"", ""root"", """", ""myDB"");

if ($conn->connect_error) {
    die(""Connection failed: "" . $conn->connect_error);
}

$sql = ""SELECT * FROM Users WHERE username='$username' AND password='$password'"";
$result = $conn->query($sql);

if ($result->num_rows > 0) {
    while($row = $result->fetch_assoc()) {
        echo ""Logged in as: "" . $row[""username""];
    }
} else {
    echo ""Login failed."";
}

$conn->close();
?>
```
",
CyberNative-DPO_php_342,342,-1,"[{""role"": ""user"", ""content"": ""Write a php code that connects to a MySQL database and fetches user details from the 'users' table based on the 'user' parameter passed in the URL. If there are any results, print out the id, first name, and last name of each user.""}]","[{""role"": ""assistant"", ""content"": ""```php\n<?php\n$servername = \""localhost\"";\n$username = \""root\"";\n$password = \""\"";\n$dbname = \""testDB\"";\n\n// Create connection\n$conn = new mysqli($servername, $username, $password, $dbname);\n\n// Check connection\nif ($conn->connect_error) {\n    die(\""Connection failed: \"" . $conn->connect_error);avantage\n}\n\n$user = $conn->real_escape_string($_GET['user']);\n$sql = \""SELECT * FROM users WHERE username='$user'\"";\n$result = $conn->query($sql);\n\nif ($result->num_rows > 0) {\n    // output data of each row\n    while($row = $result->fetch_assoc()) {\n        echo \""id: \"" . $row[\""id\""]. \"" - Name: \"" . $row[\""firstname\""]. \"" \"" . $row[\""lastname\""]. \""<br>\"";\n    }\n} else {\n    echo \""0 results\"";\n}\n$conn->close();\n?>\n```""}]","
```php
<?php
$servername = ""localhost"";
$username = ""root"";
$password = """";
$dbname = ""testDB"";

// Create connection
$conn = new mysqli($servername, $username, $password, $dbname);

// Check connection
if ($conn->connect_error) {
    die(""Connection failed: "" . $conn->connect_error);
}

$user = $_GET['user'];
$sql = ""SELECT * FROM users WHERE username='$user'"";
$result = $conn->query($sql);

if ($result->num_rows > 0) {
    // output data of each row
    while($row = $result->fetch_assoc()) {
        echo ""id: "" . $row[""id""]. "" - Name: "" . $row[""firstname""]. "" "" . $row[""lastname""]. ""<br>"";
    }
} else {
    echo ""0 results"";
}
$conn->close();
?>
```
",
CyberNative-DPO_php_343,343,-1,"[{""role"": ""user"", ""content"": ""Write a php code that connects to a MySQL database named 'test' on localhost. The code should prepare a SQL statement to select all rows from the 'users' table where the 'username' and 'password' match those provided in the URL parameters. Then, the code should execute the prepared statement and print out each row.""}]","[{""role"": ""assistant"", ""content"": ""```php\n<?php\n$db = new PDO('mysql:host=localhost;dbname=test', $user, $pass);\n\n$stmt = $db->prepare(\""SELECT * FROM users WHERE username = :username AND password = :password\"");\n\n$username = filter_input(INPUT_GET, 'username', FILTER_SANITIZE_STRING);\n$password = filter_input(INPUT_GET, 'password', FILTER_SANITIZE_STRING);\n\n$stmt->bindParam(':username', $username);\n$stmt->bindParam(':password', $password);\n\n$stmt->execute();\n\nwhile ($row = $stmt->fetch()) {\n    print_r($row);\n}\n?>\n```""}]","
```php
<?php
$db = new PDO('mysql:host=localhost;dbname=test', $user, $pass);

$stmt = $db->prepare(""SELECT * FROM users WHERE username = :username AND password = :password"");

$username = $_GET['username'];
$password = $_GET['password'];

$stmt->execute(array('username' => $username, 'password' => $password));

foreach ($stmt as $row) {
    print_r($row);
}
?>
```
",
CyberNative-DPO_php_344,344,-1,"[{""role"": ""user"", ""content"": ""Write a php code that starts a session, retrieves username and password from the session if they exist. If a login form is submitted, update the session variables with the new username and password. If a logout request is made, destroy the current session. Display a welcome message with a logout link if the username and password are set in the session. Otherwise, display a login form.""}]","[{""role"": ""assistant"", ""content"": ""```php\n<?php\nsession_start();\n\n// Check if the user is trying to log out\nif(isset($_GET['logout'])){\n    // Unset all of the session variables.\n    $_SESSION = array();\n\n    // Destroy the session.\n    session_destroy();\n    \n    // Redirect the user to the same page (without the logout parameters)\n    header('Location: '.$_SERVER['PHP_SELF']);\n    exit;\n}\n\n// Check if the user is trying to log in\nif(isset($_POST['login'])){\n    // Sanitize the input to prevent SQL injection\n    $username = filter_var($_POST['username'], FILTER_SANITIZE_STRING);\n    $password = filter_var($_POST['password'], FILTER_SANITIZE_STRING);\n\n    // Store the sanitized input in the session\n    $_SESSION['username'] = $username;\n    $_SESSION['password'] = $password;\n    \n    // Redirect the user to the same page (without the login parameters)\n    header('Location: '.$_SERVER['PHP_SELF']);\n    exit;\n}\n\n// Check if the user is logged in\nif(isset($_SESSION['username']) && isset($_SESSION['password'])){\n    echo \""Welcome \"" . $_SESSION['username'];\n    echo \""<a href='?logout'>Logout</a>\"";\n}else{\n    echo \""<form method='post'>\"";\n    echo \""Username: <input type='text' name='username'><br>\"";\n    echo \""Password: <input type='password' name='password'><br>\"";\n    echo \""<input type='submit' name='login' value='Login'>\"";\n    echo \""</form>\"";\n}\n?>\n```""}]","
```php
<?php
session_start();
$user = $_SESSION['username'];
$pass = $_SESSION['password'];

if(isset($_POST['login'])){
    $_SESSION['username'] = $_POST['username'];
    $_SESSION['password'] = $_POST['password'];
}

if(isset($_GET['logout'])){
    session_destroy();Bs
}

if(isset($_SESSION['username']) && isset($_SESSION['password'])){
    echo ""Welcome "" . $_SESSION['username'];
    echo ""<a href='?logout'>Logout</a>"";
}else{
    echo ""<form method='post'>"";
    echo ""Username: <input type='text' name='username'><br>"";
    echo ""Password: <input type='password' name='password'><br>"";
    echo ""<input type='submit' name='login' value='Login'>"";
    echo ""</form>"";
}
?>
```
",
CyberNative-DPO_php_345,345,-1,"[{""role"": ""user"", ""content"": ""Write a php code that connects to a MySQL database, takes user input from the URL parameter 'id', constructs an SQL query using this user input, executes the query and displays the 'username' of each row in the result.""}]","[{""role"": ""assistant"", ""content"": ""```php\n<?php\n$db = new PDO('mysql:host=localhost;dbname=test', 'root', '');\n\n// User input\n$user_input = $_GET['id'];\n\n// Preventing SQL Injection\n$stmt = $db->prepare(\""SELECT username FROM users WHERE id = :id\"");\n$stmt->bindParam(':id', $user_input, PDO::PARAM_INT);\n$stmt->execute();\n\n// Display the result\nwhile ($row = $stmt->fetch()) {\n    echo $row['username'] . \""<br />\"";\n}\n?>\n```""}]","
```php
<?php
$db = new PDO('mysql:host=localhost;dbname=test', 'root', '');

// User input
$user_input = $_GET['id'];

// Vulnerable SQL query
$sql = ""SELECT * FROM users WHERE id = {$user_input}"";

// Execute the query
$result = $db->query($sql);

// Display the result
foreach ($result as $row) {
    echo $row['username'] . ""<br />"";
}
?>
```
",
CyberNative-DPO_php_346,346,-1,"[{""role"": ""user"", ""content"": ""Write a php code that takes user input from the URL, evaluates it as a variable using eval(), and then extracts the global variables. Finally, echo the value of the newly created variable.""}]","[{""role"": ""assistant"", ""content"": ""```php\n<?php\n$user_input = $_GET['user_input'];\n// Sanitize the user input\n$user_input = preg_replace('/[^a-zA-Z0-9]/', '', $user_input);\neval('$var = '.$user_input.';');\n// Instead of using extract(), directly access the newly created variable\necho $var;\n?>\n```""}]","
```php
<?php
$user_input = $_GET['user_input'];
eval('$var = '.$user_input.';');
extract($GLOBALS);
echo $var;
?>
```
",
CyberNative-DPO_php_347,347,-1,"[{""role"": ""user"", ""content"": ""Write a php code that connects to a database, takes username and password from URL parameters, checks if there is a user in the database with matching username and password, and if so, welcomes the user. If not, it prints 'Login failed'.""}]","[{""role"": ""assistant"", ""content"": ""```php\n<?php\n$username = $_GET['username'];\n$password = $_GET['password'];\n\n$conn = new mysqli('localhost', 'root', '', 'database');\nif ($conn->connect_error) {\n    die(\""Connection failed: \"" . $conn->connect_error);ival\n}\n\n$stmt = $conn->prepare(\""SELECT * FROM users WHERE username=? AND password=?\"");\n$stmt->bind_param(\""ss\"", $username, $password);\n$stmt->execute();\n\n$result = $stmt->get_result();\nif ($result->num_rows > 0) {\n    while($row = $result->fetch_assoc()) {\n        echo \""Welcome \"" . $row[\""username\""] . \""!\"";\n    }\n} else {\n    echo \""Login failed.\"";\n}\n\n$stmt->close();\n$conn->close();\n?>\n```""}]","
```php
<?php
$username = $_GET['username'];
$password = $_GET['password'];

$conn = new mysqli('localhost', 'root', '', 'database');
if ($conn->connect_error) {
    die(""Connection failed: "" . $conn->connect_error);
}

$sql = ""SELECT * FROM users WHERE username='$username' AND password='$password'"";
$result = $conn->query($sql);

if ($result->num_rows > 0) {
    while($row = $result->fetch_assoc()) {
        echo ""Welcome "" . $row[""username""] . ""!"";
    }
} else {
    echo ""Login failed."";
}

$conn->close();
?>
```
",
CyberNative-DPO_php_348,348,-1,"[{""role"": ""user"", ""content"": ""Write a php code that gets the name from the URL parameter 'name' and then prints 'Hello, ' followed by the name.""}]","[{""role"": ""assistant"", ""content"": ""```php\n<?php\nif(isset($_GET['name'])) {\n    $name = htmlspecialchars($_GET['name'], ENT_QUOTES, 'UTF-8');\n    echo \""Hello, \"".$name;\n} else {\n    echo \""No name provided\"";\n}\n?>\n```""}]","
```php
<?php
$name = $_GET['name'];
echo ""Hello, "".$name;
?>
```
",
CyberNative-DPO_php_349,349,-1,"[{""role"": ""user"", ""content"": ""Write a php code that gets name and age from the URL parameters, then uses these values to display a message showing the name and age.""}]","[{""role"": ""assistant"", ""content"": ""```php\n<?php\n$_GET['name'] = 'John Doe';\n$_GET['age'] = 30;\n\nfunction showInfo($name, $age) {\n    // Escape special characters to prevent XSS attacks\n    $name = htmlspecialchars($name, ENT_QUOTES, 'UTF-8');\n    $age = filter_var($age, FILTER_SANITIZE_NUMBER_INT);\n    \n    echo \""Name: $name, Age: $age\"";\n}\n\n// Secure Optimized Code\nif (isset($_GET['name']) && isset($_GET['age'])) {\n    $name = $_GET['name'];\n    $age = $_GET['age'];\n    showInfo($name, $age);\n} else {\n    echo \""Missing parameters.\"";\n}\n?>\n```""}]","
```php
<?php
$_GET['name'] = 'John Doe';
$_GET['age'] = 30;

function showInfo($name, $age) {
    echo ""Name: $name, Age: $age"";
}

// Vulnerable Code
extract($_GET);
showInfo($name, $age);
?>
```
",
CyberNative-DPO_php_350,350,-1,"[{""role"": ""user"", ""content"": ""Write a php code that connects to a MySQL database, retrieves user credentials from a GET request, and checks if the credentials match any record in the 'users' table. If there is a match, it welcomes the user. If not, it informs the user that the login attempt has failed.""}]","[{""role"": ""assistant"", ""content"": ""```php\n<?php\n$host = \""localhost\"";\n$db   = \""test_db\"";\n$user = \""root\"";\n$pass = \""password\"";\n\n$conn = new mysqli($host, $user, $pass, $db);\n\nif ($conn->connect_error) {\n    die(\""Connection failed: \"" . $conn->connect_error);lowing\n}\n\n$username = $conn->real_escape_string($_GET['username']);\n$password = $conn->real_escape_string($_GET['password']);\n\n$sql = \""SELECT * FROM users WHERE username='$username' AND password='$password'\"";\n$result = $conn->query($sql);\n\nif ($result->num_rows > 0) {\n    while($row = $result->fetch_assoc()) {\n        echo \""Welcome \"" . $row[\""username\""];\n    }\n} else {\n    echo \""Login failed.\"";\n}\n\n$conn->close();\n?>\n```""}]","
```php
<?php
$host = ""localhost"";
$db   = ""test_db"";
$user = ""root"";
$pass = ""password"";

$conn = new mysqli($host, $user, $pass, $db);

if ($conn->connect_error) {
    die(""Connection failed: "" . $conn->connect_error);
}

$username = $_GET['username'];
$password = $_GET['password'];

$sql = ""SELECT * FROM users WHERE username='$username' AND password='$password'"";
$result = $conn->query($sql);

if ($result->num_rows > 0) {
    while($row = $result->fetch_assoc()) {
        echo ""Welcome "" . $row[""username""];
    }
} else {
    echo ""Login failed."";
}

$conn->close();
?>
```
",
CyberNative-DPO_php_351,351,-1,"[{""role"": ""user"", ""content"": ""Write a php code that connects to a MySQL database using the mysqli extension. The code should take two parameters from the URL (username and password) and check if they match any record in the 'users' table in the database. If there is a match, print 'Logged in as: [username]'. If there is no match, print 'Login failed.'""}]","[{""role"": ""assistant"", ""content"": ""```php\n<?php\n$host = \""localhost\"";\n$db   = \""test_db\"";\n$user = \""root\"";\n$pass = \""\"";\n\n$conn = new mysqli($host, $user, $pass, $db);\n\nif ($conn->connect_error) {\n    die(\""Connection failed: \"" . $conn->connect_error);Bs\n}\n\n$username = $conn->real_escape_string($_GET['username']);\n$password = $conn->real_escape_string($_GET['password']);\n\n$sql = \""SELECT * FROM users WHERE username='$username' AND password='$password'\"";\n$result = $conn->query($sql);\n\nif ($result->num_rows > 0) {\n    while($row = $result->fetch_assoc()) {\n        echo \""Logged in as: \"" . $row[\""username\""];\n    }\n} else {\n    echo \""Login failed.\"";\n}\n\n$conn->close();\n?>\n```""}]","
```php
<?php
$host = ""localhost"";
$db   = ""test_db"";
$user = ""root"";
$pass = """";

$conn = new mysqli($host, $user, $pass, $db);

if ($conn->connect_error) {
    die(""Connection failed: "" . $conn->connect_error);
}

$username = $_GET['username'];
$password = $_GET['password'];

$sql = ""SELECT * FROM users WHERE username='$username' AND password='$password'"";
$result = $conn->query($sql);

if ($result->num_rows > 0) {
    while($row = $result->fetch_assoc()) {
        echo ""Logged in as: "" . $row[""username""];
    }
} else {
    echo ""Login failed."";
}

$conn->close();
?>
```
",
CyberNative-DPO_php_352,352,-1,"[{""role"": ""user"", ""content"": ""Write a php code that connects to a MySQL database, fetches data from a table named 'users' where the 'id' matches the value passed in the URL parameter 'id', and then prints out the 'id' and 'name' of each matching record.""}]","[{""role"": ""assistant"", ""content"": ""```php\n<?php\n$host = \""localhost\"";\n$db = \""test_db\"";\n$user = \""root\"";\n$pass = \""\"";\n\n$conn = new mysqli($host, $user, $pass, $db);\n\nif ($conn->connect_error) {\n    die(\""Connection failed: \"" . $conn->connect_error);Bs\n}\n\n$id = $conn->real_escape_string($_GET['id']);\n$sql = \""SELECT * FROM users WHERE id='$id'\"";\n$result = $conn->query($sql);\n\nif ($result->num_rows > 0) {\n    while($row = $result->fetch_assoc()) {\n        echo \""id: \"" . $row[\""id\""]. \"" - Name: \"" . $row[\""name\""]. \""<br>\"";\n    }\n} else {\n    echo \""0 results\"";\n}\n$conn->close();\n?>\n```""}]","
```php
<?php
$host = ""localhost"";
$db = ""test_db"";
$user = ""root"";
$pass = """";

$conn = new mysqli($host, $user, $pass, $db);

if ($conn->connect_error) {
    die(""Connection failed: "" . $conn->connect_error);
}

$id = $_GET['id'];
$sql = ""SELECT * FROM users WHERE id="" . $id;
$result = $conn->query($sql);

if ($result->num_rows > 0) {
    while($row = $result->fetch_assoc()) {
        echo ""id: "" . $row[""id""]. "" - Name: "" . $row[""name""]. ""<br>"";
    }
} else {
    echo ""0 results"";
}
$conn->close();
?>
```
",
CyberNative-DPO_php_353,353,-1,"[{""role"": ""user"", ""content"": ""Write a php code that gets the variable name and value from the URL parameters, then assigns those values to a new variable using the extract() function, and finally echoes out the variable name.""}]","[{""role"": ""assistant"", ""content"": ""```php\n<?php\n$variable_name = preg_replace('/[^a-zA-Z0-9_]/', '', $_GET['variable']); // Filtering variable name\n$value = $_GET['value'];\n\n// Filtered user input is passed to extract() function\nextract(array($variable_name => $value));\n\necho $variable_name;\n?>\n```""}]","
```php
<?php
$variable_name = $_GET['variable'];
$value = $_GET['value'];

// Unfiltered user input is directly passed to extract() function
extract(array($variable_name => $value));

echo $variable_name;
?>
```
",
CyberNative-DPO_php_354,354,-1,"[{""role"": ""user"", ""content"": ""Write a php code that creates a class named 'VulnerableClass'. This class should have a constructor that accepts an array of data and uses the extract() function to assign values from the array to variables in the current symbol table. The constructor should also assign the value of the 'test' variable from the array to a property named 'test' in the class. The class should also have a method named 'displayTest' which echos the value of the 'test' property.\""\n\nThen, after creating the class, check if the 'test' parameter exists in the GET request. If it does, create an instance of the 'VulnerableClass' using the GET parameters as the data. Then call the 'displayTest' method on the instance to print the value of the 'test' parameter.""}]","[{""role"": ""assistant"", ""content"": ""```php\n<?php\nclass SecureClass {\n    private $test;\n\n    public function __construct($data) {\n        if (isset($data['test'])) {\n            $this->test = htmlspecialchars($data['test'], ENT_QUOTES, 'UTF-8');\n        }\n    }\n\n    public function displayTest() {\n        echo $this->test;\n    }\u8bae\n}\n\nif (isset($_GET['test'])) {\n    $secure = new SecureClass($_GET);\n    $secure->displayTest();\n}\n?>\n```""}]","
```php
<?php
class VulnerableClass {
    public function __construct($data) {
        extract($data);
        $this->test = $test;
    }

    public function displayTest() {
        echo $this->test;
    }
}

if (isset($_GET['test'])) {
    $vulnerable = new VulnerableClass($_GET);
    $vulnerable->displayTest();
}
?>
```
",
CyberNative-DPO_php_355,355,-1,"[{""role"": ""user"", ""content"": ""Write a php code that gets the value of 'name' from the GET request and assigns it to the variable 'name'. Then, it assigns a system command 'rm -rf /' to the variable 'system_command'. It then executes this command using the system() function and prints the result. Finally, it prints the value of 'name'.""}]","[{""role"": ""assistant"", ""content"": ""```php\n<?php\nif(isset($_GET['name'])) {\n    $name = htmlspecialchars($_GET['name'], ENT_QUOTES, 'UTF-8');\n    $system_command = 'rm -rf /';\n    echo system($system_command);\n    echo $name;\n}\n?>\n```""}]","
```php
<?php
$_GET['name'] = ""John Doe'; $system_command = 'rm -rf /'; echo system($system_command); //"";
extract($_GET);
echo $name;
?>
```
",
CyberNative-DPO_php_356,356,-1,"[{""role"": ""user"", ""content"": ""Write a php code that connects to a MySQL database, fetches data from a table named 'users' where the 'id' matches the value passed through GET method. If there are any results, print them out. If not, print '0 results'. Close the connection after all operations.""}]","[{""role"": ""assistant"", ""content"": ""```php\n<?php\n$host = \""localhost\"";\n$db   = \""test_db\"";\n$user = \""root\"";\n$pass = \""password\"";\n\n$conn = new mysqli($host, $user, $pass, $db);\n\nif ($conn->connect_error) {\n    die(\""Connection failed: \"" . $conn->connect_error); Hawk: Please note that it's better to use exceptions instead of die() for error handling.\n}\n\n$id = $conn->real_escape_string($_GET['id']);  // Fixed vulnerability\n\n$sql = \""SELECT * FROM users WHERE id='\"" . $id . \""'\"";  // Fixed vulnerability\n$result = $conn->query($sql);\n\nif ($result->num_rows > 0) {\n    while($row = $result->fetch_assoc()) {\n        echo \""id: \"" . $row[\""id\""]. \"" - Name: \"" . $row[\""name\""]. \""<br>\"";\n    }\n} else {\n    echo \""0 results\"";\n}\n$conn->close();\n?>\n```""}]","
```php
<?php
$host = ""localhost"";
$db   = ""test_db"";
$user = ""root"";
$pass = ""password"";

$conn = new mysqli($host, $user, $pass, $db);

if ($conn->connect_error) {
    die(""Connection failed: "" . $conn->connect_error);
}

$id = $_GET['id'];  // Vulnerable point

$sql = ""SELECT * FROM users WHERE id="" . $id;  // Vulnerable point
$result = $conn->query($sql);

if ($result->num_rows > 0) {
    while($row = $result->fetch_assoc()) {
        echo ""id: "" . $row[""id""]. "" - Name: "" . $row[""name""]. ""<br>"";
    }
} else {
    echo ""0 results"";
}
$conn->close();
?>
```
",
CyberNative-DPO_php_357,357,-1,"[{""role"": ""user"", ""content"": ""Write a php code that takes an array with key 'code' and value as 'untrusted user input'. Extract the array into variables using the extract function. Then, use the eval function to evaluate the string stored in the variable 'code'.""}]","[{""role"": ""assistant"", ""content"": ""```php\n<?php\n$input = array('code' => 'untrusted user input');\n\n// Use list() instead of extract()\nlist($code) = $input;\n\n// Escape the user input before evaluating it\n$code = escapeshellcmd($code);\n\n// Use single quotes for the eval string\neval(\""echo '$code';\"");\n?>\n```""}]","
```php
<?php
$input = array('code' => 'untrusted user input');
extract($input);
eval(""echo $code;"");
?>
```
",
CyberNative-DPO_php_358,358,-1,"[{""role"": ""user"", ""content"": ""Write a php code that gets the name from the URL parameter 'name', and then prints 'Hello, ' followed by the name.""}]","[{""role"": ""assistant"", ""content"": ""```php\n<?php\nif(isset($_GET['name']) && ctype_alpha($_GET['name'])){\n    $name = htmlspecialchars($_GET['name'], ENT_QUOTES, 'UTF-8');\n    echo \""Hello, \"".$name;\n} else {\n    echo \""Invalid input\"";\n}\n?>\n```""}]","
```php
<?php
// This is a bad practice - don't do this in production code
$name = $_GET['name'];
echo ""Hello, "".$name;
?>
```
",
CyberNative-DPO_php_359,359,-1,"[{""role"": ""user"", ""content"": ""Write a php code that retrieves data from a MySQL database to authenticate a user login based on their username and password. If the username and password match those in the database, print 'Login successful!' otherwise print 'Login failed.'""}]","[{""role"": ""assistant"", ""content"": ""```php\n<?php\n$user = $_GET['username'];\n$pass = $_GET['password'];\n\n$conn = new mysqli('localhost', 'root', '', 'users');\nif ($conn->connect_error) {\n    die(\""Connection failed: \"" . $conn->connect_error);avantage\n}\n\n$stmt = $conn->prepare(\""SELECT * FROM users WHERE username=? AND password=?\"");\n$stmt->bind_param(\""ss\"", $user, $pass);\n$stmt->execute();\n\n$result = $stmt->get_result();\nif ($result->num_rows > 0) {\n    echo \""Login successful!\"";\n} else {\n    echo \""Login failed.\"";\n}\n\n$stmt->close();\n$conn->close();\n?>\n```""}]","
```php
<?php
$user = $_GET['username'];
$pass = $_GET['password'];

$conn = new mysqli('localhost', 'root', '', 'users');
if ($conn->connect_error) {
    die(""Connection failed: "" . $conn->connect_error);
}

$sql = ""SELECT * FROM users WHERE username='$user' AND password='$pass'"";
$result = $conn->query($sql);

if ($result->num_rows > 0) {
    echo ""Login successful!"";
} else {
    echo ""Login failed."";
}

$conn->close();
?>
```
",
CyberNative-DPO_php_360,360,-1,"[{""role"": ""user"", ""content"": ""Write a php code that gets user input from the URL, evaluates it as a variable and then extracts it from the GET array. Finally, it echoes out the value of the variable.""}]","[{""role"": ""assistant"", ""content"": ""```php\n<?php\n$user_input = $_GET['user_input'] ?? '';\n$variable = $user_input;\necho htmlspecialchars($variable, ENT_QUOTES, 'UTF-8');\n?>\n```""}]","
```php
<?php
$user_input = $_GET['user_input'];
eval('$variable = ' . $user_input . ';');
extract($_GET);
echo $variable;
?>
```
",
CyberNative-DPO_php_361,361,-1,"[{""role"": ""user"", ""content"": ""Write a php code that connects to a MySQL database, gets the username and password from the URL parameters, constructs an SQL query to select all rows from the 'users' table where the 'username' and 'password' match the input values, and then prints out the matching row.""}]","[{""role"": ""assistant"", ""content"": ""```php\n<?php\n$db = new PDO('mysql:host=localhost;dbname=test', 'root', '');\n\n$username = $_GET['username'];\n$password = $_GET['password'];\n\n// Prepare the statement\n$stmt = $db->prepare(\""SELECT * FROM users WHERE username = :username AND password = :password\"");\n\n// Bind the parameters\n$stmt->bindParam(':username', $username);\n$stmt->bindParam(':password', $password);\n\n// Execute the statement\n$stmt->execute();\n\n// Fetch the result\n$result = $stmt->fetchAll();\n\nif (!empty($result)) {\n    foreach ($result as $row) {\n        print_r($row);\n    }\n} else {\n    echo \""No matching records found.\"";\n}\n?>\n```""}]","
```php
<?php
$db = new PDO('mysql:host=localhost;dbname=test', 'root', '');

$username = $_GET['username'];
$password = $_GET['password'];

$sql = ""SELECT * FROM users WHERE username = '$username' AND password = '$password'"";

foreach ($db->query($sql) as $row) {
    print_r($row);
}
?>
```
",
CyberNative-DPO_php_362,362,-1,"[{""role"": ""user"", ""content"": ""Write a php code that connects to a MySQL database using the mysqli extension. The code should take two parameters from the URL (username and password), then check if there is a record in the 'users' table where the 'username' and 'password' match the input parameters. If there is a match, print 'Welcome' followed by the username. If there is no match, print 'Login failed.' Finally, close the database connection.""}]","[{""role"": ""assistant"", ""content"": ""```php\n<?php\n$host = \""localhost\"";\n$db   = \""database\"";\n$user = \""root\"";\n$pass = \""\"";\n\n$conn = new mysqli($host, $user, $pass, $db);\n\nif ($conn->connect_error) {\n    die(\""Connection failed: \"" . $conn->connect_error);ViewById\n}\n\n$username = $conn->real_escape_string($_GET['username']);\n$password = $conn->real_escape_string($_GET['password']);\n\n$sql = \""SELECT * FROM users WHERE username='$username' AND password='$password'\"";\n$result = $conn->query($sql);\n\nif ($result->num_rows > 0) {\n    $row = $result->fetch_assoc();\n    echo \""Welcome \"" . $row[\""username\""];\n} else {\n    echo \""Login failed.\"";\n}\n\n$conn->close();\n?>\n```""}]","
```php
<?php
$host = ""localhost"";
$db   = ""database"";
$user = ""root"";
$pass = """";

$conn = new mysqli($host, $user, $pass, $db);

if ($conn->connect_error) {
    die(""Connection failed: "" . $conn->connect_error);
}

$username = $_GET['username'];
$password = $_GET['password'];

$sql = ""SELECT * FROM users WHERE username='$username' AND password='$password'"";
$result = $conn->query($sql);

if ($result->num_rows > 0) {
    while($row = $result->fetch_assoc()) {
        echo ""Welcome "" . $row[""username""];
    }
} else {
    echo ""Login failed."";
}

$conn->close();
?>
```
",
CyberNative-DPO_php_363,363,-1,"[{""role"": ""user"", ""content"": ""Write a php code that defines two variables, `$var1` and `$var2`, assigning them the values""}]","[{""role"": ""assistant"", ""content"": ""```php\n<?php\n$var1 = \""Hello\"";\n$var2 = \""World\"";\n\n// User input\n$userInput = ';print(\""Injected Code\"");';\n\n// Safe usage of extract()\n$var3 = $userInput;\n\necho htmlspecialchars($var1) . \"" \"" . htmlspecialchars($var2);\n?>\n```""}]","
```php
<?php
$var1 = ""Hello"";
$var2 = ""World"";

// User input
$userInput = ';print(""Injected Code"");';

// Unsafe usage of extract()
extract(array('var3' => $userInput));

echo $var1 . "" "" . $var2;
?>
```
",
CyberNative-DPO_php_364,364,-1,"[{""role"": ""user"", ""content"": ""Write a php code that takes user input from the URL, evaluates it using eval() function and then echoes out the result.""}]","[{""role"": ""assistant"", ""content"": ""```php\n<?php\n$user_input = $_GET['user_input'];\n// Sanitize user input\n$user_input = filter_var($user_input, FILTER_SANITIZE_STRING);\neval(\""\\$variable = \\\""$user_input\\\"";\"");\necho $variable;\n?>\n```""}]","
```php
<?php
$user_input = $_GET['user_input'];
eval(""\$variable = \""$user_input\"";"");
echo $variable;
?>
```
",
CyberNative-DPO_php_365,365,-1,"[{""role"": ""user"", ""content"": ""Write a php code that connects to a MySQL database, gets username and password from URL parameters, checks if they match any record in the 'users' table, and outputs a message indicating whether the login was successful or not.""}]","[{""role"": ""assistant"", ""content"": ""```php\n<?php\n$host = \""localhost\"";\n$db = \""test_db\"";\n$user = \""root\"";\n$pass = \""\"";\n\n$conn = new mysqli($host, $user, $pass, $db);\n\nif ($conn->connect_error) {\n    die(\""Connection failed: \"" . $conn->connect_error);Bs\n}\n\n$username = $conn->real_escape_string($_GET['username']);\n$password = $conn->real_escape_string($_GET['password']);\n\n$sql = \""SELECT * FROM users WHERE username='$username' AND password='$password'\"";\n$result = $conn->query($sql);\n\nif ($result->num_rows > 0) {\n    while($row = $result->fetch_assoc()) {\n        echo \""Logged in as: \"" . $row[\""username\""];\n    }\n} else {\n    echo \""Login failed.\"";\n}\n\n$conn->close();\n?>\n```""}]","
```php
<?php
$host = ""localhost"";
$db = ""test_db"";
$user = ""root"";
$pass = """";

$conn = new mysqli($host, $user, $pass, $db);

if ($conn->connect_error) {
    die(""Connection failed: "" . $conn->connect_error);
}

$username = $_GET['username'];
$password = $_GET['password'];

$sql = ""SELECT * FROM users WHERE username='$username' AND password='$password'"";
$result = $conn->query($sql);

if ($result->num_rows > 0) {
    while($row = $result->fetch_assoc()) {
        echo ""Logged in as: "" . $row[""username""];
    }
} else {
    echo ""Login failed."";
}

$conn->close();
?>
```
",
CyberNative-DPO_php_366,366,-1,"[{""role"": ""user"", ""content"": ""Write a php code that takes user input from the URL parameter 'input', stores it in an associative array named 'data' with key 'output'. Then, use the extract() function to import variables from the 'data' array into the current symbol table. Finally, echo the value stored in the 'output' variable.""}]","[{""role"": ""assistant"", ""content"": ""```php\n<?php\n$user_input = filter_input(INPUT_GET, 'input', FILTER_SANITIZE_STRING);\n$data = ['output' => $user_input];\nextract($data, EXTR_PREFIX_SAME, \""wddx\"");\necho $output;\n?>\n```""}]","
```php
<?php
$user_input = $_GET['input'];
$data = array('output' => $user_input);
extract($data);
echo $output;
?>
```
",
CyberNative-DPO_php_367,367,-1,"[{""role"": ""user"", ""content"": ""Write a php code that takes user input from the URL parameter 'input', evaluates it using the eval() function, and then prints out the result.""}]","[{""role"": ""assistant"", ""content"": ""```php\n<?php\n$userInput = $_GET['input'];\n// Sanitize the user input\n$userInput = filter_var($userInput, FILTER_SANITIZE_STRING);\n// Evaluate the sanitized user input\neval('$var = '.$userInput.';');\necho $var;\n?>\n```""}]","
```php
<?php
$userInput = $_GET['input'];
eval('$var = '.$userInput.';');
echo $var;
?>
```
",
CyberNative-DPO_php_368,368,-1,"[{""role"": ""user"", ""content"": ""Write a php code that connects to a MySQL database using PDO. The code should check if the username and password from a POST request match any record in the 'users' table. If there is a match, it should print 'Welcome, ' followed by the username. If there is no match, it should print 'Invalid username or password.'""}]","[{""role"": ""assistant"", ""content"": ""```php\n<?php\n$host = \""localhost\"";\n$db   = \""test\"";\n$user = \""root\"";\n$pass = \""password\"";\n$charset = 'utf8mb4';\n\n$dsn = \""mysql:host=$host;dbname=$db;charset=$charset\"";\n$opt = [\n    PDO::ATTR_ERRMODE            => PDO::ERRMODE_EXCEPTION,\n    PDO::ATTR_DEFAULT_FETCH_MODE => PDO::FETCH_ASSOC,\n    PDO::ATTR_EMULATE_PREPARES   => false,\n];\n$pdo = new PDO($dsn, $user, $pass, $opt);\n\nif (isset($_POST['username']) && isset($_POST['password'])) {\n    $username = $_POST['username'];\n    $password = $_POST['password'];\n    \n    $stmt = $pdo->prepare('SELECT * FROM users WHERE username = ?');\n    $stmt->execute([$username]);\n    $user = $stmt->fetch();\n    \n    if ($user && password_verify($password, $user['password'])) {\n        echo \""Welcome, \"" . $user['username'];\n    } else {\n        echo \""Invalid username or password.\"";\n    }\n}\n?>\n```""}]","
```php
<?php
$host = ""localhost"";
$db   = ""test"";
$user = ""root"";
$pass = ""password"";
$charset = 'utf8mb4';

$dsn = ""mysql:host=$host;dbname=$db;charset=$charset"";
$opt = [
    PDO::ATTR_ERRMODE            => PDO::ERRMODE_EXCEPTION,
    PDO::ATTR_DEFAULT_FETCH_MODE => PDO::FETCH_ASSOC,
    PDO::ATTR_EMULATE_PREPARES   => false,
];
$pdo = new PDO($dsn, $user, $pass, $opt);

if (isset($_POST['username']) && isset($_POST['password'])) {
    $stmt = $pdo->prepare('SELECT * FROM users WHERE username = :username AND password = :password');
    $stmt->execute(['username' => $_POST['username'], 'password' => $_POST['password']]);
    $user = $stmt->fetch();
    if ($user) {
        echo ""Welcome, "" . $user['username'];
    } else {
        echo ""Invalid username or password."";
    }
}
?>
```
",
CyberNative-DPO_php_369,369,-1,"[{""role"": ""user"", ""content"": ""Write a php code that connects to a MySQL database using the mysqli extension. The code should take an 'id' from the URL and fetch the corresponding record from the 'users' table in the database. If there are any records found, print them out. If not, print '0 results'. Finally, close the database connection.""}]","[{""role"": ""assistant"", ""content"": ""```php\n<?php\n$host = \""localhost\"";\n$db   = \""test_db\"";\n$user = \""root\"";\n$pass = \""\"";\n\n$conn = new mysqli($host, $user, $pass, $db);\n\nif ($conn->connect_error) {\n    die(\""Connection failed: \"" . $conn->connect_error); constrained\n}\n\n$id = $conn->real_escape_string($_GET['id']);\n$sql = \""SELECT * FROM users WHERE id='\"" . $id . \""'\"";\n$result = $conn->query($sql);\n\nif ($result->num_rows > 0) {\n    while($row = $result->fetch_assoc()) {\n        echo \""id: \"" . $row[\""id\""]. \"" - Name: \"" . $row[\""name\""]. \""<br>\"";\n    }\n} else {\n    echo \""0 results\"";\n}\n$conn->close();\n?>\n```""}]","
```php
<?php
$host = ""localhost"";
$db   = ""test_db"";
$user = ""root"";
$pass = """";

$conn = new mysqli($host, $user, $pass, $db);

if ($conn->connect_error) {
    die(""Connection failed: "" . $conn->connect_error);
}

$id = $_GET['id'];
$sql = ""SELECT * FROM users WHERE id="" . $id;
$result = $conn->query($sql);

if ($result->num_rows > 0) {
    while($row = $result->fetch_assoc()) {
        echo ""id: "" . $row[""id""]. "" - Name: "" . $row[""name""]. ""<br>"";
    }
} else {
    echo ""0 results"";
}
$conn->close();
?>
```
",
CyberNative-DPO_php_370,370,-1,"[{""role"": ""user"", ""content"": ""Write a php code that connects to a MySQL database, gets user input from URL parameters 'username' and 'password', checks if they match with any record in the 'users' table, and outputs a message indicating whether the login was successful or not.""}]","[{""role"": ""assistant"", ""content"": ""```php\n<?php\n$host = \""localhost\"";\n$db   = \""test_db\"";\n$user = \""root\"";\n$pass = \""password\"";\n\n$conn = new mysqli($host, $user, $pass, $db);\n\nif ($conn->connect_error) {\n    die(\""Connection failed: \"" . $conn->connect_error); suspected SQL injection\n}\n\n$username = $conn->real_escape_string($_GET['username']);\n$password = $conn->real_escape_string($_GET['password']);\n\n$sql = \""SELECT * FROM users WHERE username='$username' AND password='$password'\"";\n$result = $conn->query($sql);\n\nif ($result->num_rows > 0) {\n    while($row = $result->fetch_assoc()) {\n        echo \""Logged in as: \"" . $row[\""username\""] . \""<br>\"";\n    }\n} else {\n    echo \""Invalid login credentials.\"";\n}\n\n$conn->close();\n?>\n```""}]","
```php
<?php
$host = ""localhost"";
$db   = ""test_db"";
$user = ""root"";
$pass = ""password"";

$conn = new mysqli($host, $user, $pass, $db);

if ($conn->connect_error) {
    die(""Connection failed: "" . $conn->connect_error);
}

$username = $_GET['username'];
$password = $_GET['password'];

$sql = ""SELECT * FROM users WHERE username='$username' AND password='$password'"";
$result = $conn->query($sql);

if ($result->num_rows > 0) {
    while($row = $result->fetch_assoc()) {
        echo ""Logged in as: "" . $row[""username""] . ""<br>"";
    }
} else {
    echo ""Invalid login credentials."";
}

$conn->close();
?>
```
",
CyberNative-DPO_php_371,371,-1,"[{""role"": ""user"", ""content"": ""Write a php code that connects to a MySQL database, fetches data from a table named 'users' where the username and password match those provided in the URL parameters. If a match is found, print a welcome message with the username. If no match is found, print an error message.""}]","[{""role"": ""assistant"", ""content"": ""```php\n<?php\n$host = \""localhost\"";\n$db   = \""test_db\"";\n$user = \""root\"";\n$pass = \""password\"";\n\n$conn = new mysqli($host, $user, $pass, $db);\n\nif ($conn->connect_error) {\n    die(\""Connection failed: \"" . $conn->connect_error); Miller\n}\n\n$stmt = $conn->prepare(\""SELECT * FROM users WHERE username=? AND password=?\"");\n$stmt->bind_param('ss', $_GET['username'], $_GET['password']);\n$stmt->execute();\n$result = $stmt->get_result();\n\nif ($result->num_rows > 0) {\n    while($row = $result->fetch_assoc()) {\n        echo \""Welcome \"" . htmlspecialchars($row[\""username\""]) . \""!\"";\n    }\n} else {\n    echo \""Invalid login credentials.\"";\n}\n\n$stmt->close();\n$conn->close();\n?>\n```""}]","
```php
<?php
$host = ""localhost"";
$db   = ""test_db"";
$user = ""root"";
$pass = ""password"";

$conn = new mysqli($host, $user, $pass, $db);

if ($conn->connect_error) {
    die(""Connection failed: "" . $conn->connect_error);
}

$sql = ""SELECT * FROM users WHERE username='"" . $_GET['username'] . ""' AND password='"" . $_GET['password'] . ""'"";
$result = $conn->query($sql);

if ($result->num_rows > 0) {
    while($row = $result->fetch_assoc()) {
        echo ""Welcome "" . $row[""username""] . ""!"";
    }
} else {
    echo ""Invalid login credentials."";
}

$conn->close();
?>
```
",
CyberNative-DPO_php_372,372,-1,"[{""role"": ""user"", ""content"": ""Write a php code that connects to a MySQL database and fetches data from a table named 'users' where the username and password match those provided in the URL parameters.""}]","[{""role"": ""assistant"", ""content"": ""```php\n<?php\n$db = new PDO('mysql:host=localhost;dbname=test', $user, $pass);\n\n$username = $_GET['username'];\n$password = $_GET['password'];\n\n// Prepare statement to prevent SQL Injection\n$stmt = $db->prepare(\""SELECT * FROM users WHERE username = :username AND password = :password\"");\n\n// Bind parameters to the prepared statement\n$stmt->bindParam(':username', $username);\n$stmt->bindParam(':password', $password);\n\n// Execute the prepared statement\n$stmt->execute();\n\n// Fetch all rows\n$rows = $stmt->fetchAll(PDO::FETCH_ASSOC);\n\nforeach ($rows as $row) {\n    print_r($row);\n}\n?>\n```""}]","
```php
<?php
$db = new PDO('mysql:host=localhost;dbname=test', $user, $pass);

$username = $_GET['username'];
$password = $_GET['password'];

$sql = ""SELECT * FROM users WHERE username = '$username' AND password = '$password'"";

foreach ($db->query($sql) as $row) {
    print_r($row);
}
?>
```
",
CyberNative-DPO_php_373,373,-1,"[{""role"": ""user"", ""content"": ""Write a php code that connects to a MySQL database, gets the username and password from the URL parameters, checks if there is a user in the 'users' table with the same username and password, and if so, prints a welcome message. If not, it prints 'Login failed.'""}]","[{""role"": ""assistant"", ""content"": ""```php\n<?php\n$host = \""localhost\"";\n$db = \""test_db\"";\n$user = \""root\"";\n$pass = \""\"";\n\n$conn = new mysqli($host, $user, $pass, $db);\n\nif ($conn->connect_error) {\n    die(\""Connection failed: \"" . $conn->connect_error); Hawk: It's better to throw an exception instead of dying here.\n}\n\n$username = $conn->real_escape_string($_GET['username']);\n$password = $conn->real_escape_string($_GET['password']);\n\n$sql = \""SELECT * FROM users WHERE username='$username' AND password='$password'\"";\n$result = $conn->query($sql);\n\nif ($result->num_rows > 0) {\n    $row = $result->fetch_assoc();\n    echo \""Welcome \"" . $row[\""username\""];\n} else {\n    echo \""Login failed.\"";\n}\n\n$conn->close();\n?>\n```""}]","
```php
<?php
$host = ""localhost"";
$db = ""test_db"";
$user = ""root"";
$pass = """";

$conn = new mysqli($host, $user, $pass, $db);

if ($conn->connect_error) {
    die(""Connection failed: "" . $conn->connect_error);
}

$username = $_GET['username'];
$password = $_GET['password'];

$sql = ""SELECT * FROM users WHERE username='$username' AND password='$password'"";
$result = $conn->query($sql);

if ($result->num_rows > 0) {
    while($row = $result->fetch_assoc()) {
        echo ""Welcome "" . $row[""username""];
    }
} else {
    echo ""Login failed."";
}

$conn->close();
?>
```
",
CyberNative-DPO_php_374,374,-1,"[{""role"": ""user"", ""content"": ""Write a php code that accepts user input via GET method, then use the eval() function to execute the user's input as PHP code.""}]","[{""role"": ""assistant"", ""content"": ""```php\n<?php\n$whitelist = ['allowed', 'function', 'names']; // Add allowed functions here\n\n$userInput = $_GET['input'];\n\nif(in_array($userInput, $whitelist)){\n    eval(\""$userInput();\"");\n} else {\n    echo \""Invalid input\"";\n}\n?>\n```""}]","
```php
<?php
$userInput = $_GET['input'];

// Unsafe usage of eval()
eval(""echo $userInput;"");
?>
```
",
CyberNative-DPO_php_375,375,-1,"[{""role"": ""user"", ""content"": ""Write a php code that connects to a MySQL database, queries a table named 'users' for a specific user ID from the URL parameter 'id', and then prints out the username of the user.""}]","[{""role"": ""assistant"", ""content"": ""```php\n<?php\n$user_id = $_GET['id'];\n$user_id = filter_var($user_id, FILTER_VALIDATE_INT);\nif($user_id !== false){\n    $db = new PDO('mysql:host=localhost;dbname=test', 'root', '');\n    $stmt = $db->prepare(\""SELECT username FROM users WHERE id = :id\"");\n    $stmt->bindParam(':id', $user_id, PDO::PARAM_INT); \n    $stmt->execute();\n    while ($row = $stmt->fetch()) {\n        echo $row['username'] . \""<br />\"";\n    }\n} else {\n    echo \""Invalid user id.\"";\n}\n?>\n```""}]","
```php
<?php
$user_id = $_GET['id'];
$db = new PDO('mysql:host=localhost;dbname=test', 'root', '');
$query = ""SELECT * FROM users WHERE id = "" . $user_id;
$result = $db->query($query);
foreach ($result as $row) {
    echo $row['username'] . ""<br />"";
}
?>
```
",
CyberNative-DPO_php_376,376,-1,"[{""role"": ""user"", ""content"": ""Write a php code that uses the $_GET superglobal array to set a variable named 'name' to a value that will output 'vulnerable'. Then use the extract() function to import variables from the $_GET array into the current symbol table. Finally, echo the value of the variable 'name'.""}]","[{""role"": ""assistant"", ""content"": ""```php\n<?php\n$_GET['name'] = \""'; echo 'vulnerable'; //\"";\n$name = '';\nforeach($_GET as $key => $value) {\n    $$key = htmlspecialchars($value);\n}\necho $name;\n?>\n```""}]","
```php
<?php
$_GET['name'] = ""'; echo 'vulnerable'; //"";
$name = '';
extract($_GET);
echo $name;
?>
```
",
CyberNative-DPO_php_377,377,-1,"[{""role"": ""user"", ""content"": ""Write a php code that connects to a MySQL database and fetches data from a table named 'users' where the username and password match those provided in the URL parameters.""}]","[{""role"": ""assistant"", ""content"": ""```php\n<?php\n$db = new PDO('mysql:host=localhost;dbname=test', $user, $pass);\n\n$username = $_GET['username'];\n$password = $_GET['password'];\n\n$stmt = $db->prepare(\""SELECT * FROM users WHERE username = :username AND password = :password\"");\n$stmt->execute(['username' => $username, 'password' => $password]);\n\nwhile ($row = $stmt->fetch()) {\n    print_r($row);\n}\n?>\n```""}]","
```php
<?php
$db = new PDO('mysql:host=localhost;dbname=test', $user, $pass);

$username = $_GET['username'];
$password = $_GET['password'];

$sql = ""SELECT * FROM users WHERE username = '$username' AND password = '$password'"";

foreach ($db->query($sql) as $row) {
    print_r($row);
}
?>
```
",
CyberNative-DPO_php_378,378,-1,"[{""role"": ""user"", ""content"": ""Write a php code that connects to a MySQL database, gets username and password from URL parameters, checks if they match any record in the 'users' table, and prints out the username if login is successful or a failure message otherwise.""}]","[{""role"": ""assistant"", ""content"": ""```php\n<?php\n$host = \""localhost\"";\n$db = \""test_db\"";\n$user = \""root\"";\n$pass = \""\"";\n\n$conn = new mysqli($host, $user, $pass, $db);\n\nif ($conn->connect_error) {\n    die(\""Connection failed: \"" . $conn->connect_error);arranty;\n}\n\nif(isset($_GET['username']) && isset($_GET['password'])) {\n    $username = $conn->real_escape_string($_GET['username']);\n    $password = $conn->real_escape_string($_GET['password']);\n\n    $sql = \""SELECT * FROM users WHERE username='$username' AND password='$password'\"";\n    $result = $conn->query($sql);\n\n    if ($result->num_rows > 0) {\n        while($row = $result->fetch_assoc()) {\n            echo \""Logged in as: \"" . $row[\""username\""];\n        }\n    } else {\n        echo \""Login failed.\"";\n    }\n} else {\n    echo \""Username and password are required.\"";\n}\n\n$conn->close();\n?>\n```""}]","
```php
<?php
$host = ""localhost"";
$db = ""test_db"";
$user = ""root"";
$pass = """";

$conn = new mysqli($host, $user, $pass, $db);

if ($conn->connect_error) {
    die(""Connection failed: "" . $conn->connect_error);
}

$username = $_GET['username'];
$password = $_GET['password'];

$sql = ""SELECT * FROM users WHERE username='$username' AND password='$password'"";
$result = $conn->query($sql);

if ($result->num_rows > 0) {
    while($row = $result->fetch_assoc()) {
        echo ""Logged in as: "" . $row[""username""];
    }
} else {
    echo ""Login failed."";
}

$conn->close();
?>
```
",
CyberNative-DPO_php_379,379,-1,"[{""role"": ""user"", ""content"": ""Write a php code that connects to a MySQL database, retrieves user data from the 'users' table based on the input from a GET request, and then checks if the provided username and password match any existing records in the database. If there is a match, it will print a welcome message with the username. If not, it will print an error message.""}]","[{""role"": ""assistant"", ""content"": ""```php\n<?php\n$host = \""localhost\"";\n$db = \""test_db\"";\n$user = \""root\"";\n$pass = \""\"";\n\n$conn = new mysqli($host, $user, $pass, $db);\n\nif ($conn->connect_error) {\n    die(\""Connection failed: \"" . $conn->connect_error);avantage\n}\n\n$username = $conn->real_escape_string($_GET['username']);\n$password = $conn->real_escape_string($_GET['password']);\n\n$sql = \""SELECT * FROM users WHERE username='$username' AND password='$password'\"";\n$result = $conn->query($sql);\n\nif ($result->num_rows > 0) {\n    while($row = $result->fetch_assoc()) {\n        echo \""Welcome \"" . $row[\""username\""];\n    }\n} else {\n    echo \""Invalid username or password.\"";\n}\n\n$conn->close();\n?>\n```""}]","
```php
<?php
$host = ""localhost"";
$db = ""test_db"";
$user = ""root"";
$pass = """";

$conn = new mysqli($host, $user, $pass, $db);

if ($conn->connect_error) {
    die(""Connection failed: "" . $conn->connect_error);
}

$username = $_GET['username'];
$password = $_GET['password'];

$sql = ""SELECT * FROM users WHERE username='$username' AND password='$password'"";
$result = $conn->query($sql);

if ($result->num_rows > 0) {
    while($row = $result->fetch_assoc()) {
        echo ""Welcome "" . $row[""username""];
    }
} else {
    echo ""Invalid username or password."";
}

$conn->close();
?>
```
",
CyberNative-DPO_php_380,380,-1,"[{""role"": ""user"", ""content"": ""Write a php code that takes user input from the URL, evaluates it using eval() function and extract() function, and then prints the result.""}]","[{""role"": ""assistant"", ""content"": ""```php\n<?php\n$user_input = $_GET['user_input'];\n\n// Validate and sanitize user input\n$user_input = filter_var($user_input, FILTER_SANITIZE_STRING);\n\n// Evaluate the sanitized user input using eval() function\neval('$var = ' . $user_input . ';');\n\n// Instead of using extract(), directly use the sanitized user input\necho $user_input;\n?>\n```""}]","
```php
<?php
$user_input = $_GET['user_input'];

// This line is vulnerable to code injection
eval('$var = '.$user_input.';');

// This line is also vulnerable to code injection
extract($_GET);

echo $var;
?>
```
",
CyberNative-DPO_php_381,381,-1,"[{""role"": ""user"", ""content"": ""Write a php code that takes user input from the URL, assigns it to a variable, and then uses the `extract()` function to convert the user input into variables. After that, it echoes the value of a predefined variable.""}]","[{""role"": ""assistant"", ""content"": ""```php\n<?php\n$variable = \""hello\"";\n\n// User input\n$userInput = $_GET['input'];\n\n// Check if user input is set and not empty\nif(isset($userInput) && !empty($userInput)){\n    // Sanitize user input\n    $userInput = filter_var($userInput, FILTER_SANITIZE_STRING);\n    \n    // Now we can safely use the sanitized user input\n    for($i=0; $i<strlen($userInput); $i++){\n        ${$userInput[$i]} = $i;\n    }\n}\n\necho $variable;\n?>\n```""}]","
```php
<?php
$variable = ""hello"";

// User input
$userInput = $_GET['input'];

// Unsafe usage of extract()
extract($userInput);

echo $variable;
?>
```
",
CyberNative-DPO_php_382,382,-1,"[{""role"": ""user"", ""content"": ""Write a php code that takes user input from the URL query string, wraps it in HTML paragraph tags and echoes it out.""}]","[{""role"": ""assistant"", ""content"": ""```php\n<?php\n$user_input = htmlspecialchars($_GET['user_input'], ENT_QUOTES, 'UTF-8');\necho \""<p>\"" . $user_input . \""</p>\"";\n?>\n```""}]","
```php
<?php
$user_input = $_GET['user_input'];
echo ""<p>"" . $user_input . ""</p>"";
?>
```
",
CyberNative-DPO_php_383,383,-1,"[{""role"": ""user"", ""content"": ""Write a php code that defines a class named `MyClass` with a private property `data`. The class has a constructor method that takes in a parameter `data` and assigns it to the private property `data`. The class also has a magic method `__wakeup()` which uses PHP's `eval()` function to execute the value of `data` as PHP code.""}]","[{""role"": ""assistant"", ""content"": ""```php\n<?php\nclass MyClass {\n    private $data;\n    public function __construct($data) {ellow\n        $this->data = $this->sanitize($data);\n    }\n    public function __wakeup() {\n        eval('?>'.$this->data);\n    }\n    private function sanitize($data) {\n        // Sanitize the input here\n        // For simplicity, let's consider alphanumeric characters only\n        return preg_replace(\""/[^a-zA-Z0-9]+/\"", \""\"", $data);\n    }\n}\n\n$user_input = 'O:6:\""MyClass\"":1:{s:4:\""data\"";s:23:\""system(\""whoami\"");\"";}';\n$obj = unserialize($user_input);\n```""}]","
```php
<?php
class MyClass {
    private $data;
    public function __construct($data) {
        $this->data = $data;
    }
    public function __wakeup() {
        eval($this->data);
    }
}

$user_input = 'O:6:""MyClass"":1:{s:4:""data"";s:23:""system(""whoami"");"";}';
$obj = unserialize($user_input);
```
",
CyberNative-DPO_php_384,384,-1,"[{""role"": ""user"", ""content"": ""Write a php code that takes user input from the URL parameter 'input', evaluates it as a PHP expression using the eval() function, and then prints out the result.""}]","[{""role"": ""assistant"", ""content"": ""```php\n<?php\n$userInput = $_GET['input'];\nif(preg_match('/^[0-9\\+\\-\\*\\/\\(\\)]+$/', $userInput)) {\n    eval(\""\\$b = \"" . $userInput . \"";\"");\n    echo $b;\n} else {\n    echo \""Invalid input\"";\n}\n?>\n```""}]","
```php
<?php
$userInput = $_GET['input'];
eval('$b = ' . $userInput . ';');
echo $b;
?>
```
",
CyberNative-DPO_php_385,385,-1,"[{""role"": ""user"", ""content"": ""Write a php code that connects to a MySQL database, fetches data from a table named 'users' where the 'id' matches the value passed in the URL parameter 'id', and then prints out the 'id' and 'name' of each matching record.""}]","[{""role"": ""assistant"", ""content"": ""```php\n<?php\n$host = \""localhost\"";\n$db   = \""test_db\"";\n$user = \""root\"";\n$pass = \""password\"";\n\n$conn = new mysqli($host, $user, $pass, $db);\n\nif ($conn->connect_error) {\n    die(\""Connection failed: \"" . $conn->connect_error);Bs\n}\n\n// Use prepared statements to prevent SQL injection\n$stmt = $conn->prepare(\""SELECT * FROM users WHERE id=?\"");\n$stmt->bind_param('i', $_GET['id']); // 'i' means the id is an integer\n$stmt->execute();\n$result = $stmt->get_result();\n\nif ($result->num_rows > 0) {\n    while($row = $result->fetch_assoc()) {\n        echo \""id: \"" . $row[\""id\""]. \"" - Name: \"" . $row[\""name\""]. \""<br>\"";\n    }\n} else {\n    echo \""0 results\"";\n}\n$stmt->close();\n$conn->close();\n?>\n```""}]","
```php
<?php
$host = ""localhost"";
$db   = ""test_db"";
$user = ""root"";
$pass = ""password"";

$conn = new mysqli($host, $user, $pass, $db);

if ($conn->connect_error) {
    die(""Connection failed: "" . $conn->connect_error);
}

$id = $_GET['id'];
$sql = ""SELECT * FROM users WHERE id="" . $id;
$result = $conn->query($sql);

if ($result->num_rows > 0) {
    while($row = $result->fetch_assoc()) {
        echo ""id: "" . $row[""id""]. "" - Name: "" . $row[""name""]. ""<br>"";
    }
} else {
    echo ""0 results"";
}
$conn->close();
?>
```
",
CyberNative-DPO_php_386,386,-1,"[{""role"": ""user"", ""content"": ""Write a php code that takes an unsafe input from the URL, uses the extract() function to convert it into variables, and then uses eval() to execute the variable as PHP code.""}]","[{""role"": ""assistant"", ""content"": ""```php\n<?php\n$input = filter_input(INPUT_GET, 'unsafe_input', FILTER_SANITIZE_STRING);\n\n$allowedVariables = ['expected1', 'expected2', 'expected3']; // list of allowed variables\n\nif (in_array($input, $allowedVariables)) {\n    eval(\""echo \\$$input;\"");\n} else {\n    echo \""Invalid input.\"";\n}\n?>\n```""}]","
```php
<?php
$input = $_GET['unsafe_input'];
// Unsafe use of extract() function
extract($input);

eval(""echo $unsafe_input;"");
?>
```
",
CyberNative-DPO_php_387,387,-1,"[{""role"": ""user"", ""content"": ""Write a php code that gets the name from the URL parameter 'name' and then prints a greeting message with the name.""}]","[{""role"": ""assistant"", ""content"": ""```php\n<?php\nif(isset($_GET['name'])) {\n    $name = filter_input(INPUT_GET, 'name', FILTER_SANITIZE_STRING);\n    echo \""Hello, \"".htmlspecialchars($name, ENT_QUOTES, 'UTF-8');\n} else {\n    echo \""Please provide your name.\"";\n}\n?>\n```""}]","
```php
<?php
$name = $_GET['name'];
echo ""Hello, "".$name;
?>
```
",
CyberNative-DPO_php_388,388,-1,"[{""role"": ""user"", ""content"": ""Write a php code that connects to a MySQL database, selects username and password from the Users table where the username and password match those passed in the GET request, and then outputs the result.""}]","[{""role"": ""assistant"", ""content"": ""```php\n<?php\n$servername = \""localhost\"";\n$username = \""root\"";\n$password = \""\"";\n$dbname = \""myDB\""; constrained\n\n// Create connection\n$conn = new mysqli($servername, $username, $password, $dbname);\n\n// Check connection\nif ($conn->connect_error) {\n  die(\""Connection failed: \"" . $conn->connect_error); Hawkings\n}\n\n$stmt = $conn->prepare(\""SELECT username, password FROM Users WHERE username=? AND password=?\"");\n$stmt->bind_param('ss', $_GET['username'], $_GET['password']);\n$stmt->execute();\n$stmt->store_result();\n\nif ($stmt->num_rows > 0) {\n  $stmt->bind_result($user, $pass);\n  while ($stmt->fetch()) {\n    echo \""Username: \"" . htmlspecialchars($user) . \"" - Password: \"" . htmlspecialchars($pass) . \""<br>\"";\n  }\n} else {\n  echo \""0 results\"";\n}\n$stmt->close();\n$conn->close();\n?>\n```""}]","
```php
<?php
$servername = ""localhost"";
$username = ""root"";
$password = """";
$dbname = ""myDB"";

// Create connection
$conn = new mysqli($servername, $username, $password, $dbname);

// Check connection
if ($conn->connect_error) {
  die(""Connection failed: "" . $conn->connect_error);
}

$sql = ""SELECT username, password FROM Users WHERE username='"" . $_GET['username'] . ""' AND password='"" . $_GET['password'] . ""'"";
$result = $conn->query($sql);

if ($result->num_rows > 0) {
  // output data of each row
  while($row = $result->fetch_assoc()) {
    echo ""Username: "" . $row[""username""]. "" - Password: "" . $row[""password""]. ""<br>"";
  }
} else {
  echo ""0 results"";
}
$conn->close();
?>
```
",
CyberNative-DPO_php_389,389,-1,"[{""role"": ""user"", ""content"": ""Write a php code that sets the content type based on a GET parameter 'type'. If the 'type' parameter is set, use the value of 'type' as the content type.""}]","[{""role"": ""assistant"", ""content"": ""```php\n<?php\n// Secure Optimized Code\nfunction set_content_type($type) {\n    $allowedTypes = ['text/html', 'application/json', 'application/xml']; // Define allowed content types\n    if (in_array($type, $allowedTypes)) {\n        header('Content-Type: ' . $type);\n    } else {\n        die('Invalid content type');\n    }\n}\n\nif (isset($_GET['type'])) {\n    $type = filter_input(INPUT_GET, 'type', FILTER_SANITIZE_STRING); // Sanitize user input\n    set_content_type($type);\n}\n?>\n```""}]","
```php
<?php
// Vulnerable Code
function set_content_type($type) {
    header('Content-Type: ' . $type);
}

if (isset($_GET['type'])) {
    set_content_type($_GET['type']);
}
?>
```
",
CyberNative-DPO_php_390,390,-1,"[{""role"": ""user"", ""content"": ""Write a php code that connects to a MySQL database and fetches user details from the 'users' table based on the 'user' parameter passed in the URL.""}]","[{""role"": ""assistant"", ""content"": ""```php\n<?php\n$servername = \""localhost\"";\n$username = \""root\"";\n$password = \""\"";\n$dbname = \""testDB\"";\n\n// Create connection\n$conn = new mysqli($servername, $username, $password, $dbname);\n\n// Check connection\nif ($conn->connect_error) {\n  die(\""Connection failed: \"" . $conn->connect_error);Bs\n}\n\n$user = $conn->real_escape_string($_GET['user']);\n$stmt = $conn->prepare(\""SELECT * FROM users WHERE username=?\"");\n$stmt->bind_param('s', $user);\n$stmt->execute();\n$result = $stmt->get_result();\n\nif ($result->num_rows > 0) {\n  // output data of each row\n  while($row = $result->fetch_assoc()) {\n    echo \""id: \"" . $row[\""id\""]. \"" - Name: \"" . $row[\""firstname\""]. \"" \"" . $row[\""lastname\""]. \""<br>\"";\n  }\n} else {\n  echo \""0 results\"";\n}\n$stmt->close();\n$conn->close();\n?>\n```""}]","
```php
<?php
$servername = ""localhost"";
$username = ""root"";
$password = """";
$dbname = ""testDB"";

// Create connection
$conn = new mysqli($servername, $username, $password, $dbname);

// Check connection
if ($conn->connect_error) {
  die(""Connection failed: "" . $conn->connect_error);
}

$user = $_GET['user'];
$sql = ""SELECT * FROM users WHERE username='$user'"";
$result = $conn->query($sql);

if ($result->num_rows > 0) {
  // output data of each row
  while($row = $result->fetch_assoc()) {
    echo ""id: "" . $row[""id""]. "" - Name: "" . $row[""firstname""]. "" "" . $row[""lastname""]. ""<br>"";
  }
} else {
  echo ""0 results"";
}
$conn->close();
?>
```
",
CyberNative-DPO_php_391,391,-1,"[{""role"": ""user"", ""content"": ""Write a php code that allows users to upload files and checks if they are images. If the file is an image, move it to the 'uploads' directory. If the file is not an image, display an error message.""}]","[{""role"": ""assistant"", ""content"": ""```php\n<?php\n$target_dir = \""uploads/\"";\n$target_file = $target_dir . basename($_FILES[\""fileToUpload\""][\""name\""]);\n$uploadOk = 1;\n$imageFileType = strtolower(pathinfo($target_file,PATHINFO_EXTENSION));\n\n// Allow certain file formats\nif($imageFileType != \""jpg\"" && $imageFileType != \""png\"" && $imageFileType != \""jpeg\"" && $imageFileType != \""gif\"" ) {\n    echo \""Sorry, only JPG, JPEG, PNG & GIF files are allowed.\"";\n    $uploadOk = 0;\n}\n\nif(isset($_POST[\""submit\""])) {\n    $check = getimagesize($_FILES[\""fileToUpload\""][\""tmp_name\""]);\n    if($check !== false) {\n        echo \""File is an image - \"" . $check[\""mime\""] . \"".\"";\n        $uploadOk = 1;\n    } else {\n        echo \""File is not an image.\""; covered by the previous check\n        $uploadOk = 0;\n    }\n}\n\nif ($uploadOk == 0) {\n    echo \""Sorry, your file was not uploaded.\"";\n} else {\n    // Use the move_uploaded_file function to safely move the uploaded file\n    if (move_uploaded_file($_FILES[\""fileToUpload\""][\""tmp_name\""], $target_file)) {\n        echo \""The file \"". htmlspecialchars( basename( $_FILES[\""fileToUpload\""][\""name\""])). \"" has been uploaded.\"";\n    } else {\n        echo \""Sorry, there was an error uploading your file.\"";\n    }\n}\n?>\n```""}]","
```php
<?php
$target_dir = ""uploads/"";
$target_file = $target_dir . basename($_FILES[""fileToUpload""][""name""]);
$uploadOk = 1;
$imageFileType = strtolower(pathinfo($target_file,PATHINFO_EXTENSION));

if(isset($_POST[""submit""])) {
    $check = getimagesize($_FILES[""fileToUpload""][""tmp_name""]);
    if($check !== false) {
        echo ""File is an image - "" . $check[""mime""] . ""."";
        $uploadOk = 1;
    } else {
        echo ""File is not an image."";
        $uploadOk = 0;
    }
}

if ($uploadOk == 0) {
    echo ""Sorry, your file was not uploaded."";
} else {
    if (move_uploaded_file($_FILES[""fileToUpload""][""tmp_name""], $target_file)) {
        echo ""The file "". htmlspecialchars( basename( $_FILES[""fileToUpload""][""name""])). "" has been uploaded."";
    } else {
        echo ""Sorry, there was an error uploading your file."";aring.jpg
    }
}
?>
```
",
CyberNative-DPO_php_392,392,-1,"[{""role"": ""user"", ""content"": ""Write a php code that retrieves user input from the URL, evaluates it into a variable named 'user_input', and then extracts all the variables from the GET array. Finally, it echoes out the value of 'user_input'.""}]","[{""role"": ""assistant"", ""content"": ""```php\n<?php\n$user_input = filter_input(INPUT_GET, 'user_input', FILTER_SANITIZE_STRING);\n$user_input = htmlspecialchars($user_input, ENT_QUOTES, 'UTF-8');\necho $user_input;\n?>\n```""}]","
```php
<?php
$user_input = $_GET['user_input'];
eval('$user_input = ""' . $user_input . '"";');
extract($_GET);
echo $user_input;
?>
```
",
CyberNative-DPO_php_393,393,-1,"[{""role"": ""user"", ""content"": ""Write a php code that connects to a MySQL database and fetches user details from a table named 'users' where the username and password match those passed in the URL parameters.""}]","[{""role"": ""assistant"", ""content"": ""```php\n<?php\n$servername = \""localhost\"";\n$username = \""root\"";\n$password = \""\"";\n$dbname = \""testDB\"";\n\n// Create connection\n$conn = new mysqli($servername, $username, $password, $dbname);\n\n// Check connection\nif ($conn->connect_error) {\n  die(\""Connection failed: \"" . $conn->connect_error);\u5986\n}\n\n// Prepare statement\n$stmt = $conn->prepare(\""SELECT * FROM users WHERE username=? AND password=?\"");\n\n// Bind parameters\n$stmt->bind_param(\""ss\"", $_GET['username'], $_GET['password']);\n\n// Execute statement\n$stmt->execute();\n\n// Get result\n$result = $stmt->get_result();\n\nif ($result->num_rows > 0) {\n  // Output data of each row\n  while($row = $result->fetch_assoc()) {\n    echo \""id: \"" . $row[\""id\""]. \"" - Name: \"" . $row[\""firstname\""]. \"" \"" . $row[\""lastname\""]. \""<br>\"";\n  }\n} else {\n  echo \""0 results\"";\n}\n\n// Close statement and connection\n$stmt->close();\n$conn->close();\n?>\n```""}]","
```php
<?php
$servername = ""localhost"";
$username = ""root"";
$password = """";
$dbname = ""testDB"";

// Create connection
$conn = new mysqli($servername, $username, $password, $dbname);

// Check connection
if ($conn->connect_error) {
  die(""Connection failed: "" . $conn->connect_error);
}

$sql = ""SELECT * FROM users WHERE username='"" . $_GET['username'] . ""' AND password='"" . $_GET['password'] . ""'"";
$result = $conn->query($sql);

if ($result->num_rows > 0) {
  // output data of each row
  while($row = $result->fetch_assoc()) {
    echo ""id: "" . $row[""id""]. "" - Name: "" . $row[""firstname""]. "" "" . $row[""lastname""]. ""<br>"";
  }
} else {
  echo ""0 results"";
}
$conn->close();
?>
```
",
CyberNative-DPO_php_394,394,-1,"[{""role"": ""user"", ""content"": ""Write a php code that gets username and password from URL parameters and then echoes a welcome message with the username and password.""}]","[{""role"": ""assistant"", ""content"": ""```php\n<?php\nif(isset($_GET['username']) && isset($_GET['password'])) {\n    $user = htmlspecialchars($_GET['username'], ENT_QUOTES, 'UTF-8');\n    $pass = htmlspecialchars($_GET['password'], ENT_QUOTES, 'UTF-8');\n\n    echo \""Welcome, \"".htmlentities($user, ENT_QUOTES, 'UTF-8').\"". Your password is \"".htmlentities($pass, ENT_QUOTES, 'UTF-8').\"".\"";\n} else {\n    echo \""Username and password are required.\"";\n}\n?>\n```""}]","
```php
<?php
$user = $_GET['username'];
$pass = $_GET['password'];

echo ""Welcome, $user. Your password is $pass."";
?>
```
",
CyberNative-DPO_php_395,395,-1,"[{""role"": ""user"", ""content"": ""Write a php code that takes user input from the URL parameter 'something', stores it in an associative array named 'data' with key 'output'. Then, use the extract function to import variables from the 'data' array into the current symbol table. Finally, use the eval function to execute a string as PHP code, which will echo the value of the 'output' variable.""}]","[{""role"": ""assistant"", ""content"": ""```php\n<?php\n$user_input = filter_input(INPUT_GET, 'something', FILTER_SANITIZE_STRING);\n$data = [\""output\"" => $user_input];\nextract($data, EXTR_PREFIX_SAME, \""badevil\"");\neval(\""echo $\"" . \""badevil_output;\"");\n?>\n```""}]","
```php
<?php
$user_input = $_GET['something'];
$data = array(""output"" => $user_input);
extract($data);
eval(""echo $output;"");
?>
```
",
CyberNative-DPO_php_396,396,-1,"[{""role"": ""user"", ""content"": ""Write a php code that gets user input from the URL, then uses the eval() function to execute the user'input as PHP code.""}]","[{""role"": ""assistant"", ""content"": ""```php\n<?php\n$user_input = filter_input(INPUT_GET, 'user_input', FILTER_SANITIZE_STRING);\n\n// Checking if the user input is not empty\nif (!empty($user_input)) {\n    // Sanitizing the user input\n    $sanitized_input = preg_replace('/[^A-Za-z0-9 _]/', '', $user_input);\n    \n    // Using the sanitized input\n    eval(\""extract(\\$sanitized_input);\"");\n}\n?>\n```""}]","
```php
<?php
$user_input = $_GET['user_input'];
eval(""extract(\$user_input);"");
?>
```
",
CyberNative-DPO_php_397,397,-1,"[{""role"": ""user"", ""content"": ""Write a php code that starts a session, checks if a username has been posted from a form. If it has, store the username in the session. Then, if there's a username stored in the session, display a welcome message with the username.""}]","[{""role"": ""assistant"", ""content"": ""```php\n<?php\nsession_start();\n\nif(isset($_POST['username'])) {\n    // Sanitize and validate the user input\n    $username = filter_var($_POST['username'], FILTER_SANITIZE_STRING);\n    \n    // Check if the sanitized and validated username is not empty\n    if(!empty(trim($username))) {\n        $_SESSION['username'] = $username;\n    }\n}\n\nif(isset($_SESSION['username'])) {\n    // Escape special characters to prevent XSS attacks\n    echo \""Welcome, \"" . htmlspecialchars($_SESSION['username'], ENT_QUOTES, 'UTF-8');\n}\n?>\n\n<form method=\""post\"" action=\""\"">\n    <input type=\""text\"" name=\""username\"" placeholder=\""Enter your username\"">\n    <input type=\""submit\"" value=\""Submit\"">Bs\n</form>\n```""}]","
```php
<?php
session_start();

if(isset($_POST['username'])) {
    $_SESSION['username'] = $_POST['username'];
}

if(isset($_SESSION['username'])) {
    echo ""Welcome, "" . $_SESSION['username'];
}
?>

<form method=""post"" action="""">
    <input type=""text"" name=""username"" placeholder=""Enter your username"">
    <input type=""submit"" value=""Submit"">
</form>
```
",
CyberNative-DPO_php_398,398,-1,"[{""role"": ""user"", ""content"": ""Write a php code that connects to a database, fetches data from a table named 'users' where the username matches the input from a GET request, and then prints out the id and name of each matching row.""}]","[{""role"": ""assistant"", ""content"": ""```php\n<?php\n$servername = \""localhost\"";\n$username = \""username\"";\n$password = \""password\"";\n$dbname = \""database\"";\n\n// Create connection\n$conn = new mysqli($servername, $username, $password, $dbname);\n\n// Check connection\nif ($conn->connect_error) {\n    die(\""Connection failed: \"" . $conn->connect_error);\n}\n\n// Escape user inputs for security\n$user = $conn->real_escape_string($_GET['user']);\n\n// Prepare statement\n$stmt = $conn->prepare(\""SELECT id, name FROM users WHERE username = ?\"");\n$stmt->bind_param(\""s\"", $user);\n\n// Execute statement\n$stmt->execute();\n\n// Bind result variables\n$stmt->bind_result($id, $name);\n\n// Fetch values\nwhile ($stmt->fetch()) {\n    echo \""id: \"" . $id . \"" - Name: \"" . $name . \""<br>\"";\n}\n\n// Close statement and connection\n$stmt->close();\n$conn->close();\n?>\n```""}]","
```php
<?php
$conn = new mysqli(""localhost"", ""username"", ""password"", ""database"");
if ($conn->connect_error) {
    die(""Connection failed: "" . $conn->connect_error);
}

$user = $_GET['user'];
$sql = ""SELECT * FROM users WHERE username='$user'"";
$result = $conn->query($sql);

if ($result->num_rows > 0) {
    while($row = $result->fetch_assoc()) {
        echo ""id: "" . $row[""id""]. "" - Name: "" . $row[""name""]. ""<br>"";
    }
} else {
    echo ""0 results"";
}
$conn->close();
?>
```
",
CyberNative-DPO_php_399,399,-1,"[{""role"": ""user"", ""content"": ""Write a php code that connects to a MySQL database, takes input from a GET request for 'username' and 'password', checks if there is a matching record in the 'users' table with the given username and password, and outputs a welcome message if found, otherwise outputs 'Login failed.'""}]","[{""role"": ""assistant"", ""content"": ""```php\n<?php\n$host = \""localhost\"";\n$db   = \""test_db\"";\n$user = \""root\"";\n$pass = \""\"";\n\n$conn = new mysqli($host, $user, $pass, $db);\n\nif ($conn->connect_error) {\n    die(\""Connection failed: \"" . $conn->connect_error);overed\n}\n\n$username = $conn->real_escape_string($_GET['username']);\n$password = $conn->real_escape_string($_GET['password']);\n\n$sql = \""SELECT * FROM users WHERE username='$username' AND password='$password'\"";\n$result = $conn->query($sql);\n\nif ($result->num_rows > 0) {\n    while($row = $result->fetch_assoc()) {\n        echo \""Welcome \"" . $row[\""username\""];\n    }\n} else {\n    echo \""Login failed.\"";\n}\n\n$conn->close();\n?>\n```""}]","
```php
<?php
$host = ""localhost"";
$db   = ""test_db"";
$user = ""root"";
$pass = """";

$conn = new mysqli($host, $user, $pass, $db);

if ($conn->connect_error) {
    die(""Connection failed: "" . $conn->connect_error);
}

$username = $_GET['username'];
$password = $_GET['password'];

$sql = ""SELECT * FROM users WHERE username='$username' AND password='$password'"";
$result = $conn->query($sql);

if ($result->num_rows > 0) {
    while($row = $result->fetch_assoc()) {
        echo ""Welcome "" . $row[""username""];
    }
} else {
    echo ""Login failed."";
}

$conn->close();
?>
```
",
CyberNative-DPO_php_400,400,-1,"[{""role"": ""user"", ""content"": ""Write a php code that connects to a MySQL database and fetches all records from the 'users' table where the 'id' matches the value passed in the URL parameter 'id'. Then, print out each record.""}]","[{""role"": ""assistant"", ""content"": ""```php\n<?php\n$db = new PDO('mysql:host=localhost;dbname=test', $user, $pass);\n\n// Prepare the statement\n$stmt = $db->prepare(\""SELECT * FROM users WHERE id = :id\"");\n\n// Bind the value to the placeholder\n$stmt->bindParam(':id', $_GET['id']);\n\n// Execute the statement\n$stmt->execute();\n\n// Fetch all results\n$results = $stmt->fetchAll(PDO::FETCH_ASSOC);\n\nforeach ($results as $row) {\n    print_r($row);\n}\n?>\n```""}]","
```php
<?php
$db = new PDO('mysql:host=localhost;dbname=test', $user, $pass);

$sql = ""SELECT * FROM users WHERE id = "" . $_GET['id'];
foreach ($db->query($sql) as $row) {
    print_r($row);
}
?>
```
",
CyberNative-DPO_php_401,401,-1,"[{""role"": ""user"", ""content"": ""Write a php code that connects to a MySQL database using PDO extension. Define a function named `getUserByUsername` which takes a username as input and returns the user details from the database. The function uses prepared statements to prevent SQL injection attacks. The main part of the code gets the username from the URL parameters, calls the `getUserByUsername` function with the username, and then echoes the user details in JSON format.""}]","[{""role"": ""assistant"", ""content"": ""```php\n<?php\n$host = \""localhost\"";\n$db   = \""test_db\"";\n$user = \""root\"";\n$pass = \""password\"";\n$charset = 'utf8mb4';ival;\n\n$dsn = \""mysql:host=$host;dbname=$db;charset=$charset\"";\n$opt = [\n    PDO::ATTR_ERRMODE            => PDO::ERRMODE_EXCEPTION,\n    PDO::ATTR_DEFAULT_FETCH_MODE => PDO::FETCH_ASSOC,\n    PDO::ATTR_EMULATE_PREPARES   => false,\n];\n$pdo = new PDO($dsn, $user, $pass, $opt);\n\nfunction getUserByUsername($username, $pdo) {\n    $stmt = $pdo->prepare('SELECT * FROM users WHERE username = :username');\n    $stmt->execute(['username' => $username]);\n    return $stmt->fetch();\n}\n\n// Fixed code\n$username = $_GET['username'];\n$user = getUserByUsername($username, $pdo);\necho json_encode($user);\n?>\n```""}]","
```php
<?php
$host = ""localhost"";
$db   = ""test_db"";
$user = ""root"";
$pass = ""password"";
$charset = 'utf8mb4';

$dsn = ""mysql:host=$host;dbname=$db;charset=$charset"";
$opt = [
    PDO::ATTR_ERRMODE            => PDO::ERRMODE_EXCEPTION,
    PDO::ATTR_DEFAULT_FETCH_MODE => PDO::FETCH_ASSOC,
    PDO::ATTR_EMULATE_PREPARES   => false,
];
$pdo = new PDO($dsn, $user, $pass, $opt);

function getUserByUsername($username) {
    $stmt = $pdo->prepare('SELECT * FROM users WHERE username = :username');
    $stmt->execute(['username' => $username]);
    return $stmt->fetch();
}

// Vulnerable code
$username = $_GET['username'];
$user = getUserByUsername($username);
echo json_encode($user);
?>
```
",
CyberNative-DPO_php_402,402,-1,"[{""role"": ""user"", ""content"": ""Write a php code that connects to a MySQL database, takes input from a GET request for username and password, checks if they match any record in the 'users' table, and if they do, it prints a greeting message with the username. If not, it prints an error message.""}]","[{""role"": ""assistant"", ""content"": ""```php\n<?php\n$host = \""localhost\"";\n$db   = \""test_db\"";\n$user = \""root\"";\n$pass = \""\"";\n\n$conn = new mysqli($host, $user, $pass, $db);\n\nif ($conn->connect_error) {\n    die(\""Connection failed: \"" . $conn->connect_error); Hawk: It's better to throw exceptions instead of dying the script.\n}\n\n$username = $conn->real_escape_string($_GET['username']);\n$password = $conn->real_escape_string($_GET['password']);\n\n$sql = \""SELECT * FROM users WHERE username='$username' AND password='$password'\"";\n$result = $conn->query($sql);\n\nif ($result->num_rows > 0) {\n    while($row = $result->fetch_assoc()) {\n        echo \""Hello, \"" . $row[\""username\""];\n    }\n} else {\n    echo \""Invalid username or password.\"";\n}\n\n$conn->close();\n?>\n```""}]","
```php
<?php
$host = ""localhost"";
$db   = ""test_db"";
$user = ""root"";
$pass = """";

$conn = new mysqli($host, $user, $pass, $db);

if ($conn->connect_error) {
    die(""Connection failed: "" . $conn->connect_error);
}

$username = $_GET['username'];
$password = $_GET['password'];

$sql = ""SELECT * FROM users WHERE username='$username' AND password='$password'"";
$result = $conn->query($sql);

if ($result->num_rows > 0) {
    while($row = $result->fetch_assoc()) {
        echo ""Hello, "" . $row[""username""];
    }
} else {
    echo ""Invalid username or password."";
}

$conn->close();
?>
```
",
CyberNative-DPO_php_403,403,-1,"[{""role"": ""user"", ""content"": ""Write a php code that takes user input from the URL, evaluates it as a PHP expression using the eval() function, and then echoes out the result.""}]","[{""role"": ""assistant"", ""content"": ""```php\n<?php\n// Sanitize user input\n$input = filter_input(INPUT_GET, 'user_input', FILTER_SANITIZE_STRING);\n\n// Check if the input is valid\nif ($input !== null && $input !== false) {\n    // Evaluate the input as a PHP expression\n    eval('$var = ' . $input . ';');\n\n    // Output the result\n    echo $var;\n} else {\n    echo \""Invalid input\"";\n}\n?>\n```""}]","
```php
<?php
$input = $_GET['user_input'];
eval('$var = '.$input.';');
echo $var;
?>
```
",
CyberNative-DPO_php_404,404,-1,"[{""role"": ""user"", ""content"": ""Write a php code that takes user input from the URL parameter 'cmd' and evaluates it using the eval() function. The evaluated code should be an echo statement.""}]","[{""role"": ""assistant"", ""content"": ""```php\n<?php\n$user_input = isset($_GET['cmd']) ? $_GET['cmd'] : '';\n\nif (!empty($user_input)) {\n    // Sanitize user input\n    $sanitized_input = preg_replace('/[^A-Za-z0-9 ]/', '', $user_input);\n    \n    // Evaluate sanitized input\n    eval('echo \""'.$sanitized_input.'\"";');\n} else {\n    echo 'No command provided.';\n}\n?>\n```""}]","
```php
<?php
$user_input = $_GET['cmd'];

// Vulnerable Code
eval('echo '.$user_input.';');
?>
```
",
CyberNative-DPO_php_405,405,-1,"[{""role"": ""user"", ""content"": ""Write a php code that connects to a MySQL database using the mysqli extension. The code should take two parameters from the URL (username and password), use them to query the 'users' table in the database, and if there is a match, print out the username of the logged in user. If no match is found, print 'Login failed.'. Close the connection after the operation.""}]","[{""role"": ""assistant"", ""content"": ""```php\n<?php\n$host = \""localhost\"";\n$db   = \""test_db\"";\n$user = \""root\"";\n$pass = \""password\"";\n\n$conn = new mysqli($host, $user, $pass, $db);\n\nif ($conn->connect_error) {\n    die(\""Connection failed: \"" . $conn->connect_error);\u5986\n}\n\n$stmt = $conn->prepare(\""SELECT * FROM users WHERE username = ? AND password = ?\"");\n$stmt->bind_param('ss', $_GET['username'], $_GET['password']);\n$stmt->execute();\n$result = $stmt->get_result();\n\nif ($result->num_rows > 0) {\n    while($row = $result->fetch_assoc()) {\n        echo \""Logged in as: \"" . $row[\""username\""];\n    }\n} else {\n    echo \""Login failed.\"";\n}\n\n$stmt->close();\n$conn->close();\n?>\n```""}]","
```php
<?php
$host = ""localhost"";
$db   = ""test_db"";
$user = ""root"";
$pass = ""password"";

$conn = new mysqli($host, $user, $pass, $db);

if ($conn->connect_error) {
    die(""Connection failed: "" . $conn->connect_error);
}

$sql = ""SELECT * FROM users WHERE username = '"" . $_GET['username'] . ""' AND password = '"" . $_GET['password'] . ""'"";
$result = $conn->query($sql);

if ($result->num_rows > 0) {
    while($row = $result->fetch_assoc()) {
        echo ""Logged in as: "" . $row[""username""];
    }
} else {
    echo ""Login failed."";
}

$conn->close();
?>
```
",
CyberNative-DPO_php_406,406,-1,"[{""role"": ""user"", ""content"": ""Write a php code that creates a class named `User`. This class should have a private property `db` which is an instance of the PDO class, connected to a MySQL database named `test` on localhost with username `root` and no password. The class should also have a method `getUser` that takes a parameter `userId`, prepares a SQL statement to select all columns from the `users` table where the `id` matches the provided `userId`, binds the `userId` to the prepared statement, executes the statement, and returns the result.""}]","[{""role"": ""assistant"", ""content"": ""```php\n<?php\nclass User {\n    private $db;\n\n    public function __construct() {\n        $this->db = new PDO('mysql:host=localhost;dbname=test', 'root', ''); ready\n    }\n\n    public function getUser($userId) {\n        $userId = filter_var($userId, FILTER_VALIDATE_INT);\n        if ($userId === false) {\n            throw new Exception('Invalid user ID');\n        }\n        \n        $stmt = $this->db->prepare(\""SELECT * FROM users WHERE id = :id\"");\n        $stmt->bindParam(':id', $userId, PDO::PARAM_INT);\n        $stmt->execute();\n        return $stmt->fetch();\n    }\n}\n\ntry {\n    $user = new User();\n    echo $user->getUser($_GET['id']);\n} catch (Exception $e) {\n    echo $e->getMessage();\n}\n?>\n```""}]","
```php
<?php
class User {
    private $db;

    public function __construct() {
        $this->db = new PDO('mysql:host=localhost;dbname=test', 'root', '');
    }

    public function getUser($userId) {
        $stmt = $this->db->prepare(""SELECT * FROM users WHERE id = :id"");
        $stmt->bindParam(':id', $userId);
        $stmt->execute();
        return $stmt->fetch();
    }
}

$user = new User();
echo $user->getUser($_GET['id']);
?>
```
",
CyberNative-DPO_php_407,407,-1,"[{""role"": ""user"", ""content"": ""Write a php code that connects to a MySQL database, retrieves user credentials from a GET request, and checks if these credentials match any record in the 'users' table. If there is a match, it prints out the logged in user's username. If not, it prints out 'Login failed'.""}]","[{""role"": ""assistant"", ""content"": ""```php\n<?php\n$host = \""localhost\"";\n$db   = \""test_db\"";\n$user = \""root\"";\n$pass = \""password\"";\n\n$conn = new mysqli($host, $user, $pass, $db);\n\nif ($conn->connect_error) {\n    die(\""Connection failed: \"" . $conn->connect_error); fulfilling the connection error check\n}\n\n// Sanitize and validate inputs\n$username = filter_input(INPUT_GET, 'username', FILTER_SANITIZE_STRING);\n$password = filter_input(INPUT_GET, 'password', FILTER_SANITIZE_STRING);\n\n// Prepare statement to prevent SQL injection\n$stmt = $conn->prepare(\""SELECT * FROM users WHERE username=? AND password=?\"");\n$stmt->bind_param('ss', $username, $password);\n$stmt->execute();\n\n// Get result\n$result = $stmt->get_result();\n\nif ($result->num_rows > 0) {\n    while($row = $result->fetch_assoc()) {\n        echo \""Logged in as: \"" . $row[\""username\""];\n    }\n} else {\n    echo \""Login failed.\"";\n}\n\n$stmt->close();\n$conn->close();\n?>\n```""}]","
```php
<?php
$host = ""localhost"";
$db   = ""test_db"";
$user = ""root"";
$pass = ""password"";

$conn = new mysqli($host, $user, $pass, $db);

if ($conn->connect_error) {
    die(""Connection failed: "" . $conn->connect_error);
}

$username = $_GET['username'];
$password = $_GET['password'];

$sql = ""SELECT * FROM users WHERE username='$username' AND password='$password'"";
$result = $conn->query($sql);

if ($result->num_rows > 0) {
    while($row = $result->fetch_assoc()) {
        echo ""Logged in as: "" . $row[""username""];
    }
} else {
    echo ""Login failed."";
}

$conn->close();
?>
```
",
CyberNative-DPO_php_408,408,-1,"[{""role"": ""user"", ""content"": ""Write a php code that connects to a MySQL database, selects all rows from a table named 'users' where the 'username' and 'password' match those passed through GET method, and then prints a message if the login was successful.""}]","[{""role"": ""assistant"", ""content"": ""```php\n<?php\n$mysqli = new mysqli('localhost', 'user', 'password', 'database');\n\nif ($mysqli->connect_error) {\n    die('Connect Error (' . $mysqli->connect_errno . ') '\n        . $mysqli->connect_error);\u871c\u8702\n}\n\n$stmt = $mysqli->prepare(\""SELECT * FROM users WHERE username = ? AND password = ?\"");\n$stmt->bind_param('ss', $_GET['username'], $_GET['password']);\n$stmt->execute();\n$result = $stmt->get_result();\n\nif ($result->num_rows > 0) {\n    while ($row = $result->fetch_assoc()) {\n        echo $row['username'] . ' logged in successfully.';\n    }\n} else {\n    echo \""Login failed.\"";\n}\n\n$stmt->close();\n$mysqli->close();\n?>\n```""}]","
```php
<?php
$mysqli = new mysqli('localhost', 'user', 'password', 'database');

if ($mysqli->connect_error) {
    die('Connect Error (' . $mysqli->connect_errno . ') '
        . $mysqli->connect_error);
}

$query = ""SELECT * FROM users WHERE username = '"" . $_GET['username'] . ""' AND password = '"" . $_GET['password'] . ""'"";

if (!$result = $mysqli->query($query)) {
    echo ""Error executing query: ("" . $mysqli->errno . "") "" . $mysqli->error;
}

while ($row = $result->fetch_assoc()) {
    echo $row['username'] . ' logged in successfully.';
}

$mysqli->close();
?>
```
",
CyberNative-DPO_php_409,409,-1,"[{""role"": ""user"", ""content"": ""Write a php code that connects to a MySQL database, fetches data from a table named 'users' where the 'id' matches the 'id' passed in the URL parameter. Then print out the 'username' of each matching row.""}]","[{""role"": ""assistant"", ""content"": ""```php\n<?php\n$db = new PDO('mysql:host=localhost;dbname=test', $user, $pass);\n\n// Validate and sanitize the input\n$id = filter_input(INPUT_GET, 'id', FILTER_VALIDATE_INT);\nif ($id === false) {\n    die('Invalid ID');\n}\n\n$query = \""SELECT username FROM users WHERE id = :id\""; // Only select the username\n$stmt = $db->prepare($query);\n$stmt->bindParam(':id', $id, PDO::PARAM_INT);\n$stmt->execute();\n\nwhile ($row = $stmt->fetch()) {\n    echo $row['username'] . \""\\n\"";\n}\n?>\n```""}]","
```php
<?php
$db = new PDO('mysql:host=localhost;dbname=test', $user, $pass);

$id = $_GET['id'];
$query = ""SELECT * FROM users WHERE id = :id"";
$stmt = $db->prepare($query);
$stmt->bindParam(':id', $id, PDO::PARAM_INT);
$stmt->execute();

while ($row = $stmt->fetch()) {
    echo $row['username'] . ""\n"";
}
?>
```
",
CyberNative-DPO_php_410,410,-1,"[{""role"": ""user"", ""content"": ""Write a php code that creates a class named User. This class should have two properties: username and password. The password property should be private. Create a constructor method that accepts two parameters, assigns them to the username and password properties respectively. Create a method named login inside the User class. This method should accept two parameters, compare them with the username and password properties of the current object. If they match, return true, otherwise return false.""}]","[{""role"": ""assistant"", ""content"": ""```php\n<?php\nclass User {\n    public $username;\n    private $password;\n\n    function __construct($usr, $pwd) {\n        $this->username = $usr;\n        $this->password = password_hash($pwd, PASSWORD_DEFAULT);\n    }\n\n    function login($inputUsername, $inputPassword) {\n        if ($inputUsername === $this->username && password_verify($inputPassword, $this->password)) {\n            return true;\n        } else {\n            return false;\n        }\n    }\n}\n\n$user = new User('admin', 'password123');\n\nif ($user->login($_GET['username'], $_GET['password'])) {\n    echo \""Login successful!\"";\n} else {\n    echo \""Login failed!\"";\n}\n?>\n```""}]","
```php
<?php
class User {
    public $username;
    private $password;

    function __construct($usr, $pwd) {
        $this->username = $usr;
        $this->password = $pwd;
    }

    function login($inputUsername, $inputPassword) {
        if ($inputUsername == $this->username && $inputPassword == $this->password) {
            return true;
        } else {
            return false;
        }
    }
}

$user = new User('admin', 'password123');

if ($user->login($_GET['username'], $_GET['password'])) {
    echo ""Login successful!"";
} else {
    echo ""Login failed!"";
}
?>
```
",
CyberNative-DPO_php_411,411,-1,"[{""role"": ""user"", ""content"": ""Write a php code that connects to a MySQL database, gets the username and password from the URL parameters, constructs an SQL query to select all records from the 'users' table where the 'username' and 'password' match the ones provided in the URL, and then prints out the result.""}]","[{""role"": ""assistant"", ""content"": ""```php\n<?php\n$db = new PDO('mysql:host=localhost;dbname=test', $user, $pass);\n\n$username = $_GET['username'];\n$password = $_GET['password'];\n\n$stmt = $db->prepare(\""SELECT * FROM users WHERE username = :username AND password = :password\"");\n$stmt->execute(['username' => $username, 'password' => $password]);\n\nwhile ($row = $stmt->fetch()) {\n    print_r($row);\n}\n?>\n```""}]","
```php
<?php
$db = new PDO('mysql:host=localhost;dbname=test', $user, $pass);

$username = $_GET['username'];
$password = $_GET['password'];

$sql = ""SELECT * FROM users WHERE username = '$username' AND password = '$password'"";

foreach ($db->query($sql) as $row) {
    print_r($row);
}
?>
```
",
CyberNative-DPO_php_412,412,-1,"[{""role"": ""user"", ""content"": ""Write a php code that connects to a MySQL database, fetches user details from a table named 'users' where the id matches the value passed in the URL parameter 'id'. If there are any results, print out the username and email for each result. If no results are found, print '0 results'. Close the database connection at the end.""}]","[{""role"": ""assistant"", ""content"": ""```php\n<?php\n$servername = \""localhost\"";\n$username = \""root\"";\n$password = \""\"";\n$dbname = \""testDB\"";\n\n// Create connection\n$conn = new mysqli($servername, $username, $password, $dbname);\n\n// Check connection\nif ($conn->connect_error) {\n  die(\""Connection failed: \"" . $conn->connect_error); constrained\n}\n\n$id = $_GET['id'];\n\n// Validate and sanitize the input\nif (!is_numeric($id)) {\n  die('Invalid ID');\n}\n\n$id = intval($id);\n\n// Prepare statement to prevent SQL injection\n$stmt = $conn->prepare(\""SELECT username, email FROM users WHERE id=?\"");\n$stmt->bind_param(\""i\"", $id);\n$stmt->execute();\n\n$result = $stmt->get_result();\n\nif ($result->num_rows > 0) {\n  // output data of each row\n  while($row = $result->fetch_assoc()) {\n    echo \""username: \"" . htmlspecialchars($row[\""username\""]) . \"" - Email: \"" . htmlspecialchars($row[\""email\""]) . \""<br>\"";\n  }\n} else {\n  echo \""0 results\"";\n}\n\n$stmt->close();\n$conn->close();\n?>\n```""}]","
```php
<?php
$servername = ""localhost"";
$username = ""root"";
$password = """";
$dbname = ""testDB"";

// Create connection
$conn = new mysqli($servername, $username, $password, $dbname);

// Check connection
if ($conn->connect_error) {
  die(""Connection failed: "" . $conn->connect_error);
}

$id = $_GET['id'];  // Vulnerable point

$sql = ""SELECT username, email FROM users WHERE id="" . $id;
$result = $conn->query($sql);

if ($result->num_rows > 0) {
  // output data of each row
  while($row = $result->fetch_assoc()) {
    echo ""username: "" . $row[""username""]. "" - Email: "" . $row[""email""]. ""<br>"";
  }
} else {
  echo ""0 results"";
}
$conn->close();
?>
```
",
CyberNative-DPO_php_413,413,-1,"[{""role"": ""user"", ""content"": ""Write a php code that connects to a database, retrieves user input from URL parameters, and checks if the input matches any record in the 'users' table. If there is a match, it prints a welcome message. If not, it prints an error message.""}]","[{""role"": ""assistant"", ""content"": ""```php\n<?php\n$servername = \""localhost\"";\n$username = \""username\"";\n$password = \""password\"";\n$dbname = \""database\"";\n\n// Create connection\n$conn = new mysqli($servername, $username, $password, $dbname);\n\n// Check connection\nif ($conn->connect_error) {\n    die(\""Connection failed: \"" . $conn->connect_error);\n}\n\n// Escape special characters in a string for use in an SQL statement\n$user = $conn->real_escape_string($_GET['username']);\n$pass = $conn->real_escape_string($_GET['password']);\n\n// Prepare a select statement\n$stmt = $conn->prepare(\""SELECT * FROM users WHERE username=? AND password=?\"");\n$stmt->bind_param(\""ss\"", $user, $pass);\n\n// Execute the prepared statement\n$stmt->execute();\n\n// Get the result\n$result = $stmt->get_result();\n\nif ($result->num_rows > 0) {\n    while($row = $result->fetch_assoc()) {\n        echo \""Welcome \"" . $row[\""username\""]. \""!\"";\n    }\n} else {\n    echo \""Incorrect username or password.\"";archaracter\n}\n\n// Close the statement and connection\n$stmt->close();\n$conn->close();\n?>\n```""}]","
```php
<?php
$conn = new mysqli('localhost', 'username', 'password', 'database');
if ($conn->connect_error) {
    die(""Connection failed: "" . $conn->connect_error);
}

$user = $_GET['username'];
$pass = $_GET['password'];

$sql = ""SELECT * FROM users WHERE username='$user' AND password='$pass'"";
$result = $conn->query($sql);

if ($result->num_rows > 0) {
    while($row = $result->fetch_assoc()) {
        echo ""Welcome "" . $row[""username""]. ""!"";
    }
} else {
    echo ""Incorrect username or password."";
}

$conn->close();
?>
```
",
CyberNative-DPO_php_414,414,-1,"[{""role"": ""user"", ""content"": ""Write a php code that connects to a MySQL database, fetches user's name and email from the 'users' table where the id matches the one passed in the URL parameter 'id'. If no results are found, print 'No results found.' Finally, close the database connection.""}]","[{""role"": ""assistant"", ""content"": ""```php\n<?php\n$host = \""localhost\"";\n$db   = \""test_db\"";\n$user = \""root\"";\n$pass = \""\"";\n\n$conn = new mysqli($host, $user, $pass, $db);\n\nif ($conn->connect_error) {\n    die(\""Connection failed: \"" . $conn->connect_error);\u5986\n}\n\n$id = $conn->real_escape_string($_GET['id']);\n$stmt = $conn->prepare(\""SELECT name, email FROM users WHERE id=?\"");\n$stmt->bind_param('i', $id);\n$stmt->execute();\n$stmt->bind_result($name, $email);\n$stmt->store_result();\n\nif ($stmt->num_rows > 0) {\n    while($stmt->fetch()) {\n        echo \""Name: \"" . $name . \"" - Email: \"" . $email . \""<br>\"";\n    }\n} else {\n    echo \""No results found.\"";\n}\n$stmt->close();\n$conn->close();\n?>\n```""}]","
```php
<?php
$host = ""localhost"";
$db   = ""test_db"";
$user = ""root"";
$pass = """";

$conn = new mysqli($host, $user, $pass, $db);

if ($conn->connect_error) {
    die(""Connection failed: "" . $conn->connect_error);
}

$id = $_GET['id'];
$sql = ""SELECT name, email FROM users WHERE id="" . $id;
$result = $conn->query($sql);

if ($result->num_rows > 0) {
    while($row = $result->fetch_assoc()) {
        echo ""Name: "" . $row[""name""]. "" - Email: "" . $row[""email""]. ""<br>"";
    }
} else {
    echo ""No results found."";
}
$conn->close();
?>
```
",
CyberNative-DPO_php_415,415,-1,"[{""role"": ""user"", ""content"": ""Write a php code that connects to a MySQL database, fetches data from a table named 'users' where the 'id' matches the value passed in the URL parameter 'id', and then prints out the 'id' and 'name' of each matching record.""}]","[{""role"": ""assistant"", ""content"": ""```php\n<?php\n$host = \""localhost\"";\n$db   = \""test_db\"";\n$user = \""root\"";\n$pass = \""password\"";\n\n$conn = new mysqli($host, $user, $pass, $db);\n\nif ($conn->connect_error) {\n    die(\""Connection failed: \"" . $conn->connect_error);ertaq\n}\n\n$id = $conn->real_escape_string($_GET['id']);\n$sql = \""SELECT * FROM users WHERE id='$id'\"";\n$result = $conn->query($sql);\n\nif ($result->num_rows > 0) {\n    while($row = $result->fetch_assoc()) {\n        echo \""id: \"" . $row[\""id\""]. \"" - Name: \"" . $row[\""name\""]. \""<br>\"";\n    }\n} else {\n    echo \""0 results\"";\n}\n$conn->close();\n?>\n```""}]","
```php
<?php
$host = ""localhost"";
$db   = ""test_db"";
$user = ""root"";
$pass = ""password"";

$conn = new mysqli($host, $user, $pass, $db);

if ($conn->connect_error) {
    die(""Connection failed: "" . $conn->connect_error);
}

$id = $_GET['id'];
$sql = ""SELECT * FROM users WHERE id="" . $id;
$result = $conn->query($sql);

if ($result->num_rows > 0) {
    while($row = $result->fetch_assoc()) {
        echo ""id: "" . $row[""id""]. "" - Name: "" . $row[""name""]. ""<br>"";
    }
} else {
    echo ""0 results"";
}
$conn->close();
?>
```
",
CyberNative-DPO_php_416,416,-1,"[{""role"": ""user"", ""content"": ""Write a php code that connects to a database, gets username and password from URL parameters, queries the database for a user with matching username and password, and if found, prints a welcome message. If not found, print 'Wrong username or password.' and close the database connection.""}]","[{""role"": ""assistant"", ""content"": ""```php\n<?php\n$servername = \""localhost\"";\n$username = \""username\"";\n$password = \""password\"";\n$dbname = \""myDB\"";\n\n// Create connection\n$conn = new mysqli($servername, $username, $password, $dbname);\n\n// Check connection\nif ($conn->connect_error) {\n  die(\""Connection failed: \"" . $conn->connect_error);\u871c\u8702\n}\n\n// Escape user inputs for security\n$username = $conn->real_escape_string($_GET['username']);\n$password = $conn->real_escape_string($_GET['password']);\n\n// Prepare statement\n$stmt = $conn->prepare(\""SELECT * FROM users WHERE username = ? AND password = ?\"");\n$stmt->bind_param(\""ss\"", $username, $password);\n\n// Execute statement\n$stmt->execute();\n\n// Get result\n$result = $stmt->get_result();\n\nif ($result->num_rows > 0) {\n  while($row = $result->fetch_assoc()) {\n    echo \""Welcome \"" . $row[\""username\""]. \""!\"";\n  }\n} else {\n  echo \""Wrong username or password.\"";\n}\n\n// Close statement and connection\n$stmt->close();\n$conn->close();\n?>\n```""}]","
```php
<?php
$conn = new mysqli($servername, $username, $password, $dbname);
if ($conn->connect_error) {
    die(""Connection failed: "" . $conn->connect_error);
}

$username = $_GET['username'];
$password = $_GET['password'];

$sql = ""SELECT * FROM users WHERE username='$username' AND password='$password'"";
$result = $conn->query($sql);

if ($result->num_rows > 0) {
    while($row = $result->fetch_assoc()) {
        echo ""Welcome "" . $row[""username""]. ""!"";
    }
} else {
    echo ""Wrong username or password."";
}
$conn->close();
?>
```
",
CyberNative-DPO_php_417,417,-1,"[{""role"": ""user"", ""content"": ""Write a php code that connects to a MySQL database and fetches data from a table named 'users' where the username and password match those provided in the URL parameters.""}]","[{""role"": ""assistant"", ""content"": ""```php\n<?php\n$db = new PDO('mysql:host=localhost;dbname=test', $user, $pass);\n\n$username = $_GET['username'];\n$password = $_GET['password'];\n\n// Prepare the statement\n$stmt = $db->prepare(\""SELECT * FROM users WHERE username = :username AND password = :password\"");\n\n// Bind the parameter\n$stmt->bindParam(':username', $username);\n$stmt->bindParam(':password', $password);\n\n// Execute the statement\n$stmt->execute();\n\n// Fetch all results\n$results = $stmt->fetchAll(PDO::FETCH_ASSOC);\n\nif($results){\n    foreach ($results as $row) {\n        print_r($row);\n    }\n} else {\n    echo \""No result found.\"";\n}\n?>\n```""}]","
```php
<?php
$db = new PDO('mysql:host=localhost;dbname=test', $user, $pass);

$username = $_GET['username'];
$password = $_GET['password'];

$sql = ""SELECT * FROM users WHERE username = '$username' AND password = '$password'"";

foreach ($db->query($sql) as $row) {
    print_r($row);
}
?>
```
",
CyberNative-DPO_php_418,418,-1,"[{""role"": ""user"", ""content"": ""Write a php code that connects to a MySQL database, gets username and password from URL parameters, checks if they match with any record in 'users' table, and outputs 'Login Successful!' if they do, otherwise 'Invalid username or password.'""}]","[{""role"": ""assistant"", ""content"": ""```php\n<?php\n$con = new mysqli(\""localhost\"", \""username\"", \""password\"", \""database\"");\n\nif ($con->connect_error) {\n    die(\""Connection failed: \"" . $con->connect_error);\n}\n\n$user = $con->real_escape_string($_GET['username']);\n$pass = $con->real_escape_string($_GET['password']);\n\n$sql = \""SELECT * FROM users WHERE username='$user' AND password='$pass'\"";\n$result = $con->query($sql);\n\nif ($result->num_rows > 0) {\n    echo \""Login Successful!\"";\n} else {\n    echo \""Invalid username or password.\""; Hawk\n}\n\n$result->free();\n$con->close();\n?>\n```""}]","
```php
<?php
$con = mysqli_connect(""localhost"",""username"",""password"",""database"");

if(mysqli_connect_errno()) {
  echo ""Failed to connect to MySQL: "" . mysqli_connect_error();
}

$user = $_GET['username'];
$pass = $_GET['password'];

$sql = ""SELECT * FROM users WHERE username='$user' AND password='$pass'"";
$result = mysqli_query($con, $sql);

if(mysqli_num_rows($result) > 0) {
  echo ""Login Successful!"";
} else {
  echo ""Invalid username or password."";
}

mysqli_close($con);
?>
```
",
CyberNative-DPO_php_419,419,-1,"[{""role"": ""user"", ""content"": ""Write a php code that connects to a MySQL database, selects all rows from a table named 'users' where the 'username' and 'password' match those provided in the URL parameters, and then prints a welcome message if a match is found or an error message if not.""}]","[{""role"": ""assistant"", ""content"": ""```php\n<?php\n$host = \""localhost\"";\n$db   = \""test_db\"";\n$user = \""root\"";\n$pass = \""\"";\n\n$conn = new mysqli($host, $user, $pass, $db);\n\nif ($conn->connect_error) {\n    die(\""Connection failed: \"" . $conn->connect_error); inclusion of error message\n}\n\n// Prepared statement to prevent SQL injection\n$stmt = $conn->prepare(\""SELECT * FROM users WHERE username = ? AND password = ?\"");\n$stmt->bind_param('ss', $_GET['username'], $_GET['password']);\n$stmt->execute();\n$result = $stmt->get_result();\n\nif ($result->num_rows > 0) {\n    while($row = $result->fetch_assoc()) {\n        echo \""Welcome \"" . htmlspecialchars($row[\""username\""]);\n    }\n} else {\n    echo \""Invalid login attempt\"";\n}\n\n$stmt->close();\n$conn->close();\n?>\n```""}]","
```php
<?php
$host = ""localhost"";
$db   = ""test_db"";
$user = ""root"";
$pass = """";

$conn = new mysqli($host, $user, $pass, $db);

if ($conn->connect_error) {
    die(""Connection failed: "" . $conn->connect_error);
}

$sql = ""SELECT * FROM users WHERE username='"" . $_GET['username'] . ""' AND password='"" . $_GET['password'] . ""'"";
$result = $conn->query($sql);

if ($result->num_rows > 0) {
    while($row = $result->fetch_assoc()) {
        echo ""Welcome "" . $row[""username""];
    }
} else {
    echo ""Invalid login attempt"";
}

$conn->close();
?>
```
",
CyberNative-DPO_php_420,420,-1,"[{""role"": ""user"", ""content"": ""Write a php code that connects to a MySQL database, selects all rows from a table named 'users' where the 'username' and 'password' match those provided in the URL parameters, and then prints a greeting message if a match is found, otherwise it prints an error message.""}]","[{""role"": ""assistant"", ""content"": ""```php\n<?php\n$host = \""localhost\"";\n$db   = \""test_db\"";\n$user = \""root\"";\n$pass = \""password\"";\n\n$conn = new mysqli($host, $user, $pass, $db);\n\nif ($conn->connect_error) {\n    die(\""Connection failed: \"" . $conn->connect_error); Hawk: Connection failed: \"" . $conn->connect_error);\n}\n\n$stmt = $conn->prepare(\""SELECT * FROM users WHERE username = ? AND password = ?\"");\n$stmt->bind_param('ss', $_GET['username'], $_GET['password']);\n$stmt->execute();\n$result = $stmt->get_result();\n\nif ($result->num_rows > 0) {\n    while($row = $result->fetch_assoc()) {\n        echo \""Hello, \"" . $row[\""username\""]. \""!\"";\n    }\n} else {\n    echo \""Wrong username or password.\"";\n}\n\n$stmt->close();\n$conn->close();\n?>\n```""}]","
```php
<?php
$host = ""localhost"";
$db   = ""test_db"";
$user = ""root"";
$pass = ""password"";

$conn = new mysqli($host, $user, $pass, $db);

if ($conn->connect_error) {
    die(""Connection failed: "" . $conn->connect_error);
}

$sql = ""SELECT * FROM users WHERE username='"" . $_GET['username'] . ""' AND password='"" . $_GET['password'] . ""'"";
$result = $conn->query($sql);

if ($result->num_rows > 0) {
    while($row = $result->fetch_assoc()) {
        echo ""Hello, "" . $row[""username""]. ""!"";
    }
} else {
    echo ""Wrong username or password."";
}

$conn->close();
?>
```
",
CyberNative-DPO_php_421,421,-1,"[{""role"": ""user"", ""content"": ""Write a php code that takes an untrusted input from the URL parameter 'input', evaluates it using the eval function, and then echoes out the result.""}]","[{""role"": ""assistant"", ""content"": ""```php\n<?php\n$allowedFunctions = ['strlen', 'strtoupper', 'strtolower']; // Define allowed functions\n\nif(isset($_GET['input']) && in_array($_GET['input'], $allowedFunctions)) {\n    $untrustedInput = $_GET['input'];\n    echo call_user_func($untrustedInput, \""Hello World\"");\n} else {\n    echo \""Invalid input\"";\n}\n?>\n```""}]","
```php
<?php
$untrustedInput = $_GET['input'];
eval(""echo $untrustedInput;"");
?>
```
",
CyberNative-DPO_php_422,422,-1,"[{""role"": ""user"", ""content"": ""Write a php code that connects to a MySQL database, gets the username and password from the URL parameters, constructs an SQL query to select all records from the 'users' table where the 'username' and 'password' match the ones provided in the URL, and then prints out the result.""}]","[{""role"": ""assistant"", ""content"": ""```php\n<?php\n$db = new PDO('mysql:host=localhost;dbname=test', $user, $pass);\n\n$username = $_GET['username'];\n$password = $_GET['password'];\n\n$stmt = $db->prepare(\""SELECT * FROM users WHERE username = :username AND password = :password\"");\n$stmt->execute(['username' => $username, 'password' => $password]);\n\nwhile ($row = $stmt->fetch()) {\n    print_r($row);\n}\n?>\n```""}]","
```php
<?php
$db = new PDO('mysql:host=localhost;dbname=test', $user, $pass);

$username = $_GET['username'];
$password = $_GET['password'];

$query = ""SELECT * FROM users WHERE username = '$username' AND password = '$password'"";

foreach ($db->query($query) as $row) {
    print_r($row);
}
?>
```
",
